index,id,SMILES,FFV,SMILES_Length,Stars,Carbons,Oxygens,Nitrogens,Equals,split
2800,761786133,*Oc1ccc(S(=O)(=O)c2ccc(Oc3ccc(S(=O)(=O)c4ccc(-c5ccc(S(=O)(=O)c6ccc(*)cc6)cc5)cc4)cc3)cc2)cc1,0.3714925,92,2,36,8,0,6,train
7684,2072168111,*Nc1ccc(-c2ccc(N*)c([C@H]3C[C@H](C)CC[C@H]3C(C)C)c2[C@@H]2C[C@@H](C)CC[C@@H]2C(C)C)cc1,0.3809251,86,2,32,0,2,0,train
7779,2098169121,*Oc1ccc(-c2ccc(Oc3ccc(C(=Nc4ccc(N=C(c5ccccc5)c5ccc(*)cc5)cc4)c4ccccc4)cc3)cc2)cc1,0.37996197,81,2,44,2,2,2,train
3444,943239154,*Oc1cccc(NC(=O)CCCCCCC(=O)Nc2ccc(*)cc2)c1,0.34067938,41,2,20,3,2,2,train
4618,1245611127,*CC(O*)c1ccccc1,0.36793308,15,2,8,1,0,0,train
3638,988391543,*Nc1c(C)c(Cc2ccccc2)c(Cc2ccccc2)c(C(Cc2ccccc2)Cc2ccccc2)c1N*,0.36124078,60,2,36,0,2,0,train
4252,1149199303,*CC(*)(C)C(=O)OCC=C,0.34181464,19,2,7,2,0,2,train
3914,1059454282,*C(Cl)=C(*)CCCCCCCC,0.40192369,19,2,10,0,0,1,train
3855,1046009311,*C(C)=C(*)SCC,0.42702088,13,2,5,0,0,1,train
1358,367735151,*C(=O)Oc1ccc(OC(=O)c2ccc3c(c2)C(=O)N(c2ccc(Oc4ccc(Oc5ccc(N6C(=O)c7ccc(*)cc7C6=O)cc5)cc4)cc2)C3=O)cc1,0.35220439,100,2,42,10,2,6,train
2459,671093250,*c1ccc(Oc2ccc(C(C)(c3ccccc3)c3ccc(Oc4ccc(-c5nc(-c6ccccn6)nnc5*)cc4)cc3)cc2)cc1,0.39778842,78,2,40,2,4,0,train
1477,396309311,*C(=O)Nc1c(C)cc(Cc2cc(C)c(NC(=O)c3ccc4c(c3)C(=O)N(c3ccc(N=Nc5ccc([N+](=O)[O-])cc5)c(N5C(=O)c6ccc(*)cc6C5=O)c3)C4=O)c(C)c2)cc1C,0.37558403,126,2,47,8,7,8,train
2910,791644318,*C(=O)Oc1ccc(OCCCCCCCCCCCCOc2ccc(OC(=O)c3ccc4c(c3)C(=O)N(c3ccc(S(=O)(=O)c5ccc(N6C(=O)c7ccc(*)cc7C6=O)cc5)cc3)C4=O)cc2)cc1,0.35374697,121,2,54,12,2,8,train
7442,2010970125,*NCC(C)(C)N*,0.32677864,12,2,4,0,2,0,train
2838,771410628,*C(=O)OCC(COc1ccc(N=Nc2ccc(C#N)cc2)cc1)OC(=O)c1ncccc1*,0.3600163,54,2,23,5,4,3,train
3677,996351908,*C(=O)c1ccc2c(c1)C(=O)N(c1ccc(-c3cc(C(C)(C)C)c(Oc4ccc(N5C(=O)c6ccc(*)cc6C5=O)cc4)c(C(C)(C)C)c3)cc1)C2=O,0.41502916,103,2,43,6,2,5,train
2249,610301577,*CCOCCOCCOC(=O)CCCCCC(=O)O*,0.33929278,27,2,13,6,0,2,train
148,45108843,*O[Si](C)(CCC(F)(F)F)CCC(F)(F)C(F)(F)C(F)(F)C(F)(F)C(F)(F)C(F)(F)C(F)(F)C(F)(F)C(F)(F)C(F)(F)CC[Si](*)(C)CCC(F)(F)F,0.36246435,115,2,22,1,0,0,train
5881,1594981326,*CC(=O)Nc1ccc(Oc2c(F)c(F)c(Oc3ccc(NC(=O)c4ccc5c(c4)C(=O)N(*)C5=O)cc3)c(F)c2F)cc1,0.33657991,80,2,29,6,3,4,train
2220,602240929,*c1cccc(-c2cc(C(=O)Nc3ccc(OC(=O)c4cc(OCCCCCCCCCCCC)c(OCCCCCCCCCCCC)c(OCCCCCCCCCCCC)c4)cc3)cc(-c3cccc(N4C(=O)c5ccc(S(=O)(=O)c6ccc7c(c6)C(=O)N(*)C7=O)cc5C4=O)c3)c2)c1,0.3719363,164,2,84,12,3,8,train
914,254408923,*c1cccc(OCCCCCCCCCCOc2cccc(N3C(=O)c4ccc(-c5cccc6c5C(=O)N(*)C6=O)cc4C3=O)c2)c1,0.35408719,77,2,38,6,2,4,train
4472,1204736801,*N=Nc1ccc(Nc2ccc(C(=O)c3ccc(C(=O)c4ccc(Nc5ccc(*)cc5)cc4)cc3)cc2)cc1,0.38946168,67,2,32,2,4,3,train
4553,1225989211,*CCCC(=O)Nc1ccc(Oc2ccc(NC(=O)CCCN3C(=O)c4ccc(C(=O)c5ccc6c(c5)C(=O)N(*)C6=O)cc4C3=O)cc2)cc1,0.33327208,90,2,37,8,4,7,train
1231,329844440,*C(=O)c1ccc2c(c1)C(=O)N(c1ccc(C)c(N3C(=O)c4ccc(*)cc4C3=O)c1)C2=O,0.38825862,64,2,24,5,2,5,train
4874,1320607876,*Oc1ccc(C2(c3ccc(OC(=O)CCCC(*)=O)cc3)c3ccccc3-c3ccccc32)cc1,0.36266451,59,2,30,4,0,2,train
7496,2025809998,*OC(Cc1ccccc1)C(*)=O,0.35974569,20,2,9,2,0,1,train
2962,805227128,*CC(*)(C)C(=O)OCCCCCCCCCCOc1ccc2cc(C(=O)Oc3ccccc3)ccc2c1,0.35687756,56,2,31,5,0,2,train
1186,317794773,*Oc1ccc(CC(NC(=O)CCc2ccc(OC(=O)CCC(*)=O)cc2)C(=O)OCC(C)C)cc1,0.34144884,60,2,26,7,1,4,train
4680,1260477255,*CCCCCCNC(=O)c1c(Cl)c(Cl)c(C(=O)N*)c(Cl)c1Cl,0.35512749,44,2,14,2,2,2,train
524,146156380,*Oc1ccc(C(=O)c2ccc(Oc3ccc(C(=O)c4ccc(Oc5ccc(Cc6ccc(*)cc6)cc5)cc4)cc3)cc2)cc1,0.37347921,76,2,39,5,0,2,train
2141,579082920,*Oc1ccc(N=CC=Nc2ccc(OC(=O)Nc3cc(NC(*)=O)ccc3C)cc2)cc1,0.35139659,53,2,23,4,4,4,train
7338,1981457097,*Oc1cccc(Oc2ccc(C(=O)c3ccc(NC(=O)c4cccc(C(=O)Nc5ccc(C(=O)c6ccc(*)cc6)cc5)c4)cc3)cc2)c1,0.35415935,86,2,40,6,2,4,train
5343,1451767844,*SC(C)C(*)=O,0.38098783,12,2,3,1,0,1,train
5685,1542525425,*c1ccc(Oc2ccc(N3C(=O)c4ccc(Oc5ccc(-c6ccc(Oc7ccc8c(c7)C(=O)N(*)C8=O)cc6)cc5)cc4C3=O)cc2)cc1,0.36540863,90,2,40,7,2,4,train
4533,1220722345,*CC(*)OC(=O)c1ccccc1OC,0.33690183,22,2,10,3,0,1,train
7634,2062460228,*OC(C)CCOC(=O)C(CCCCCCOc1ccc(N=Cc2ccc([N+](=O)[O-])cc2)cc1)C(*)=O,0.3535486,65,2,26,7,2,4,train
7954,2143661007,*c1cccc(P(=O)(c2ccccc2)c2cccc(N3C(=O)c4ccc(Oc5ccc6c(c5)C(=O)N(*)C6=O)cc4C3=O)c2)c1,0.38226791,82,2,34,6,2,5,train
7381,1995309810,*NNC(=O)c1ccccc1C(=O)Nc1cccc(C=C2CCC(=Cc3cccc(NC(=O)c4ccccc4C(*)=O)c3)C2=O)c1,0.3556635,77,2,35,5,4,7,train
250,71861682,*C(=O)c1ccc2c(c1)C(=O)N(c1ccc(Cc3ccc(C(=O)c4cccc(N5C(=O)c6ccc(*)cc6C5=O)c4)cc3)cc1)C2=O,0.36767673,87,2,37,6,2,6,train
6148,1669324306,*CC(*)c1ccc(C(O)CCN2CCOCC2)cc1,0.35614962,30,2,15,2,1,0,train
5863,1589532910,*C=CC1CC(*)C(C(=O)OC)C1C(=O)OC,0.35233888,30,2,11,4,0,3,train
4466,1203599832,*CCCCCC(=O)Oc1ccc(C(C)(C)c2ccc(OC(=O)c3ccc4c(c3)C(=O)N(*)C4=O)cc2)cc1,0.34816577,69,2,30,6,1,4,train
4012,1085397410,*C(=O)c1ccc2c(c1)C(=O)N(c1ccc(OCCOc3ccc(N4C(=O)c5ccc(*)cc5C4=O)cc3)cc1)C2=O,0.35082943,75,2,31,7,2,5,train
1765,475921569,*CC(*)c1c([2H])c([2H])c([2H])c([2H])c1[2H],0.39369072,42,2,8,0,0,0,train
6349,1720647838,*CC1CC2CC1C1CCC(CN3C(=O)c4ccc(C(c5ccc6c(c5)C(=O)N(*)C6=O)(C(F)(F)F)C(F)(F)F)cc4C3=O)C21,0.36864374,87,2,31,4,2,4,train
1419,381746717,*CCOCCOCCOCCOCCOC(=O)CCSCCC(=O)O*,0.34968925,33,2,16,8,0,2,train
4785,1294053022,*C1C2CCC(C2)C1*,0.39273913,15,2,7,0,0,0,train
1147,308535213,*CC=CN(C=CCC1CC(=O)N(c2ccc(Cc3ccc(N4C(=O)CC(*)C4=O)cc3)cc2)C1=O)c1ccc(N=Nc2ccc([N+](=O)[O-])cc2)cc1,0.36429958,99,2,39,6,6,8,train
1371,369827633,*c1cccc(OCCCOc2cccc(N3C(=O)c4ccc(-c5ccc6c(c5)C(=O)N(*)C6=O)cc4C3=O)c2)c1,0.34661118,72,2,31,6,2,4,train
645,180321996,*CCCCCCCCCC[N+](*)(C)C,0.76931541,22,2,12,0,1,0,train
3103,841576889,*C(=O)c1ccc2c(c1)C(=O)N(c1cccc(P(=O)(c3ccc(Oc4ccc(C56CC7CC(CC(C7)C5)C6)cc4)cc3)c3cccc(N4C(=O)c5ccc(*)cc5C4=O)c3)c1)C2=O,0.38634637,119,2,51,7,2,6,train
1511,404981014,*C/C=C/COC(=O)CCCCCCCCC(=O)O*,0.35391939,29,2,14,4,0,3,train
1918,516007514,*c1ccc(Oc2ccc(-c3nc4cc(Oc5ccc(NC(=O)CN6C(=O)c7ccc(C(c8ccc9c(c8)C(=O)N(CC(=O)Nc8ccc(Oc%10ccc%11nc(-c%12ccccc%12)c(*)nc%11c%10)cc8)C9=O)(C(F)(F)F)C(F)(F)F)cc7C6=O)cc5)ccc4nc3-c3ccccc3)cc2)cc1,0.37474439,189,2,75,9,8,6,train
490,136535007,*Nc1ccc2c(c1N*)[C@H]1c3ccccc3[C@@H]2c2ccccc21,0.37638503,45,2,20,0,2,0,train
1338,361271652,*N[C@@H]1C=c2c([nH]c(=O)n2N*)=C1N,0.31105409,33,2,6,1,5,3,train
7484,2022011396,*Oc1ccc(Oc2ccc(Nc3ccc(S(=O)(=O)c4ccc(Nc5ccc(*)cc5)cc4)cc3)cc2)cc1,0.39625118,65,2,30,4,2,2,train
6449,1750548820,*CC1(*)OCC(c2ccccc2)O1,0.35076731,22,2,10,2,0,0,train
4482,1206915036,*c1ccc2c(c1)C(=O)N(c1ccc(-c3ccc(Oc4ccc5c(c4)C(C)(c4ccc(Oc6ccc(-c7ccc(N8C(=O)c9ccc(C(*)(C(F)(F)F)C(F)(F)F)cc9C8=O)cc7)cc6C(F)(F)F)cc4)CC5(C)C)c(C(F)(F)F)c3)cc1)C2=O,0.38854581,163,2,63,6,2,4,train
2195,594735990,*CC(*)C(=O)OCCCCCCCCn1c2ccccc2c2ccccc21,0.36038485,39,2,22,2,0,1,train
594,165170378,*CC(*)Cc1ccc(C)cc1,0.3852781,18,2,10,0,0,0,train
4421,1190678672,*CC(*)c1ccc([Si](C)(C)C)cc1,0.43524245,27,2,11,0,0,0,train
3072,834450099,*C(=O)Nc1cc(NC(=O)c2cncc(*)c2)cc(-c2nnc(-c3ccccn3)o2)c1,0.36789463,55,2,20,3,6,2,train
6538,1778794604,*CC#CC(C#CCOC(=O)CCCCCCCCC(=O)O*)=Cc1ccc(C#Cc2ccc(C=C(C#Cc3ccccc3)C#Cc3ccccc3)cc2)cc1,0.397984,85,2,50,4,0,4,train
5088,1381195647,*c1ccc(NC2CC(=O)N(c3ccc(Cc4ccc(N5C(=O)CC(Nc6ccc(-c7nc(-c8ccc(C=Cc9ccc([N+](=O)[O-])cc9)cc8)[nH]c7*)cc6)C5=O)cc4)cc3)C2=O)cc1,0.37470794,124,2,50,6,7,6,train
3040,823244753,*Nc1nc(N*)c(N)nc1N,0.31946255,18,2,4,0,6,0,train
42,11301237,*c1ccc(Oc2ccc(-c3nc4ccc(Oc5ccc(N6C(=O)c7ccc(C(c8ccc9c(c8)C(=O)N(c8ccc(Oc%10ccc%11nc(*)c(-c%12ccccc%12)nc%11c%10)cc8)C9=O)(C(F)(F)F)C(F)(F)F)cc7C6=O)cc5)cc4nc3-c3ccccc3)cc2)cc1,0.40256926,175,2,71,7,6,4,train
203,59967073,*Nc1cccc(NC(=O)CCCCC(*)=O)c1,0.32263599,28,2,12,2,2,2,train
6056,1641679741,*Oc1cccc(OC(=O)c2ccc(Oc3ccc(C(*)=O)cc3)cc2)c1,0.34914542,45,2,20,5,0,2,train
4409,1187123244,*C/C=C\COC(=O)NCCCCCCNC(=O)O*,0.32961119,29,2,12,4,2,3,train
3536,967548475,*Nc1ccc(-c2cc(C/C=C/c3ccccc3)c(N*)c(C/C=C/c3ccccc3)c2-c2ccccc2)cc1,0.36169428,66,2,36,0,2,2,train
4181,1131929043,*Nc1ccc(C(=CC=C)c2ccc(N*)cc2)cc1,0.35869466,32,2,16,0,2,2,train
2847,774116157,*c1ccc(-c2ccc3c(c2)C(CCCCCCBr)(CCCCCCBr)c2cc(*)ccc2-3)cc1,0.41425239,57,2,31,0,0,0,train
7809,2103648490,*Nc1ccc2c(-c3ccccc3)c3ccccc3c(-c3ccccc3)c2c1N*,0.35655362,46,2,26,0,2,0,train
523,145920765,*Nc1ccc(-c2ccccc2)cc1-c1cc(-c2ccccc2)ccc1N*,0.34380582,43,2,24,0,2,0,train
3110,843575922,*CCOCCOCCOc1ccc(NC(=O)c2cccc(C(=O)Nc3ccc(O*)cc3)c2)cc1,0.34013313,54,2,26,6,2,2,train
5773,1566134688,*Oc1cc(C(C)(C)C)c(Oc2ccc(C(=O)c3ccc(*)cc3)cc2)cc1C(C)(C)C,0.40798893,57,2,27,3,0,1,train
1246,334621145,*CCCCOC(=O)CCSCCCCCCSCCC(=O)O*,0.37393849,30,2,16,4,0,2,train
7112,1920455411,*c1ccc(OCCN(CC)c2ccc(-c3ccc(C(=C(C#N)C#N)c4ccc(N(CC)CC)cc4)s3)cc2)c(-c2cc(-c3ccccc3)c3cc(Oc4ccc5nc(*)cc(-c6ccccc6)c5c4)ccc3n2)c1,0.40104761,128,2,64,2,6,1,train
5683,1541871733,*Nc1ccc(/C=C/c2ccc(N*)c(-c3ccc4ccccc4c3)c2-c2ccc3ccccc3c2)c(-c2ccc3ccccc3c2)c1-c1ccc2ccccc2c1,0.37000522,93,2,54,0,2,1,train
1385,372715194,*CC(*)OC(=O)c1ccc(OC(=O)CCC)cc1,0.34765241,31,2,13,4,0,2,train
112,31841016,*CC(*)(C)C(=O)OCCOC(=O)c1cc([N+](=O)[O-])cc([N+](=O)[O-])c1,0.41138901,59,2,13,8,2,4,train
5350,1453450335,*Oc1cccc(Oc2cccc(NC(=O)c3cc(Oc4ccc(C(=O)O)c(C(=O)Nc5cccc(*)c5)c4)ccc3C(=O)O)c2)c1C#N,0.33531487,84,2,35,9,3,4,train
5970,1619167656,*Oc1ccc(S(=O)(=O)c2ccc(Oc3ccc(P(=O)(c4ccccc4)c4ccc(*)cc4)cc3)cc2)cc1,0.38096649,68,2,30,5,0,3,train
1854,502239610,*Nc1ccc2cccc3c2c1C=C(CC=C)[C@@H]3N*,0.33480182,35,2,16,0,2,2,train
6342,1718822131,*C=CC1CC(*)C2C(=O)N(c3cccc(Br)c3)C(=O)C12,0.39327609,41,2,15,2,1,3,train
606,169123787,*Nc1c(C)cc(C2(c3cc(C(C)C)c(N*)c(C(C)C)c3)c3ccccc3-c3ccccc32)cc1C,0.40404304,64,2,33,0,2,0,train
3349,916566560,*Nc1ccc([C@]2(C)CC(C)(C)c3cccc(N*)c32)cc1,0.36101129,41,2,18,0,2,0,train
7912,2130816588,*OC(=O)c1ccc(C(=O)OC2COC3C(*)COC23)o1,0.35695181,37,2,12,7,0,2,train
6820,1849868582,*CC(C)(CC)COC(=O)CCCCCCCCC(=O)O*,0.35879786,32,2,16,4,0,2,train
3721,1011779904,*CC(CC(Cl)(Cl)Cl)O*,0.37859237,19,2,4,1,0,0,train
2236,605814238,*Oc1ccc(CC(NC(=O)CCc2ccc(OC(=O)CCCCC(*)=O)cc2)C(=O)OCC)cc1,0.33942304,58,2,26,7,1,4,train
1629,439339917,*NCC1C2CCC(C2)C1CN*,0.32950873,19,2,9,0,2,0,train
4577,1236281959,*c1ccc(C(C)(C)c2ccc(N3C(=O)c4ccc(Oc5ccc6c(c5)C(=O)N(*)C6=O)cc4C3=O)cc2)cc1,0.38484293,74,2,31,5,2,4,train
2720,739659224,*CCC(C)C(*)(C)C(=O)OC,0.35037365,21,2,8,2,0,1,train
56,13630833,*c1ccc2c(c1)C(=O)N(c1c(C)cc(Cc3cc(C)c(N4C(=O)c5ccc(C(*)(C(F)(F)F)C(F)(F)F)cc5C4=O)c(C(C)C)c3)cc1C(C)C)C2=O,0.42131241,106,2,40,4,2,4,train
267,75466481,*Nc1c(N*)c2cccc3ccc4cccc1c4c32,0.34202194,30,2,16,0,2,0,train
3213,874837683,*Oc1ccc(S(=O)(=O)c2ccc(OC(=O)c3cc(CCCCC)cc(C(*)=O)c3)cc2)cc1,0.36567786,60,2,25,6,0,4,train
527,146716935,*Nc1ccc([C@@H](Cc2ccccc2)c2cccc(N*)c2)cc1,0.348692,41,2,20,0,2,0,train
1815,489823970,*c1cccc(N2C(=O)c3ccc(Oc4c(C)cc(Cc5cc(C)c(Oc6ccc7c(c6)C(=O)N(*)C7=O)c(C)c5)cc4C)cc3C2=O)c1,0.39109264,89,2,39,6,2,4,train
4301,1158703899,*CCOCCOCCN1C(=O)c2ccc(C(=O)Oc3ccc(C(C)(C)c4ccc(OC(=O)c5ccc6c(c5)C(=O)N(*)C6=O)cc4)cc3)cc2C1=O,0.34462113,93,2,39,10,2,6,train
6761,1834775911,*Nc1ccc2c(c1)[C@@H]1c3ccccc3[C@H]2c2cc(N*)ccc21,0.38083739,47,2,20,0,2,0,train
4597,1240400626,*C(=O)Oc1ccc(OCCCCCCCCCCCCOc2ccc(OC(=O)c3ccc4c(c3)C(=O)N(c3ccc(Cc5ccc(N6C(=O)c7ccc(*)cc7C6=O)cc5)cc3)C4=O)cc2)cc1,0.35267151,113,2,55,10,2,6,train
4135,1117693803,*Nc1ccc(-c2ccc(NC(=O)c3cccc(C(*)=O)c3)c(OC)c2)cc1OC,0.34285391,51,2,22,4,2,2,train
1171,313933456,*c1ccc(Oc2cccc(Oc3ccc(N4C(=O)c5cccc(Oc6ccc(S(=O)(=O)c7ccc(Oc8cccc9c8C(=O)N(*)C9=O)cc7)cc6)c5C4=O)cc3)c2)cc1,0.36100204,107,2,46,10,2,6,train
2988,812270433,*Oc1ccc(-c2ccc(NC(=O)c3cc(C(=O)Nc4ccc(-c5ccc(Oc6ccc(C(C)(C)c7ccc(*)cc7)cc6)c(C(F)(F)F)c5)cc4)cc(C(C)(C)C)c3)cc2)cc1C(F)(F)F,0.37653866,123,2,53,4,2,2,train
6865,1861488768,*Oc1ccc(CC(NC(=O)CCc2ccc(OC(=O)COCCOCC(*)=O)cc2)C(=O)OC(C)CC)cc1,0.3394136,64,2,28,9,1,4,train
1122,299922696,*c1ccc(Oc2ccc(C(=O)c3ccc(C(=O)c4ccc(Oc5ccc(-c6nc(-c7ccccc7)[nH]c6*)cc5)cc4)cc3)cc2)cc1,0.38697246,86,2,41,4,2,2,train
1339,361586466,*CCSSSSCCO*,0.45802948,11,2,4,1,0,0,train
5128,1390426236,*CC(*)c1cccc(OC(C)=O)c1,0.34951316,23,2,10,2,0,1,train
3627,985031681,*C(=O)OCCCCCCCCCCCCOC(=O)c1ccc2c(c1)C(=O)N(c1ccc(Oc3ccc(N4C(=O)c5ccc(*)cc5C4=O)cc3)cc1)C2=O,0.35686622,91,2,42,9,2,6,train
4003,1083086006,*CCCCOc1ccc(OC(=O)c2ccc(C(=O)Oc3ccc(O*)cc3)c(C(=O)OCC=C)c2)cc1,0.34241314,62,2,28,8,0,4,train
5745,1560341376,*CCN(*)C(=O)c1cccc(F)c1F,0.34608851,24,2,9,1,1,1,train
1570,422376704,*Oc1ccc(P(=O)(c2ccccc2)c2ccc(Oc3ccc(C(c4ccc(*)cc4)(C(F)(F)F)C(F)(F)F)cc3)cc2)cc1,0.38335836,80,2,33,3,0,1,train
1695,456414718,*c1ccc2c(c1)C(CCCCCC)(CCCCCC)c1cc(-c3ccc4c(c3)C3(CCC(C5=NC(c6ccccc6)CO5)(C5=NC(c6ccccc6)CO5)CC3)c3cc(*)ccc3-4)ccc1-2,0.40565042,116,2,61,2,2,2,train
3613,982641733,*CCOc1ccc(C(=O)OC(=O)c2ccc(O*)cc2)cc1,0.33048829,37,2,16,5,0,2,train
3233,881250244,*c1ccc(-c2nc3cc(-c4ccc5nc(-c6ccccc6)c(-c6ccc(N7C(=O)C8OC9C(=O)N(*)C(=O)C9C8C7=O)cc6)nc5c4)ccc3nc2-c2ccccc2)cc1,0.4262251,110,2,48,5,6,4,train
554,153052486,*c1ccc(Oc2ccc(-c3ccc(Oc4ccc(-c5nc(*)nc(-c6ccccc6)n5)cc4)cc3)cc2)cc1,0.40426914,67,2,33,2,3,0,train
482,134240821,*c1ccc(-c2ccc3c(c2)C(CCCCCCCC)(CCCCCCCC)c2cc(-c4ccc(N(*)c5ccc(N(c6ccc(C(C)(C)c7ccccc7)cc6)c6ccc(C(C)(C)c7ccccc7)cc6)cc5)cc4)ccc2-3)cc1,0.42294334,134,2,77,0,2,0,train
6675,1810979250,*C=Cc1cc(OC)c(C=Cc2ccc(C=C(Oc3ccccc3)c3ccc(C(=Cc4ccc(*)cc4)c4ccc(Oc5ccccc5)cc4)cc3)cc2)cc1OC,0.37691892,92,2,52,4,0,4,train
2136,577459185,*Nc1ccc(-c2ccc(N*)cc2-c2ccccc2CC=C)cc1,0.3491245,38,2,21,0,2,1,train
281,80883741,*NC(C#N)=C(C#N)NC(=O)c1ccc(C(*)=O)cc1,0.34231811,37,2,12,2,4,3,train
7804,2103389743,*CC(*)(C)C(=O)OCCCCCCCCCCCCOc1ccc2cc(C(=O)Oc3ccccc3)ccc2c1,0.35950718,58,2,33,5,0,2,train
6879,1864288375,*Nc1ccc(Br)cc1-c1ccc(NC(=O)c2cccc(C(*)=O)c2)cc1,0.36146384,47,2,20,2,2,2,train
7120,1922733245,*OS(=O)(=O)c1cc(C)c(*)c(C)c1,0.36970865,28,2,8,3,0,2,train
2445,668141599,*Oc1ccc(OC(=O)Oc2ccc(C(*)=O)cc2)cc1,0.33148318,35,2,14,5,0,2,train
605,168537867,*c1ccc(C=Nc2cccc(N=Cc3ccc(-c4ccc(*)s4)cc3)c2)cc1,0.39327219,48,2,24,0,2,2,train
974,266415058,*CC(*)OC(=O)C(F)(F)C(F)(F)C(F)(F)C(F)(F)F,0.32424675,41,2,7,2,0,1,train
1855,502600207,*N[C@H]1CC[C@H](C[C@H]2CC[C@H](N*)CC2)CC1,0.3557302,41,2,13,0,2,0,train
1057,288191338,*c1cccc(P(C)(=O)c2cccc(N3C(=O)c4ccc(NC(=O)OCCOc5ccc(C(C)(C)c6ccc(OCCOC(=O)Nc7ccc8c(c7)C(=O)N(*)C8=O)cc6)cc5)cc4C3=O)c2)c1,0.34522255,121,2,50,11,4,7,train
3521,962326024,*C=Cc1ccc2c(c1)C(CC(CC)CCCC)(CC(CC)CCCC)c1cc(*)ccc1-2,0.40667606,53,2,31,0,0,1,train
5224,1417800703,*Oc1cccc(N(c2ccccc2)c2ccc(-c3ccc(N(c4ccc(N=Nc5ccc([N+](=O)[O-])cc5)cc4)c4cccc(OC(=O)OCCOCCOC(*)=O)c4)cc3)cc2)c1,0.37231044,111,2,48,9,5,4,train
458,127883611,*Nc1cc2c(cc1N*)C(CC)(CC)CC2(C)C,0.36408964,31,2,15,0,2,0,train
2570,698053626,*CC(*)(C)C(=O)OCC(F)(F)C(F)(F)C(F)(F)C(F)(F)C(F)(F)C(F)F,0.32595019,56,2,11,2,0,1,train
7237,1954861096,*Oc1ccc(C(C)(C)c2ccc(OC(=O)CN(CC(*)=O)c3ccc(N=Nc4ccc([N+](=O)[O-])cc4)cc3)cc2)cc1,0.36235076,81,2,31,6,4,4,train
5777,1568651103,*CC(*)c1ccc(CCCCCCCCCC)cc1,0.40394942,26,2,18,0,0,0,train
5599,1516837155,*CCCCCCN(CC(F)(F)C(F)(F)F)C(=O)C(F)(F)C(F)(F)C(F)(F)C(=O)N(*)CC(F)(F)C(F)(F)F,0.33260446,77,2,17,2,2,2,train
3836,1040974624,*c1cccc(-c2nc3cc4nc(-c5ccccc5)c(*)nc4cc3nc2-c2ccccc2)c1,0.45725149,55,2,28,0,4,0,train
3979,1077715415,*C=Cc1cc(OCCCCCC)c(*)cc1OC,0.38047762,26,2,15,2,0,1,train
263,75135470,*CC(*)(C)C(=O)OCCCCCCOc1ccc(C(=O)Oc2ccc(N=Nc3ccc(C#N)cc3)c3ccccc23)cc1,0.35826873,70,2,34,5,3,3,train
2369,644505079,*Oc1ccc(S(=O)c2ccc(Oc3ccc(C(C)(C)c4ccc(*)cc4)cc3)cc2)cc1,0.37231355,56,2,27,3,0,1,train
273,76724169,*CCCC=C(*)c1ccc(OC)cc1,0.37755684,22,2,12,1,0,1,train
512,142224028,*c1ccc(C(c2ccc(N3C(=O)c4cc(-c5ccc(C(C)(C)C)cc5)c(-c5cc6c(cc5-c5ccc(C(C)(C)C)cc5)C(=O)N(*)C6=O)cc4C3=O)cc2)(C(F)(F)F)C(F)(F)F)cc1,0.41914206,128,2,51,4,2,4,train
4342,1169871864,*CC(*)c1ccccc1C(=O)O,0.32924433,20,2,9,2,0,1,train
6689,1814521184,*CC(*)(C)C(=O)OCCO[N+](=O)[O-],0.49559463,30,2,6,5,1,2,train
4897,1327742614,*Oc1ccc(S(=O)(=O)c2ccc(OC(=O)c3ccc([Si](c4ccccc4)(c4ccccc4)c4ccc(C(*)=O)cc4)cc3)cc2)cc1,0.37668952,87,2,38,6,0,4,train
2633,716481605,*Nc1c(N*)c2c3ccccc3cc3ccc4cccc1c4c32,0.34230926,36,2,20,0,2,0,train
3033,821655324,*C(=O)c1ccc2c(c1)C(=O)N(c1cc(OCCCCCCCC)cc(N3C(=O)c4ccc(*)cc4C3=O)c1)C2=O,0.37014915,72,2,31,6,2,5,train
6848,1856131378,*NS(N)(N)(N*)(c1ccccc1)c1ccccc1,0.3467735,31,2,12,0,4,0,train
3436,941025862,*C(=O)Nc1ccc2c(c1)-c1cc(NC(=O)c3ccc4c(c3)C(=O)N(c3cccc(P(=O)(c5ccccc5)c5cccc(N6C(=O)c7ccc(*)cc7C6=O)c5)c3)C4=O)ccc1C2,0.36796455,117,2,49,7,4,7,train
3815,1035028820,*c1ccc2c(c1)C(CCCCCCCC)(CCCCCCCC)c1cc(-c3ccc4c(c3)C(c3ccc(-c5nnc(-c6ccc(C(C)(C)C)cc6)o5)cc3)(c3ccc(-c5nnc(-c6ccc(C(C)(C)C)cc6)o5)cc3)c3cc(*)ccc3-4)ccc1-2,0.43188759,153,2,78,2,4,0,train
87,23036398,*c1ccc(S(=O)(=O)c2ccc(N3C(=O)C(C)C(SCCOCCSC4C(=O)N(c5ccc(S(=O)(=O)c6ccc(N7C(=O)CC(C)(SCCOCCSC8(C)CC(=O)N(*)C8=O)C7=O)cc6)cc5)C(=O)C4C)C3=O)cc2)cc1,0.34421859,146,2,52,14,4,12,train
2593,704562669,*CCCCCCOC(=O)NCCCCCCNC(=O)O*,0.3465094,28,2,14,4,2,2,train
7433,2007560490,*c1ccc2oc(-c3ccc(-c4nc5cc(C(*)(C(F)(F)F)C(F)(F)F)ccc5o4)cc3)nc2c1,0.45097253,65,2,23,2,2,0,train
7857,2115270537,*CC(*)C(=O)OCC(F)(F)C(F)(F)OC(F)(F)C(F)(F)F,0.31915236,43,2,8,3,0,1,train
1981,534049242,*OC(C)(CC(*)=O)C(F)(F)F,0.32631701,23,2,5,2,0,1,train
719,201564281,*Oc1cccc(Oc2ccc(Oc3cccc(OC(=O)c4ccc(C(*)=O)cc4)c3)cc2)c1,0.35180531,56,2,26,6,0,2,train
7908,2128965450,*CCCCCCCCNC(=O)c1ccc(C(=O)N*)cc1,0.34767798,32,2,16,2,2,2,train
360,101351388,*CCc1ccc(CCNC(=O)CCCCCCCCCC(=O)N*)cc1,0.35500792,37,2,21,2,2,2,train
3417,935976337,*c1ccc2c(c1)C(=O)N(c1cc(C(=O)O)cc(N3C(=O)c4ccc(C(*)(C(F)(F)F)C(F)(F)F)cc4C3=O)c1)C2=O,0.37985486,85,2,26,6,2,5,train
6374,1726926869,*Nc1ccc2c(c1)-c1cc(N*)ccc1C2C#CC1c2ccc(N)cc2-c2cc(N)ccc21,0.38806577,57,2,28,0,4,0,train
6567,1786063717,*CCC1C(=O)N(CCCCCCCCCCCCCCCC)C(=O)C1*,0.3913188,37,2,22,2,1,2,train
1623,436303110,*Oc1ccc(C2(c3ccc(OC(=O)c4cccc(C(*)=O)c4)cc3)CCC3CCCCC3C2)cc1,0.37550202,60,2,30,4,0,2,train
7966,2146083613,*CC(C)(C)COC(=O)CCCCC(=O)O*,0.34752544,27,2,11,4,0,2,train
3808,1033946861,*CC(*)C(=O)OCCSCC#N,0.37675973,19,2,7,2,1,1,train
4965,1345501676,*Oc1ccc(CC(NC(=O)CCc2ccc(OC(=O)COCC(*)=O)cc2)C(=O)OCc2ccccc2)cc1,0.33379444,64,2,29,8,1,4,train
4820,1301288779,*CC(*)OC(=O)C(C)(C)C,0.3821509,20,2,7,2,0,1,train
6336,1717592504,*CCCCCC(=O)Oc1ccc(OC(=O)c2ccc3c(c2)C(=O)N(*)C3=O)cc1,0.33289133,52,2,21,6,1,4,train
1337,361254383,*Nc1cc(-c2ccccc2)c(-c2ccccc2)c(-c2cccc3ccccc23)c1N*,0.36562173,51,2,28,0,2,0,train
2907,791518570,*c1ccc(-c2cc(-c3ccc(-c4ccccc4)cc3)cc(-c3ccc(N4C(=O)c5ccc(NC(=O)Nc6cccc7c(NC(=O)Nc8ccc9c(c8)C(=O)N(*)C9=O)cccc67)cc5C4=O)cc3)n2)cc1,0.35993207,130,2,57,6,7,6,train
2193,594346248,*c1ccc(Oc2ccc(C(=O)c3ccc(C(=O)c4ccc(C(=O)c5ccc(Oc6ccc(-c7nc(-c8ccccc8)[nH]c7*)cc6)cc5)cc4)cc3)cc2)cc1,0.38623156,101,2,48,5,2,3,train
1232,330131370,*c1nnc(-c2cc(CCCCCCCCCC)c(-c3sc(-c4nnc(-c5cc(OCCCCCCCC)c(*)cc5OCCCCCCCC)o4)cc3CCCCCCCCCC)s2)o1,0.40215236,94,2,54,4,4,0,train
6385,1729742723,*CC(*)CCCCCCCC,0.41042216,14,2,10,0,0,0,train
5347,1452778640,*CCCOC(=O)C1CCC(C(=O)O*)CC1,0.33783784,27,2,11,4,0,2,train
1805,484914577,*c1ccc(Oc2ccc(C3(c4ccc(Oc5ccc(-c6ccc(*)s6)cc5C(F)(F)F)cc4)c4ccccc4-c4ccccc43)cc2)c(C(F)(F)F)c1,0.43261591,94,2,43,2,0,0,train
5699,1546892007,*Oc1ccc(C2(c3ccc(OC(=O)c4ccc(C(*)=O)cc4)cc3)CC3CC2C2CCCC32)cc1,0.37879602,62,2,30,4,0,2,train
5439,1476707326,*C(=O)Nc1ccc(Oc2ccccc2-c2ccccc2Oc2ccc(NC(=O)c3ccc4c(c3)C(=O)N(c3ccc(Oc5ccccc5-c5ccccc5Oc5ccc(N6C(=O)c7ccc(*)cc7C6=O)cc5)cc3)C4=O)cc2)cc1,0.36139938,136,2,66,10,4,6,train
4254,1150009994,*CC(*)(CCC(C)C(=O)OC)C(=O)OC,0.33779719,28,2,10,4,0,2,train
4190,1133460389,*CCCCCCOC(=O)C(CCCCCCP(=O)(OCC)OCC)C(=O)OCCCCCCOc1ccc(-n2on2-c2ccc(O*)cc2)cc1,0.3621374,77,2,37,10,2,3,train
6404,1736906548,*Nc1cccc(C2(c3cccc(N*)c3CC=C)c3ccccc3-c3ccccc32)c1CC=C,0.37562104,54,2,31,0,2,2,train
2926,796117252,*Nc1ccc(C(=O)Nc2ccc(Cc3ccc(NC(=O)c4ccc(NC(=O)c5ccc([Si](C)(C)c6ccc(C(*)=O)cc6)cc5)cc4)cc3)cc2)cc1,0.35830263,97,2,43,4,4,4,train
3759,1019302045,*C(=O)c1cc(C(=O)c2ccc3c(c2)C(=O)N(c2cccc(N4C(=O)c5ccc(*)cc5C4=O)c2)C3=O)cc(C(C)(C)C)c1,0.37683798,86,2,34,6,2,6,train
2578,699908244,*CCCCCC(=O)Nc1ccc(Oc2ccc(Oc3ccc(NC(=O)CCCCCN4C(=O)c5ccc(C(=O)c6ccc7c(c6)C(=O)N(*)C7=O)cc5C4=O)cc3)cc2)cc1,0.3404124,105,2,47,9,4,7,train
1584,428473296,*Oc1ccc2cc(OC(=O)c3ccc(-c4ccc(C(*)=O)cc4)cc3-c3ccccc3)ccc2c1,0.35771091,60,2,30,4,0,2,train
6790,1842093316,*Oc1ccc(C(C)(C)c2ccc(OC(=O)c3cccc(Oc4cccc(C(*)=O)c4)c3)cc2)cc1,0.3604747,62,2,29,5,0,2,train
7286,1967679061,*CC(OCC(C)C)C1C(=O)OC(=O)C1*,0.33696178,28,2,10,4,0,2,train
5202,1411288736,*CC(=O)NCCCCCCNC(=O)CC1COC(*)CO1,0.32963111,32,2,14,4,2,2,train
1395,375189153,*c1ccc(Oc2cccc(NC(=O)c3cc(NC(=O)c4ccc(OC(C)=O)cc4)cc(C(=O)Nc4cccc(Oc5ccc(-c6nnc(*)o6)cc5)c4)c3)c2)cc1,0.35615516,101,2,43,8,5,4,train
2585,701170718,*CC(*)c1ccccc1C(=O)OCCN(C)C,0.36119268,27,2,13,2,1,1,train
3869,1049514979,*Nc1ccc([C@H](C)c2ccc(C(C)(c3ccc([C@@H](C)c4ccc(N*)cc4C)cc3)C3CCCCC3)cc2)c(C)c1,0.37519578,79,2,38,0,2,0,train
4118,1112902230,*NC(CCC(=O)OCC)C(*)=O,0.32193384,21,2,7,3,1,2,train
4055,1096482563,*CC1(COC(=O)O*)CC=CCC1,0.3421933,22,2,9,3,0,2,train
7802,2103171558,*Nc1cc(NC(=O)c2cc(OCCN(C)c3ccc([N+](=O)[O-])cc3)cc(C(*)=O)c2)cc(C(=O)OC2CC(C)CCC2C(C)C)c1,0.35015329,89,2,34,7,4,4,train
3229,880356503,*CCOCCOC(=O)C(=O)O*,0.30751302,19,2,6,5,0,2,train
3704,1003609082,*c1ccc(C#Cc2cc(OCCCCCCCC)c(C#Cc3ccc(-c4nnc(*)o4)cc3)cc2OCCCCCCCC)cc1,0.44177748,68,2,40,3,2,0,train
1794,482356088,*OP(=O)(Oc1ccc(C(C)(C)c2ccc(*)cc2)cc1)Oc1c(Cl)cc(Cl)cc1Cl,0.3676303,57,2,21,4,0,1,train
488,136037972,*Nc1ccc(-c2ccc(Nc3ccc4c(c3)c3cc(*)ccc3n4CC(CC)CCCC)cc2)cc1,0.39144941,58,2,32,0,3,0,train
1264,341439882,*Oc1cccc(NC(=O)CCCCCC(=O)Nc2ccc(*)cc2)c1,0.33827626,40,2,19,3,2,2,train
4937,1337142448,*Oc1ccc(NC(=O)c2ccc([Si](C)(C)c3ccc(C(*)=O)cc3)cc2)cc1,0.36897255,54,2,22,3,1,2,train
1390,373797398,*CC(O*)C1CC(F)(F)C1(F)F,0.35714922,23,2,6,1,0,0,train
3218,876188876,*Oc1ccc(C2(c3ccc(Oc4ccc(C(=O)c5cccc(C(=O)c6ccc(*)cc6)c5)cc4)cc3)CCC3CCCCC3C2)cc1,0.39821297,80,2,42,4,0,2,train
2188,592686193,*c1ccc2c(c1)C(=O)N(c1ccc(Oc3cccc(Oc4ccc(N5C(=O)c6ccc(C(*)(C(F)(F)F)C(F)(F)F)cc6C5=O)cc4)c3C#N)cc1)C2=O,0.37962339,102,2,38,6,3,4,train
797,225199973,*NC1=CC=C(c2ccc(N*)cc2)C(C)(C)[C@@H]1c1ccccc1,0.35401521,45,2,20,0,2,2,train
2690,731595810,*CC(c1ccccc1)C1C(=O)N(c2ccc(Oc3ccccc3)cc2)C(=O)C1*,0.367645,50,2,24,3,1,2,train
3478,951186365,*C(=O)OCCCSCCCCSCCCOC(=O)c1ccc(N2C(=O)c3ccc(*)cc3C2=O)cc1,0.35877417,57,2,26,6,1,4,train
6218,1685901918,*CCCCCCC(=O)Oc1ccc(OC(=O)c2ccc3c(c2)C(=O)N(*)C3=O)cc1,0.33743021,53,2,22,6,1,4,train
4010,1085199184,*CCNC(=O)c1cccc(C(=O)NCCOc2ccc3ccc(O*)cc3c2)c1,0.32973712,46,2,22,4,2,2,train
6212,1684855250,*O[Si](C)(C)C#C[Si](C)(C)C#C[Si](C)(C)C#C[Si](C)(C)C#C[Si](C)(C)C#C[Si](C)(C)C#C[Si](*)(C)C,0.49693178,91,2,26,1,0,0,train
1062,288758624,*CCN(*)Cc1ccccc1,0.36209961,16,2,9,0,1,0,train
2903,790220540,*Oc1ccc(S(=O)(=O)c2cccc3c(S(=O)(=O)c4ccc(Oc5ccc(-c6ccc(*)cc6)cc5)cc4)cccc23)cc1,0.36562978,79,2,34,6,0,4,train
3716,1008455726,*c1ccc(Oc2ccc(-c3ccc(Oc4ccc(N5C(=O)c6ccc(Oc7ccc(C8(c9ccc(Oc%10ccc%11c(c%10)C(=O)N(*)C%11=O)cc9)CCC(C(C)(C)C)CC8)cc7)cc6C5=O)cc4)cc3C)c(C)c2)cc1,0.38855303,143,2,64,8,2,4,train
3582,975942451,*Nc1nc2c(c(=O)n1N*)Cc1nc(N)n(N)c(=O)c1C2,0.34327027,40,2,10,2,8,2,train
3735,1013955085,*NCCN(C)CCN*,0.3165625749999999,12,2,5,0,3,0,train
5087,1380807593,*c1ccc(Oc2ccc(C(=O)c3cccc(C(=O)c4ccc(Oc5ccc(N6C(=O)c7ccc(Oc8ccc9c(c8)C(=O)N(*)C9=O)cc7C6=O)cc5)cc4)c3)cc2)cc1,0.36329439,109,2,48,9,2,6,train
4007,1083424600,*CC(*)C(=O)OCCCCCCn1c2ccccc2c2ccccc21,0.35821095,37,2,20,2,0,1,train
5230,1419552421,*Nc1ccccc1C(c1ccccc1)(c1ccccc1N)c1ccccc1N*,0.37480672,42,2,25,0,3,0,train
3212,873980403,*CC(*)(C)C(=O)OCCOCCOCCOc1ccc(N=Nc2ccc(C#N)cc2)cc1,0.35955244,50,2,23,5,3,2,train
7379,1993503133,*Oc1ccc(C=C2CCCC(=Cc3ccc(OC(=O)c4cccc(C(*)=O)c4)c(OC)c3)C2=O)cc1OC,0.35590759,66,2,30,7,0,5,train
826,231144775,*Nc1ccc2c(c1)C1(c3ccc(C)cc3-2)c2cc(N)ccc2-c2ccc(N*)cc21,0.38585396,55,2,26,0,3,0,train
5886,1596320590,*Oc1ccc(CC(NC(=O)CCc2ccc(OC(=O)COCC(*)=O)cc2)C(=O)OCCCCCCCCCCCC)cc1,0.35696126,67,2,34,8,1,4,train
5702,1547095755,*CC(*)c1cc(C(=O)Oc2ccc(OCCCC)cc2)ccc1C(=O)Oc1ccc(OCCCC)cc1,0.36628846,58,2,30,6,0,2,train
6612,1796177259,*c1ccc(C2(c3ccc(N4C(=O)c5ccc(-c6ccc7c(c6)C(=O)N(*)C7=O)cc5C4=O)cc3)c3ccccc3-c3ccccc32)cc1,0.43011281,89,2,41,4,2,4,train
528,147030895,*C(=O)c1cccc(C(=O)c2ccc3c(c2)C(=O)N(c2ccc(C(c4ccc(N5C(=O)c6ccc(*)cc6C5=O)cc4)(C(F)(F)F)C(F)(F)F)cc2)C3=O)c1,0.37036169,107,2,39,6,2,6,train
3783,1026999069,*N/N=N\c1ccc2ccccc2c1-c1c(NN*)ccc2ccccc12,0.35871072,41,2,20,0,5,1,train
3132,848202218,*CC(O)COc1ccc(C2CCCC(CC)(c3ccc(O*)cc3)C2)cc1,0.35559164,44,2,23,3,0,0,train
768,215595067,*OC(COC(=O)c1ccc(C(*)=O)c2ccccc12)COc1ccc(N=Nc2ccc(C#N)cc2)cc1,0.353962,62,2,28,5,3,3,train
3538,967943450,*Nc1ccc2c(ccc3c4ccccc4ccc23)c1N*,0.33046619,32,2,18,0,2,0,train
5257,1426978607,*Oc1ccc(S(=O)(=O)c2ccc(Oc3ccc4c(=O)n5c6cc(-c7ccc8c(c7)nc7c9ccc(*)c%10cccc(c(=O)n87)c%109)ccc6nc5c5cccc3c45)cc2)cc1,0.37552366,114,2,48,6,4,4,train
5388,1463085835,*c1ccc(Oc2cc3ccccc3cc2Oc2ccc(N3C(=O)c4ccc(Oc5ccccc5Oc5ccc6c(c5)C(=O)N(*)C6=O)cc4C3=O)cc2)cc1,0.35912156,92,2,44,8,2,4,train
6996,1891268046,*CCCCCCCCCCNC(=O)CCCCC(=O)N*,0.35535197,28,2,16,2,2,2,train
4683,1261139473,*Oc1ccc(C2(c3ccc(OC(=O)c4ccc(C(*)=O)cc4)cc3)c3ccccc3Cc3ccccc32)cc1,0.3749586,66,2,34,4,0,2,train
302,85512320,*c1ccc(Oc2cccc(N3C(=O)c4ccc(Oc5cc6ccccc6cc5Oc5ccc6c(c5)C(=O)N(*)C6=O)cc4C3=O)c2)cc1,0.365223,83,2,38,7,2,4,train
211,61636599,*Nc1ccc(-c2ccc(N*)c(-c3ccc(C)cc3)c2-c2ccc(C)cc2)cc1,0.37033233,51,2,26,0,2,0,train
7595,2051195531,*c1ccc2nc(*)cc(-c3ccccc3)c2c1,0.44585296,29,2,15,0,1,0,train
5247,1423401067,*c1ccc(Oc2ccc(C(C)(C)c3ccc(Oc4ccc(-c5cccc(*)n5)cc4C(F)(F)F)cc3)cc2)c(C(F)(F)F)c1,0.39554354,80,2,34,2,1,0,train
2386,648267860,*CCOCCOCCOC(=O)NCCCCCCNC(=O)O*,0.33323045,30,2,14,6,2,2,train
6456,1752199076,*Oc1ccc(C=Cc2cc(OCCCCCCCC)c(C=Cc3ccc(Oc4cc5c6c(ccc7c8c(*)cc9c%10c(ccc(c4c67)c%108)C(=O)N(CCCCCCCC)C9=O)C(=O)N(CCCCCCCC)C5=O)cc3)cc2OCCCCCCCC)cc1,0.37287608,144,2,78,8,2,6,train
3789,1028416033,*O[Si](C)(C)O[Si](C)(C)O[Si](C)(C)OC(C)CCC(*)C,0.43005336,46,2,12,4,0,0,train
6206,1683353689,*CCCCCCNC(=O)C=C(C)C(=O)N*,0.33327284,26,2,11,2,2,3,train
7667,2068477355,*Cc1ccc(CNC(=O)CCCCCCCCCCCC(=O)N*)cc1,0.35427449,37,2,21,2,2,2,train
4047,1092863578,*N=P(*)(OCCCCCCCCC)OCCCCCCCCC,0.40563512,29,2,18,2,1,1,train
835,232863145,*CCN(CCOC(=O)Nc1ccc(C)c(NC(=O)O*)c1)c1ccc([N+](=O)[O-])cc1C,0.33326912,59,2,20,6,4,3,train
2752,749316999,*Nc1cccc(C(c2ccccc2)(c2ccccc2)c2ccccc2)c1N*,0.36834025,43,2,25,0,2,0,train
4248,1148404116,*c1ccc(Oc2ccc(N3C(=O)c4ccc(Oc5ccc6c(c5)C(=O)N(*)C6=O)cc4C3=O)cc2Br)c(Br)c1,0.40092491,74,2,28,6,2,4,train
2806,763411577,*Nc1cc2c(cc1N*)[C@H]1CC[C@@H]2CC1,0.35470749,33,2,12,0,2,0,train
6870,1862970059,*Nc1ccc(-c2ccc(NC(=O)c3ccc(C(*)=O)cc3)cc2)cc1,0.34911211,45,2,20,2,2,2,train
3888,1054699439,*O[Si](C)(C)O[Si](C)(C)O[Si](C)(C)O[Si](C)(C)c1cccc([Si](*)(C)C)c1,0.44425689,66,2,16,4,0,0,train
440,122815777,*Oc1ccc(S(=O)(=O)c2ccc(-c3ccc(-c4ccc(S(=O)(=O)c5ccc(Oc6ccc(-c7ccc(*)cc7)cc6)cc5)cc4)cc3)cc2)cc1,0.3713436,95,2,42,6,0,4,train
6286,1703477972,*Nc1ccc2c3cccc4cccc(c5c(N*)c(N)c(N)c1c25)c43,0.33109076,44,2,20,0,4,0,train
561,154318869,*CC(*)(C)C(=O)NC(=O)OCCOc1c(Br)cc(S(=O)(=O)c2cc(Br)c(OCCO)c(Br)c2)cc1Br,0.36467521,71,2,21,8,1,4,train
7635,2062588877,*C/C=C\C[Si](*)(c1ccccc1)c1ccccc1,0.36746772,33,2,16,0,0,1,train
3909,1058961949,*c1ccc(Oc2ccc(-c3ccc(Oc4ccc(N5C(=O)c6cccc(Oc7cc(C(C)(C)C)c(Oc8cccc9c8C(=O)N(*)C9=O)cc7C(C)(C)C)c6C5=O)cc4)cc3)cc2)cc1,0.39017325,117,2,54,8,2,4,train
7387,1997475828,*CC(*)CCCCCC,0.40777595,12,2,8,0,0,0,train
4559,1227492040,*c1cccc(-c2nc3cc(-c4ccc5c(c4)nc(*)n5C)ccc3[nH]2)c1,0.41641721,50,2,21,0,4,0,train
6583,1789925675,*CC(*)(C)C(=O)OCCCCCCCCCCCOc1ccc2cc(C(=O)Oc3ccccc3)ccc2c1,0.35770288,57,2,32,5,0,2,train
948,260073812,*Oc1cc(CCC)cc(OC(=O)c2cccc(C(*)=O)c2)c1,0.35907903,39,2,17,4,0,2,train
862,240796718,*CC(*)(CF)C(=O)OCC,0.33962658,18,2,6,2,0,1,train
7083,1914954895,*Oc1ccc2ccc(Oc3ccc(C(=O)Nc4cccc(Oc5ccc(NC(=O)c6ccc(*)cc6)cc5)c4)cc3)cc2c1,0.35277036,73,2,36,5,2,2,train
700,195313590,*CC(*)(C)C(=O)OCCOc1ccc(N=Nc2ccc(OC)cc2)cc1,0.36003088,43,2,19,4,2,2,train
3741,1015995822,*c1ccc(S(*)(=O)=O)cc1,0.37182941,21,2,6,2,0,2,train
3023,820067576,*CC(O)CN(CC(O)CN(*)c1ccccc1)c1ccc(N=Nc2ccc([N+](=O)[O-])cc2)cc1,0.35876659,63,2,24,4,5,2,train
2243,608351613,*Oc1ccccc1C(=O)OC(=O)c1ccccc1OC(=O)C(C)C(C)C(*)=O,0.33232876,49,2,20,7,0,4,train
6084,1650000609,*CC(O)COc1ccc(C(C)(C)c2ccc(OCC(O)COc3c(C)cc(S(=O)(=O)c4cc(C)c(O*)c(C)c4)cc3C)cc2)cc1,0.36906105,84,2,37,8,0,2,train
6087,1650643323,*CC(*)(C)C(=O)OCCCn1c2ccccc2c2ccccc21,0.35272474,37,2,18,2,0,1,train
2070,556338128,*CCN(CCOC(=O)Nc1ccc(C)c(NC(=O)O*)c1)c1ccc(C=Cc2ccc([N+](=O)[O-])cc2)cc1,0.34396152,71,2,27,6,4,4,train
3399,931370343,*CC(*)c1ccc(-c2c3ccccc3cc3ccccc23)cc1,0.37620542,37,2,22,0,0,0,train
3591,978860750,*Nc1ccc(C(C)(C)c2cccc(C(C)(C)c3ccc(N*)c(C)c3)c2)cc1C,0.3642123,52,2,26,0,2,0,train
6204,1682900060,*c1ccc(Oc2ccc(NC(=O)c3ccc4c(c3)C(=O)N(c3ccc(Sc5ccc(N6C(=O)c7ccc(C(=O)Nc8ccc(Oc9ccc(C%10(*)NC(=O)c%11ccccc%11%10)cc9)cc8)cc7C6=O)cc5)cc3)C4=O)cc2)cc1,0.3676725,148,2,61,9,5,7,train
2097,565093443,*c1cc(C(c2ccc(OCCN(C)c3ccc(C=CC4=CC(=C(C#N)C#N)CC(C)(C)C4)cc3)c(N3C(=O)c4ccc(Oc5ccc6c(c5)C(=O)N(*)C6=O)cc4C3=O)c2)(C(F)(F)F)C(F)(F)F)ccc1OCCN(C)c1ccc(C=CC2=CC(=C(C#N)C#N)CC(C)(C)C2)cc1,0.3816004,184,2,75,7,8,10,train
7356,1986643136,*c1ccc2c(c1)C(CCCCCCCC)(CCCCCCCC)c1cc(*)ccc1-2,0.4176963,46,2,29,0,0,0,train
7749,2089703645,*NC(CCC(=O)OCc1ccccc1)C(*)=O,0.32872163,28,2,12,3,1,2,train
4648,1252624826,*C[Si](*)(C)CCCCCC,0.39640493,18,2,8,0,0,0,train
5174,1401767370,*CC(*)C(=O)OCCCSCC,0.39575862,18,2,8,2,0,1,train
1969,531021171,*c1ccc(Oc2ccc(-c3cnc4ccc(-c5ccc6nc(*)cnc6c5)cc4n3)cc2)cc1,0.40000868,57,2,28,1,4,0,train
6690,1814522046,*Oc1ccc(C(C)(C)c2ccc(OC(=O)c3ccc(C(*)=O)cc3)c(CCCC)c2)cc1CCCC,0.39067771,61,2,31,4,0,2,train
1678,450754739,*CCCCCCCCCCCOC(=O)c1cc(OCCCCCCCCOc2ccc(N=Nc3ccc(OC)cc3)cc2)cc(C(=O)OCCCCCCCCCCCOc2ccc(-c3ccc(O*)cc3)cc2)c1,0.36775362,106,2,63,9,2,3,train
3418,936348759,*CC(*)C(=O)OCC(F)(F)C(F)C(F)(F)F,0.32043251,32,2,7,2,0,1,train
1638,440867054,*c1ccc(Oc2ccc(-c3csc(N=Cc4ccc(OCCCCCCOc5ccc(C=Nc6nc(*)cs6)cc5)cc4)n3)cc2)cc1,0.37846605,76,2,38,3,4,2,train
4548,1224371344,*CCCCCCCCNC(=O)CCCCC(=O)N*,0.35113971,26,2,14,2,2,2,train
2736,746033942,*C(=O)Nc1ccc(Oc2ccc(C3(c4ccc(Oc5ccc(NC(=O)c6ccc7c(c6)C(=O)N(c6ccc(Oc8cccc(N9C(=O)c%10ccc(*)cc%10C9=O)c8)cc6)C7=O)cc5)cc4)NC(=O)c4ccccc43)cc2)cc1,0.36211978,144,2,62,10,5,7,train
2165,586106490,*C=CCCCCCCC(Cl)CCCCCC*,0.40278252,22,2,15,0,0,1,train
6498,1765460904,*CC(=O)c1ccc(Oc2ccc(C(=O)COc3ccc(C=C4CCCC(=Cc5ccc(O*)c(OC)c5)C4=O)cc3OC)cc2)cc1,0.35837048,79,2,38,8,0,5,train
194,57070808,*C(=O)Nc1ccc(Oc2ccc(NC(=O)c3ccc4c(c3)C(=O)N(c3ccc(-c5sc(-c6ccc(N7C(=O)c8ccc(*)cc8C7=O)cc6)c(-c6ccccc6)c5-c5ccccc5)cc3)C4=O)cc2)cc1,0.38843318,130,2,58,7,4,6,train
4988,1350245180,*Nc1ccc(C(CCCC[C@H]2CC[C@H](/C=C/[C@H]3CC[C@H](CCC)CC3)CC2)c2ccc(N*)cc2)cc1,0.3683838,75,2,34,0,2,1,train
2455,670455816,*CCOCO*,0.34034968,7,2,3,2,0,0,train
5442,1476946894,*c1cccc(NC(=O)CCCCCCC(=O)Nc2cccc(S(*)(=O)=O)c2)c1,0.34455896,49,2,20,4,2,4,train
2300,625535971,*C(=O)Nc1ccc(Oc2cccc(NC(=O)c3ccc4c(c3)C(=O)N(c3ccc(Oc5ccc(N6C(=O)c7ccc(*)cc7C6=O)cc5)cc3)C4=O)c2)cc1,0.3509688,100,2,42,8,4,6,train
5168,1399962717,*c1cccc(S(=O)(=O)NCCCCNS(*)(=O)=O)c1,0.33938166,36,2,10,4,2,4,train
4130,1116322713,*C([2H])([2H])C(*)(C(=O)OC([2H])([2H])C([2H])([2H])[2H])C([2H])([2H])[2H],0.35523733,73,2,6,2,0,1,train
6401,1734866978,*c1ccc2c(c1)C(=O)N(c1cccc(Oc3cccc(N4C(=O)c5ccc(C(F)(F)C(F)(F)C(*)(F)F)cc5C4=O)c3)c1)C2=O,0.35680339,88,2,31,5,2,4,train
2448,668824734,*CC(C)(CO)CO*,0.33612908,13,2,5,2,0,0,train
4448,1199538165,*Nc1ccccc1C1(c2ccccc2N*)c2ccccc2-c2ccccc21,0.37077531,42,2,25,0,2,0,train
1776,478367903,*c1ccc(NC2CC(=O)N(c3ccc(-c4sc(-c5ccc(N6C(=O)CC(Nc7ccc(-c8nc(-c9ccc(-c%10nc(-c%11ccc([N+](=O)[O-])cc%11)c(-c%11ccc([N+](=O)[O-])cc%11)[nH]%10)cc9)[nH]c8*)cc7)C6=O)cc5)c(-c5ccccc5)c4-c4ccccc4)cc3)C2=O)cc1,0.41430705,202,2,72,8,10,6,train
4746,1282093980,*CCCCCCNC(=O)c1ccc(C2(C)CC(C)(C)c3ccc(C(=O)N*)cc32)cc1,0.35883552,54,2,26,2,2,2,train
7272,1964666760,*CCCCCCOC(=O)NCCCCNC(=O)O*,0.33568423,26,2,12,4,2,2,train
3891,1055403183,*CC(CSCCCCC)O*,0.4202301,14,2,8,1,0,0,train
2523,685427135,*OC(CCc1ccccc1)CC(*)=O,0.35135423,22,2,11,2,0,1,train
1048,286863590,*c1ccc(Oc2ccc(C(=O)c3ccc(Oc4ccc(-c5nc(-c6ccccn6)nnc5*)cc4)cc3)cc2)cc1,0.38856425,69,2,33,3,4,1,train
205,60029399,*Oc1ccc(Oc2ccc(C(=O)c3ccccc3)c(-c3cc(*)ccc3C(=O)c3ccccc3)c2)cc1,0.37726196,63,2,32,4,0,2,train
6262,1697989359,*c1ccc(-c2ccc(-c3nc4cc(Oc5ccc6nc(-c7ccccc7)c(*)nc6c5)ccc4nc3-c3ccccc3)cc2)cc1,0.42387436,77,2,40,1,4,0,train
7849,2113271620,*CC(*)(CC(=O)OC)C(=O)OC,0.32193525,23,2,7,4,0,2,train
1515,406786412,*Oc1ccc(N=CC=Nc2ccc(OC(=O)NC3CC(C)(C)CC(C)(CNC(*)=O)C3)cc2)cc1,0.35659879,62,2,26,4,4,4,train
3546,969077485,*Cc1cc(CNC(=O)c2cccc(C(=O)N*)c2)cc(C(C)(C)C)c1,0.35193217,46,2,20,2,2,2,train
2498,679404420,*c1ccc(-c2ccc(N3C(=O)c4c(c(-c5ccccc5)c(-c5ccc(Oc6ccc(-c7c(-c8ccccc8)c8c(c(-c9ccccc9)c7-c7ccccc7)C(=O)N(*)C8=O)cc6)cc5)c(-c5ccccc5)c4-c4ccccc4)C3=O)cc2)cc1,0.41331877,154,2,76,5,2,4,train
4271,1152527958,*CCCOC(=O)c1cc(N=Nc2ccc(OCC)cc2)ccc1-c1ccc(N=Nc2ccc(OCC)cc2)cc1C(=O)O*,0.36910686,70,2,33,6,4,4,train
854,238571886,*Oc1ccc2cc(OC(=O)c3ccc(Oc4ccc(C(*)=O)cc4)cc3)ccc2c1,0.34998488,51,2,24,5,0,2,train
4141,1121030015,*CCS*,0.44850444,5,2,2,0,0,0,train
2000,539302432,*c1cccc(Cc2cccc(N3C(=O)c4ccc([Si](C)(C)O[Si](C)(C)c5ccc6c(c5)C(=O)N(*)C6=O)cc4C3=O)c2)c1,0.38528717,88,2,33,5,2,4,train
4353,1173467294,*Cc1ccc(COP(=O)(N=Nc2ccc(C(=O)c3ccc(N=NP(=O)(O*)OC)cc3)cc2)OC)cc1,0.35518082,65,2,23,7,4,5,train
785,220223317,*C(=O)c1ccc2c(c1)C(=O)N(c1ccc(Oc3ccc(N4C(=O)c5ccc(*)cc5C4=O)cc3)cc1)C2=O,0.37640128,72,2,29,6,2,5,train
6446,1749666987,*Nc1ccc(-c2ccc(-c3ccccc3N*)cc2)cc1,0.343504,34,2,18,0,2,0,train
193,56881469,*c1ccc2c(c1)C(=O)N(c1ccc(Oc3ccc(C(=O)c4ccc(Oc5ccc(N6C(=O)c7ccc(C(*)(C(F)(F)F)C(F)(F)F)cc7C6=O)cc5)cc4)cc3)cc1)C2=O,0.38067611,114,2,44,7,2,5,train
362,101541565,*c1ccc2c(c1)C(CCCCCCCC)(CCCCCCCC)c1cc(-c3ccc(*)c4nsnc34)ccc1-2,0.4103927,62,2,35,0,2,0,train
3069,834012774,*CC(*)c1cccc(N(c2ccc(C)cc2)c2ccc(C)cc2)c1,0.42262302,41,2,22,0,1,0,train
1212,324827592,*Oc1cccc(Oc2ccc(N=Cc3ccc(N(c4ccccc4)c4ccc(C=Nc5ccc(*)cc5)cc4)cc3)cc2)c1,0.38883651,71,2,38,2,3,2,train
6043,1639497900,*Oc1ccc(CC(NC(=O)CCc2ccc(OC(=O)COCCOCC(*)=O)cc2)C(=O)OCCCCCCCCCCCC)cc1,0.35598861,70,2,36,9,1,4,train
3479,951464832,*Oc1ccc(CC(NC(=O)Cc2ccc(OC(=O)CCCCC(*)=O)cc2)C(=O)OCCCCCC)cc1,0.34769384,61,2,29,7,1,4,train
7241,1956367813,*C(=O)c1cc2c(cc1Cl)C(=O)N(c1cc(C(=O)O)cc(N3C(=O)c4cc(*)c(Cl)cc4C3=O)c1)C2=O,0.37662267,75,2,24,7,2,6,train
6199,1681628667,*Nc1ccc(C2(c3ccc(N*)c(CC)c3)c3ccccc3-c3ccccc32)cc1CC,0.38152925,52,2,29,0,2,0,train
7193,1942916315,*Nc1ccc2cc3cc(N*)ccc3cc2c1,0.34349824,26,2,14,0,2,0,train
4844,1310881775,*C(=O)Oc1ccc(C(c2ccc(OC(=O)c3ccc4c(c3)C(=O)N(c3c(C)cc(-c5cc(C)c(N6C(=O)c7ccc(*)cc7C6=O)c(C)c5)cc3C)C4=O)cc2)(C(F)(F)F)C(F)(F)F)cc1,0.37721251,130,2,49,8,2,6,train
3750,1017533864,*CC(*)c1ccc(C(=O)OC(C)C)cc1,0.37933569,27,2,12,2,0,1,train
2957,803106454,*CC(*)(C)C(=O)OCC1CCCO1,0.34666826,23,2,9,3,0,1,train
4167,1128659903,*Nc1ccc([C@@]2(C)CC(C)(C)c3cc(N*)ccc32)cc1,0.36572803,42,2,18,0,2,0,train
6887,1865123528,*Oc1ccc(C(C)(C)c2ccc(OC(=O)c3ccc(C(*)=O)cc3)c(C(C)CC)c2)cc1C(C)CC,0.39963061,65,2,31,4,0,2,train
3940,1067787070,*c1ccc(*)c(C(=O)c2ccccc2)c1,0.39891755,27,2,13,1,0,1,train
1894,509659753,*c1cccc(C(O)c2cccc(N3C(=O)c4ccc(Oc5ccc6c(c5)C(=O)N(*)C6=O)cc4C3=O)c2)c1,0.36066207,71,2,29,6,2,4,train
6503,1766427036,*c1ccc(Oc2ccc(-c3ccc(Oc4ccc(N5C(=O)c6ccc(Oc7cc(C(C)(C)C)c(Oc8ccc9c(c8)C(=O)N(*)C9=O)cc7C(C)(C)C)cc6C5=O)cc4)cc3)cc2)cc1,0.39240961,119,2,54,8,2,4,train
6330,1715831147,*c1ccc(Oc2ccc(-c3nc4cc(-c5ccc6nc(*)c(-c7ccccc7)nc6c5)ccc4nc3-c3ccccc3)cc2)cc1,0.41936962,77,2,40,1,4,0,train
655,182803961,*Nc1ccc(-c2ccc(N*)c(-c3ccccc3)c2-c2cccc3ccccc23)c(-c2cccc3ccccc23)c1-c1ccccc1,0.37664419,77,2,44,0,2,0,train
6427,1743216271,*Oc1c([2H])c([2H])c(S(=O)(=O)c2c([2H])c([2H])c(Oc3c([2H])c([2H])c(C(c4c([2H])c([2H])c(*)c([2H])c4[2H])(C([2H])([2H])[2H])C([2H])([2H])[2H])c([2H])c3[2H])c([2H])c2[2H])c([2H])c1[2H],0.37933974,180,2,27,4,0,2,train
933,258103927,*c1ccc(-c2ccc(N(*)c3ccc(C)cc3)cc2)cc1,0.44281771,37,2,19,0,1,0,train
2428,664408041,*C(=O)Nc1cccc(NC(=O)c2ccc3[nH]c(-c4cc(-c5nc6cc(*)ccc6[nH]5)cc(N5C(=O)c6ccccc6C5=O)c4)nc3c2)c1,0.36836215,93,2,36,4,7,4,train
7663,2068061676,*Nc1ccc(-c2ccc(-c3ccc(N*)c(-c4ccccc4C)c3-c3ccccc3C)cc2)cc1,0.37174868,58,2,32,0,2,0,train
5589,1514643124,*CC(*)(C)c1ccc(C(C)C)cc1,0.40109572,24,2,12,0,0,0,train
6793,1842592587,*O[Si](*)(CCCOCCOCCOCCOCCOCCOCCOCCOC)CCCOCCOCCOCCOCCOCCOCCOCCOC,0.36679143,63,2,36,17,0,0,train
4557,1226651340,*Oc1ccc(CC(NC(=O)CCc2ccc(OC(=O)CCCCCCC(*)=O)cc2)C(=O)OCCCCCC)cc1,0.35314116,64,2,32,7,1,4,train
5412,1470418130,*c1ccc(Cc2ccc(N3C(=O)N(c4ccc(Cc5ccc(N6C(=O)N(*)C(C)(C)C6=O)cc5)cc4)C(=O)C3(C)C)cc2)cc1,0.4025765,86,2,36,4,4,4,train
6551,1782970907,*c1ccc(Oc2ccc(C(C)(C)c3ccc(Oc4ccc(N5C(=O)C6CCC(C7CCC8C(=O)N(*)C(=O)C8C7)CC6C5=O)cc4)cc3)cc2)cc1,0.37853273,95,2,43,6,2,4,train
3316,907710212,*Oc1c(C)cc(C(=O)c2ccc(*)cc2)cc1C,0.4003208,32,2,15,2,0,1,train
6483,1758920260,*CC(OCCCC)C1(C)C(=O)OC(=O)C1(*)C,0.34511671,32,2,12,4,0,2,train
863,241359312,*c1ccc2c(c1)C(=O)N(c1ccc(Oc3ccccc3Oc3ccc(N4C(=O)c5ccc(C(*)(C(F)(F)F)C(F)(F)F)cc5C4=O)cc3C(F)(F)F)c(C(F)(F)F)c1)C2=O,0.38315859,115,2,39,6,2,4,train
1361,368322688,*c1ccc2c(c1)C(=O)N(c1ccc(Oc3ccc(N4C(=O)c5ccc(C(F)(F)C(F)(F)C(*)(F)F)cc5C4=O)cc3)cc1)C2=O,0.35498117,88,2,31,5,2,4,train
6158,1671082130,*CC(O)CN(C)S(=O)(=O)c1cccc(S(=O)(=O)N(C)CC(O)COc2ccc(C3(c4ccc(O*)cc4)c4ccccc4-c4ccccc43)cc2)c1,0.34976889,94,2,39,8,2,4,train
6202,1682827181,*Oc1ccc(CC(NC(=O)CCc2ccc(OC(=O)CCC(*)=O)cc2)C(=O)OCCCC)cc1,0.34685932,58,2,26,7,1,4,train
1628,439136445,*O[Si](C)(C)O[Si](C)(C)O[Si](*)(c1c(F)c(F)c(F)c(F)c1F)c1c(F)c(F)c(F)c(F)c1F,0.38120028,75,2,16,3,0,0,train
5605,1518803212,*c1ccc(Oc2ccc(S(=O)(=O)c3ccc(Oc4ccc(N5C(=O)c6ccc(Oc7ccc(Oc8ccc9c(c8)C(=O)N(*)C9=O)cc7)cc6C5=O)cc4)cc3)cc2)cc1,0.36893387,109,2,46,10,2,6,train
598,166073456,*CC(C)(C)CS(=O)(=O)CC(C)(C)COC(=O)O*,0.35691907,36,2,11,5,0,3,train
7064,1908941468,*Oc1ccc(CC(NC(=O)CCc2ccc(OC(=O)COCC(*)=O)cc2)C(=O)OCCCCCCCC)cc1,0.34855736,63,2,30,8,1,4,train
4834,1307775698,*CCCC1(CCCNC(=O)c2cccc(C(=O)N*)c2)c2ccccc2-c2ccccc21,0.35132317,52,2,27,2,2,2,train
5956,1615078461,*C(=O)Nc1cccc(NC(=O)c2ccc(-c3nc4cc(*)ccc4[nH]3)cc2)c1,0.35660397,53,2,21,2,4,2,train
2133,576510280,*c1ccc(NC(=O)c2ccc(C(=O)Nc3ccc(-c4nnc(*)o4)cc3)c(Oc3ccccc3)c2)cc1,0.37065873,65,2,28,4,4,2,train
89,23694396,*N=P(*)(Cl)Cl,0.34644364,13,2,0,0,1,1,train
5125,1389796975,*Oc1ccc(-c2ccc(Oc3ccc(C(=O)c4ccccc4-c4ccccc4C(=O)c4ccc(*)cc4)cc3)cc2)cc1,0.37420624,72,2,38,4,0,2,train
5839,1583422885,*C=Cc1ccc(*)c(OCc2cc(OCc3cc(OCCC(C)CCCC(C)C)cc(OCCC(C)CCCC(C)C)c3)cc(OCc3cc(OCC(CC)CCCC)cc(OCC(CC)CCCC)c3)c2)c1,0.38019139,111,2,65,7,0,1,train
5665,1536018562,*Oc1ccc(OC(=O)c2cccc(Sc3ccc(OC(=O)c4ccc(C(=O)Oc5ccc(Sc6cccc(C(*)=O)c6)cc5)cc4)cc3)c2)cc1-c1ccccc1,0.36413304,97,2,44,8,0,4,train
2130,576074717,*CC(C)CC(*)(C)C(=O)OC,0.34800535,21,2,8,2,0,1,train
105,29766304,*CC(*)(C)C(=O)Oc1ccc(C(=O)c2ccccc2)cc1,0.35600022,38,2,17,3,0,2,train
570,157842166,*CC(*)c1cccc(C)n1,0.39815003,17,2,8,0,1,0,train
427,118056137,*CC(*)OC(=O)C(F)(F)C(F)(F)C(F)(F)F,0.33120706,34,2,6,2,0,1,train
7419,2004822166,*CC1CCCC(CN2C(=O)c3ccc(C(c4ccc5c(c4)C(=O)N(*)C5=O)(C(F)(F)F)C(F)(F)F)cc3C2=O)C1,0.36224817,79,2,27,4,2,4,train
4017,1086507513,*N[C@H]1CC[C@H](C(C)([C@H]2CC[C@H](N*)CC2)C(C)(c2ccc(N)cc2)c2ccc(N)cc2)CC1,0.36049082,74,2,28,0,4,0,train
5862,1589240697,*Oc1ccc(C(c2ccc(OC(*)=O)cc2)C2CCCCC2)cc1,0.37459903,40,2,20,3,0,1,train
2606,708266844,*Oc1ccc(S(=O)(=O)c2ccc(Oc3ccc(-c4ccc(*)cc4)cc3)cc2)cc1,0.36753658,54,2,24,4,0,2,train
1617,434569704,*Oc1ccc(C2(c3ccc(OC(*)=O)cc3)CC3CC2C2CCCC32)cc1,0.37807285,47,2,23,3,0,1,train
4197,1135072955,*C(=O)c1ccc2c(c1)C(=O)N(c1cccc(S(=O)(=O)c3cccc(N4C(=O)c5ccc(*)cc5C4=O)c3)c1)C2=O,0.36903562,80,2,29,7,2,7,train
803,226520604,*CC(*)(C)C(=O)Oc1ccc([N+](=O)[O-])c(C)c1,0.37079204,40,2,11,4,1,2,train
3310,906778852,*Oc1cccc(NC(=O)CCCCC(=O)Nc2ccc(*)cc2)c1,0.33664117,39,2,18,3,2,2,train
6089,1651258408,*Oc1cccc(NC(=O)CCCCCCCCCCC(=O)Nc2ccc(*)cc2)c1,0.35425809,45,2,24,3,2,2,train
6884,1864702589,*CCN(CCOC(=O)NCCCCCCNC(=O)O*)c1ccccc1,0.34103383,37,2,18,4,3,2,train
7901,2127384896,*C(=O)OCCCCCCCOC(=O)c1ccc(N2C(=O)c3ccc(*)cc3C2=O)cc1,0.34264115,52,2,23,6,1,4,train
1646,442452634,*CC(*)(C)C(=O)OCCBr,0.37763347,19,2,6,2,0,1,train
758,213054047,*O[Si](O[Si](O[Si](O[Si](CC[Si](C)(C)O[Si](C)(C)O[Si](C)(C)O[Si](C)(C)CC[Si](*)(c1ccccc1)c1ccccc1)(c1ccccc1)c1ccccc1)(c1ccccc1)c1ccccc1)(c1ccccc1)c1ccccc1)(c1ccccc1)c1ccccc1,0.4006666,173,2,72,7,0,0,train
2382,647484326,*CCCCCCOC(=O)c1cc(OCCCCCCOc2ccc(N=Nc3ccc(C#N)cc3)cc2)cc(C(=O)OCCCCCCN2C(=O)c3ccc(S(=O)(=O)c4ccc5c(c4)C(=O)N(*)C5=O)cc3C2=O)c1,0.35510347,125,2,55,12,5,9,train
3059,831848484,*CCC(C)CC(=O)O*,0.34423811,15,2,6,2,0,1,train
5698,1546473891,*CCCCCCN1C(=O)c2ccc(C(=O)Nc3ccc(S(=O)(=O)c4cccc(NC(=O)c5ccc6c(c5)C(=O)N(*)C6=O)c4)cc3)cc2C1=O,0.34528361,93,2,36,8,4,8,train
1525,408594368,*C(=O)OCCCCCCCCCOC(=O)c1ccc(NC(=O)c2ccc(N3C(=O)c4ccc(*)cc4C3=O)cc2)cc1,0.3463228,70,2,32,7,2,5,train
5798,1573776034,*CC(*)C(=O)c1ccc(Cl)cc1,0.38087651,23,2,9,1,0,1,train
5148,1394969707,*OC(COC(=O)c1ccc(C)cc1C(*)=O)COc1ccc(N=Nc2ccc(C#N)cc2)cc1,0.3633577,57,2,25,5,3,3,train
2872,782678603,*CCCCCCCCCCCCCCCCCCCCOC(=O)CC(=O)O*,0.38129764,35,2,23,4,0,2,train
6229,1688474833,*OC(=O)c1ccc(C(F)(F)C(F)(F)C(F)(F)c2ccc(C(*)=O)cc2)cc1,0.34059869,54,2,17,3,0,2,train
2192,594032602,*CC(COCC=C)S*,0.39134513,13,2,6,1,0,1,train
7885,2123056342,*Nc1ccc(C2(c3ccc(N*)cc3)CCC(C(C)(C)C)CC2)cc1,0.36342823,44,2,22,0,2,0,train
3057,829981361,*Oc1ccc(C(C)(C)c2ccc(OC(=O)NC(=O)c3cc(C(=O)NC(*)=O)cc(C(C)(C)C)c3)cc2)cc1,0.3446568,73,2,29,6,2,4,train
3081,837351512,*Nc1ccc(C2(c3ccc(N*)cc3)c3ccccc3-c3cccc(C)c32)cc1,0.37209959,49,2,26,0,2,0,train
6620,1797950227,*c1ccc(Oc2c(C)cc(C(c3cccnc3)c3cc(C)c(Oc4ccc(N5C(=O)CC(Nc6ccc(Cc7ccc(NC8CC(=O)N(*)C8=O)cc7)cc6)C5=O)cc4)c(C)c3)cc2C)cc1,0.38103363,118,2,55,6,5,4,train
1509,404342250,*OC(*)CCC,0.41332049,9,2,4,1,0,0,train
7724,2081766771,*CC(*)OC(=O)CC1CCCCC1,0.3629501,21,2,10,2,0,1,train
1577,426452864,*c1ccc2c(c1)c1cc(-c3ccc(-c4ccc(-c5ccc(*)s5)c5nsnc45)s3)ccc1n2C(CCCCCCCC)CCCCCCCC,0.42372696,80,2,43,0,3,0,train
6739,1827805083,*C(=O)Nc1ccc(Oc2ccc(NC(=O)c3ccc4c(c3)C(=O)N(c3ccc(Oc5cccc6c(N7C(=O)c8ccc(*)cc8C7=O)cccc56)cc3)C4=O)cc2)cc1,0.35708671,106,2,46,8,4,6,train
2904,790422297,*CC(*)(C)C(=O)OCCCCCCOc1cccc(C(=O)Oc2ccc(C#N)cc2)c1,0.34903264,51,2,24,5,1,2,train
4617,1245320293,*Oc1ccc(Oc2ccc(C(=O)c3ccc(*)cc3)cc2)cc1C,0.37828298,40,2,20,3,0,1,train
2106,567731832,*Cc1cc2cc(C(=O)Nc3ccc(Cc4ccc(NC(=O)c5cc6cc(*)c(OC(=O)COc7ccc8ccc(=O)oc8c7)cc6oc5=O)cc4)cc3)c(=O)oc2cc1OC(=O)COc1ccc2ccc(=O)oc2c1,0.32474874,128,2,56,16,2,8,train
595,165675920,*CC(*)(CC(=O)OC1CCCCCC1)C(=O)OC1CCCCCC1,0.36822035,39,2,19,4,0,2,train
3951,1070320227,*c1ccc(-c2ccc(-c3cc(-c4ccc(Oc5ccc(Oc6ccccc6)cc5)cc4)c4cc(-c5ccc6nc(*)cc(-c7ccc(Oc8ccc(Oc9ccccc9)cc8)cc7)c6c5)ccc4n3)cc2)cc1,0.38429931,123,2,66,4,2,0,train
5564,1509897801,*NCC(C)N*,0.31754129,9,2,3,0,2,0,train
1190,318909763,*C(=O)c1ccc2c(c1)C(=O)N(c1ccc(C(=O)c3cccc(C(=O)c4ccc(N5C(=O)c6ccc(*)cc6C5=O)cc4)c3)cc1)C2=O,0.35870758,91,2,37,7,2,7,train
3529,965501269,*O[Si](C)(CCC(F)(F)F)CCC(F)(F)C(F)(F)C(F)(F)C(F)(F)C(F)(F)C(F)(F)C(F)(F)C(F)(F)CC[Si](*)(C)CCC(F)(F)F,0.36576682,101,2,20,1,0,0,train
2468,673060988,*C(=O)c1ccc2c(c1)C(=O)N(c1ccc(Oc3c(C)cc(C(c4cc(C)c(Oc5ccc(N6C(=O)c7ccc(*)cc7C6=O)cc5)c(C)c4)c4cccc5ccccc45)cc3C)cc1)C2=O,0.40356882,120,2,56,7,2,5,train
6771,1836445960,*Nc1ccc(C2(c3ccc(N*)c(Cl)c3)c3ccccc3-c3ccccc32)cc1Cl,0.37468924,52,2,25,0,2,0,train
7756,2091289727,*c1nc(-c2ccccc2)nc(N(CCCCCCN(*)c2ccccc2)c2ccccc2)n1,0.38631278,51,2,27,0,5,0,train
7504,2028307602,*Nc1cc2c(cc1N*)C1(CC1)CC2(C)C,0.36330601,29,2,13,0,2,0,train
5891,1598043126,*CC(*)(C)C(=O)Oc1ccc(CC#N)cc1,0.36393077,29,2,12,2,1,1,train
3847,1044700576,*CC(*)OC(=O)C=Cc1ccccc1,0.35329706,23,2,11,2,0,2,train
4966,1345670200,*CC(COc1ccc(C(C)(c2ccccc2)c2ccc(O*)cc2)cc1)OC(C)=O,0.35362656,50,2,25,4,0,1,train
5916,1606219609,*Oc1ccc(S(=O)(=O)c2ccc(Oc3ccc(C=Cc4ccc(*)cc4)cc3)cc2)cc1,0.37415859,56,2,26,4,0,3,train
1444,389198623,*C(=O)c1ccc(C(=O)N(*)c2ccccc2)cc1,0.38571493,33,2,14,2,1,2,train
959,262850499,*Oc1ccc(S(=O)(=O)c2ccc(Oc3c(C)cc(C(C)(C)c4cc(C)c(*)c(C)c4Br)c(Br)c3C)cc2)cc1,0.41845298,76,2,31,4,0,2,train
4352,1173339618,*CC(*)C(N)=O,0.23763722,12,2,3,1,1,1,train
2472,673225351,*c1ccc2c(c1)C(=O)N(c1ccc(C3(c4ccc(N5C(=O)c6ccc(C(*)(C(F)(F)F)C(F)(F)F)cc6C5=O)c(F)c4)c4ccccc4-c4ccccc43)cc1F)C2=O,0.42499356,113,2,44,4,2,4,train
5542,1504692554,*Nc1ccc(C2(c3ccc(N*)cc3)CC=CCC2)cc1,0.35342761,35,2,18,0,2,1,train
7392,1998608102,*CC(*)(C)C(=O)OCCCCCCCCCCOc1ccc(C#Cc2cc(C)c(C=Cc3ccncc3)cc2C)cc1,0.38135827,64,2,37,3,1,2,train
2574,699175207,*C(=O)c1ccc2c(c1)C(=O)N(c1cc(C(=O)O)cc(N3C(=O)c4ccc(*)cc4C3=O)c1)C2=O,0.3614755,69,2,24,7,2,6,train
7434,2007665966,*OCC(F)(F)C(F)(F)C(F)(F)COc1nc(F)nc(*)c1F,0.34008549,41,2,9,2,2,0,train
6311,1709391995,*CCOCCOC(=O)C=CC(=O)NCCCCCCNC(=O)C=CC(=O)O*,0.32070713,43,2,18,7,2,6,train
69,18308835,*O[Si](C)(C)c1ccc2ccc([Si](*)(C)C)cc2c1,0.41603966,39,2,14,1,0,0,train
4460,1202772120,*Nc1ccc(NC(=O)c2cc(C(=O)c3ccc(C(=O)O)c(C(*)=O)c3)ccc2C(=O)O)cc1,0.31519377,63,2,23,7,2,5,train
5303,1441731142,*c1ccc(Cc2ccc(NC(=O)c3cccc(Oc4ccc5c(c4)C(=O)N(*)C5=O)c3)cc2)cc1,0.35744351,63,2,28,4,2,3,train
6285,1703438177,*Oc1ccc(C2(c3ccc(Oc4ccc(C(=O)Oc5ccc(C6(c7ccc(OC(=O)c8ccc(*)cc8)cc7)CCC(c7ccccc7)CC6)cc5)cc4)cc3)CCC(C(C)(C)C)CC2)cc1,0.37255795,116,2,60,6,0,2,train
1100,296253043,*Nc1ccc(CCCCCc2ccc(N*)cc2)cc1,0.34584996,29,2,17,0,2,0,train
5840,1583607044,*CCCOc1cccc(C(=O)OC(=O)c2cccc(O*)c2)c1,0.33347035,38,2,17,5,0,2,train
3378,925076863,*CCCCCC(*)CCC,0.40474828,13,2,9,0,0,0,train
3447,944555071,*CCCCOc1ccc(OCCCCc2nnc(-c3ccc(-c4nnc(*)o4)cc3)o2)c(C)c1,0.36004783,55,2,25,4,4,0,train
1135,303267980,*CCCCCCN(C)C(=O)CCC(=O)N(*)C,0.34567408,28,2,12,2,2,2,train
3745,1016483191,*c1cccc(N2C(=O)c3ccc(Oc4ccc(S(=O)(=O)c5ccc(Oc6ccc7c(c6)C(=O)N(*)C7=O)cc5)cc4)cc3C2=O)c1,0.36206097,87,2,34,8,2,6,train
7201,1946473006,*N=P(N=P(N=S(*)(=O)NCCC)(NCCC)NCCC)(NCCC)NCCC,0.39552121,45,2,15,1,8,4,train
2721,739937375,*CCN(CCOC(=O)c1ccc(C(=O)O*)cc1)c1ccc(-c2nc3ccc([N+](=O)[O-])cc3o2)cc1,0.35125653,69,2,25,7,3,3,train
2240,607683819,*NCCOCCOCCN*,0.31484972,12,2,6,2,2,0,train
6382,1729263987,*CC(*)(C)C(=O)Oc1ccc(C(=O)O)cc1,0.31218986,31,2,11,4,0,2,train
1354,367205774,*c1ccc(CCc2ccccc2N2C(=O)C(=O)N(c3ccc(Cc4ccc(N5C(=O)C(=O)N(*)C5=O)cc4)cc3)C2=O)cc1,0.36251555,81,2,33,6,4,6,train
20,5350166,*CC(C)(COC(=O)NCCCCCCNC(=O)O*)C(=O)O,0.31898697,36,2,13,6,2,3,train
1912,514560887,*Oc1ccc(S(=O)(=O)c2ccc(Oc3ccc(N=Cc4ccc(*)cc4)cc3)cc2)cc1,0.37509009,56,2,25,4,1,3,train
6435,1745650366,*C=C(F)C(F)(F)C*,0.35606714,16,2,4,0,0,1,train
4656,1253785759,*CC(*)(F)C(=O)OCCC,0.35411146,18,2,6,2,0,1,train
3131,848025633,*c1cc(C(c2ccc(OCCN(C)c3ccc(C=CC4=CC(=C(C#N)C(=O)OCCc5ccccc5)CC(C)(C)C4)cc3)c(N3C(=O)c4ccc(Oc5ccc6c(c5)C(=O)N(*)C6=O)cc4C3=O)c2)(C(F)(F)F)C(F)(F)F)ccc1OCCN(c1ccccc1)c1ccc(C=CC2=CC(=C(C#N)C(=O)OCCc3ccccc3)CC(C)(C)C2)cc1,0.37158327,217,2,96,11,6,12,train
7936,2139033638,*c1ccc2c(c1)C(=O)N(c1ccc(Oc3ccc(N4C(=O)c5ccc(C(*)(C(F)(F)F)C(F)(F)F)cc5C4=O)cc3)c(OCCN(CC)c3ccc(N=Nc4ccc([N+](=O)[O-])cc4)cc3)c1)C2=O,0.37475004,133,2,47,8,6,6,train
5479,1484940598,*C=C(C#N)C(=O)OCCCCCCOC(=O)C(C#N)=Cc1ccc2c(c1)c1cc(*)ccc1n2CCCCCCCCCCCCCC,0.38239556,73,2,40,4,3,4,train
4695,1264421130,*CC(*)c1cc(-c2ccc(C(=O)OC(C)CCCCCC)cc2)ccc1-c1ccc(C(=O)OC(C)CCCCCC)cc1,0.37966374,70,2,38,4,0,2,train
3172,861558907,*OCCOC(=O)c1cc(N=Nc2ccc(OCC)cc2)ccc1-c1ccc(N=Nc2ccc(OCC)cc2)cc1C(=O)OCCOc1nc(-c2ccc(OCCCC)cc2)nc(*)c1-c1ccc(OC)cc1,0.36727846,114,2,55,10,6,4,train
7244,1956666408,*Nc1ccc([C@@]2(C)CC(C)(C)c3ccc(N*)cc32)cc1,0.36492797,42,2,18,0,2,0,train
4030,1089446070,*Nc1cc2c(cc1N*)-c1ccccc1C2,0.34184722,26,2,13,0,2,0,train
3925,1064087880,*OC1C(C)(C)C(OC(*)=O)C1(C)C,0.37459599,27,2,9,3,0,1,train
1226,328610666,*Nc1ccc(-c2ccc(N*)cc2S(=O)(=O)O)c(S(=O)(=O)O)c1,0.32787588,47,2,12,6,2,4,train
5723,1553018997,*CC(*)C(=O)NC(C)(C)CS(=O)(=O)O,0.32186501,30,2,7,4,1,3,train
1527,409348345,*CC(*)C(=O)OCC(F)(F)F,0.32327677,21,2,5,2,0,1,train
3853,1045484392,*Nc1ccc(-c2ccc(NC(=O)c3cc(NC(=O)c4ccncc4)cc(C(*)=O)c3)cc2)cc1,0.33973104,61,2,26,3,4,3,train
5363,1455477899,*C(=O)CCCCCCCCC(=O)N1CCN(*)CC1,0.3439724,30,2,14,2,2,2,train
3305,904704494,*CCN(*)C(=O)CCC,0.35159195,15,2,6,1,1,1,train
1733,468202587,*c1cccc(NC(=O)c2ccc(OCCOCCOCCOCCOCCOc3ccc(C(=O)Nc4ccc5[nH]c(*)nc5c4)cc3)cc2)c1,0.34535507,78,2,37,8,4,2,train
3633,985931014,*CCCCCCCCOC(=O)c1ccc(-c2ccc(C(=O)O*)cc2)cc1,0.3520318,43,2,22,4,0,2,train
4214,1139986817,*CCCCCCNC(=O)c1ccc(C(=O)N*)c(Oc2ccc(F)cc2)c1,0.34608545,44,2,20,3,2,2,train
7096,1917735870,*c1ccc(-c2ccc(N(*)c3cc(C(F)(F)F)cc(C(F)(F)F)c3)cc2)cc1,0.44831423,54,2,20,0,1,0,train
4157,1125785790,*Oc1ccc(CC(NC(=O)CCc2ccc(OC(=O)CCCCCCC(*)=O)cc2)C(=O)OC)cc1,0.34260216,59,2,27,7,1,4,train
5882,1595107250,*Oc1ccc(C2(c3ccc(Oc4nc(*)nc(OC)n4)cc3)CCCCC2)cc1,0.36354043,48,2,22,3,3,0,train
2072,556865522,*C(=O)c1ccc2c(c1)C(=O)N(c1ccc(-c3c(-c4ccc(-c5ccccc5)cc4)cc(-c4ccc(OCCCCCCCCCCOc5ccc(-c6cc(-c7ccc(-c8ccccc8)cc7)c(-c7ccc(N8C(=O)c9ccc(*)cc9C8=O)cc7)c(-c7ccc(-c8ccccc8)cc7)c6)cc5)cc4)cc3-c3ccc(-c4ccccc4)cc3)cc1)C2=O,0.36823501,213,2,111,7,2,5,train
283,80929895,*CC(O)COc1ccc(C(C)(C)c2ccc(OCC(O)CN3CCN(*)CC3)cc2)cc1,0.35130308,53,2,25,4,2,0,train
2621,712424232,*c1ncnc(N(CCCCCCCCCCN(*)c2ccccc2)c2ccccc2)n1,0.38355919,44,2,25,0,5,0,train
5690,1543949166,*c1ccc(C=C(C#N)c2cc(OCCCCCCCC)c(C(C#N)=Cc3ccc(N(*)c4ccccc4)cc3)cc2OCCCCCCCC)cc1,0.40051472,79,2,46,2,3,2,train
4543,1223442975,*CCCCCCCCCCOc1c(OC)cc(/C=C/c2ccc(/C=C/c3cc(OC)c(O*)c(OC)c3)cc2)cc1OC,0.36539147,68,2,36,6,0,2,train
1487,398923440,*C(=O)Nc1ccc(-c2cc(-c3ccccc3)cc(-c3ccc(NC(=O)c4ccc5c(c4)C(=O)N(c4ccc(Oc6cccc7c(N8C(=O)c9ccc(*)cc9C8=O)cccc67)cc4)C5=O)cc3)n2)cc1,0.37160155,128,2,57,7,5,6,train
5141,1393145054,*c1ccc2c(c1)C(=O)N(c1ccc(Cc3ccc(N4C(=O)c5ccc(C(C)(C)CCCCC(*)(C)C)cc5C4=O)cc3)cc1)C2=O,0.36933669,85,2,39,4,2,4,train
3659,991912273,*c1ccc2c(c1)c1cc(-c3c4ccc(C=Cc5ccc(N(CCCCCC)CCCCCC)cc5)cc4c(*)c4ccc(C=Cc5ccc(N(CCCCCC)CCCCCC)cc5)cc34)ccc1n2CCCCCCCC,0.39672462,116,2,74,0,3,2,train
7344,1982444634,*Oc1ccc(P(C)(=O)c2ccc(Oc3ccc(C(c4ccccc4)(c4ccc(*)cc4)C(F)(F)F)cc3)cc2)cc1,0.38583407,73,2,33,3,0,1,train
3338,914573947,*c1ccc(Oc2ccc(C3(c4ccc(Oc5ccc(N6C(=O)c7ccc(Oc8ccc(C9(c%10ccc(Oc%11ccc%12c(c%11)C(=O)N(*)C%12=O)cc%10)CCC(c%10ccccc%10)CC9)cc8)cc7C6=O)cc5)cc4)CC4CC3C3CCCC43)cc2)cc1,0.37595307,164,2,74,8,2,4,train
2128,575774487,*C(=O)Nc1ccc(Oc2ccc(-c3ccc(Oc4ccc(NC(=O)c5ccc6c(c5)C(=O)N(c5ccc(Oc7ccc(N8C(=O)c9ccc(*)cc9C8=O)cc7)cc5)C6=O)cc4)cc3)cc2)cc1,0.3578244699999999,122,2,54,9,4,6,train
4020,1087155239,*CCOCCOC(=O)CCCCCCCCC(=O)O*,0.34936993,27,2,14,5,0,2,train
5737,1558371855,*CCOCCOCCOC(=O)c1ccc(-c2ccc(C(=O)O*)cc2)cc1,0.33902352,43,2,20,6,0,2,train
7610,2055026518,*Oc1ccc(S(=O)(=O)c2ccc(-c3ccc(S(=O)(=O)c4ccc(Oc5ccc(-c6ccc(-c7ccc(*)cc7)cc6)cc5)cc4)cc3)cc2)cc1,0.37441268,95,2,42,6,0,4,train
2789,759011226,*Oc1ccc(C(=O)c2ccccc2)c(-c2cc(Oc3ccc(-c4ccc(*)cc4)cc3)ccc2C(=O)c2ccccc2)c1,0.38076076,74,2,38,4,0,2,train
3693,1000610070,*Nc1ccc(C(=O)c2ccc(NC(=O)c3ccc(C(*)=O)cc3)cc2)cc1,0.34522858,49,2,21,3,2,3,train
3196,867758699,*c1nc(-c2ccccc2)nc(N(CCCCCCCCCCN(*)c2ccccc2)c2ccccc2)n1,0.38458096,55,2,31,0,5,0,train
7182,1941096449,*Nc1ccc2c(N*)c3cc(N)ccc3cc2c1,0.34432404,29,2,14,0,3,0,train
261,74688893,*CC(*)(CC(=O)OCCCCC)C(=O)OCCCCC,0.38050025,31,2,15,4,0,2,train
1492,400901906,*Nc1ccc(-c2ccc(NC(=O)c3ccc(NC(=O)c4ccc([Si](C)(C)c5ccc(C(=O)Nc6ccc(C(*)=O)cc6)cc5)cc4)cc3)cc2)cc1,0.36036817,97,2,42,4,4,4,train
4571,1233557380,*CC(*)(C)CCC,0.39381473,12,2,6,0,0,0,train
6392,1731885131,*CC(*)c1ccc(COCCOCCCCCCCC)cc1,0.38457352,29,2,19,2,0,0,train
2707,736727472,*CC(O)COc1ccc(C(C)(C)c2ccc(OCC(O)COc3ccc(S(=O)(=O)c4ccc(O*)c(C)c4)cc3C)cc2)cc1,0.35738719,78,2,35,8,0,2,train
1228,328792977,*Oc1ccc(C(C)(C)C)cc1Oc1ccc(S(=O)(=O)c2ccc(*)cc2)cc1,0.38170267,51,2,22,4,0,2,train
3850,1045029623,*CCCCCCNC(=O)CCc1ccc(CC(=O)N*)cc1,0.34201824,33,2,17,2,2,2,train
1782,479794111,*c1ccc(C(=O)NCCCCCCCCCCNC(=O)c2ccc(-c3nc4ccccc4nc3*)cc2)cc1,0.36538567,59,2,32,2,4,2,train
5406,1469251580,*Nc1ccc(-c2c(C)cc(C3(c4cc(C)c(-c5ccc(N*)cc5)c(C(C)C)c4)c4ccccc4-c4ccccc43)cc2C(C)C)cc1,0.4084913999999999,86,2,45,0,2,0,train
2173,589948553,*C1C(=O)N(C(C)(C)C)C(=O)C1*,0.39509539,27,2,8,2,1,2,train
6881,1864430039,*Cc1cc(C)c(CNC(=O)CCCCCCC(=O)N*)cc1C,0.34359188,36,2,18,2,2,2,train
4657,1253961002,*Oc1ccc([Si](c2ccccc2)(c2ccccc2)c2ccc(OC(=O)c3ccc4c(c3)Cc3cc(C(*)=O)ccc3-4)cc2)cc1,0.38005772,82,2,39,4,0,2,train
848,235628108,*c1ccc(-c2cc(C(C)(C)C)c(Oc3ccc(N4C(=O)c5ccc(Oc6ccc7c(c6)C(=O)N(*)C7=O)cc5C4=O)cc3)c(C(C)(C)C)c2)cc1,0.40933062,99,2,42,6,2,4,train
3320,908754108,*CC(*)C(=O)OCF,0.30797623,14,2,4,2,0,1,train
2955,802506538,*CC(*)(C)C(=O)OCCOCC[N+](CC)(CC)CCCCS(=O)(=O)O,0.420485,46,2,16,6,1,3,train
6809,1848016305,*c1ccc2oc(-c3ccc(C(c4ccc(-c5nc6cc(C(*)(C(F)(F)F)C(F)(F)F)ccc6o5)cc4)(C(F)(F)F)C(F)(F)F)cc3)nc2c1,0.42121884,96,2,32,2,2,0,train
1369,369639389,*CCCCCCN(CC(F)(F)C(F)(F)C(F)(F)C(F)(F)C(F)(F)C(F)(F)C(F)(F)F)C(=O)C(F)(F)C(F)(F)C(F)(F)C(=O)N(*)CC(F)(F)C(F)(F)C(F)(F)C(F)(F)C(F)(F)C(F)(F)C(F)(F)F,0.32766144,147,2,27,2,2,2,train
2935,798454930,*c1ccc2c(c1)C(=O)N(c1ccc(Oc3ccc(N4C(=O)c5ccc(C(F)(F)C(F)(F)C(F)(F)C(F)(F)C(F)(F)C(F)(F)C(F)(F)C(*)(F)F)cc5C4=O)cc3)cc1)C2=O,0.34699309,123,2,36,5,2,4,train
7748,2089653204,*OC(=O)c1ccc(CCCCCc2ccc(C(*)=O)cc2)cc1,0.35615105,38,2,19,3,0,2,train
1819,491271299,*Oc1ccc(S(=O)(=O)c2ccc(Oc3c(C(C)C)cc(C(C)(C)c4cc(C(C)C)c(*)c(C(C)C)c4)cc3C(C)C)cc2)cc1,0.41746736,86,2,39,4,0,2,train
2941,799690401,*Nc1cc2c(cc1C)-c1cc(C)c(N*)cc1S2(=O)=O,0.358207955,38,2,14,2,2,2,train
3963,1073733808,*CC(*)OC(=O)c1cccc(C)c1,0.36484403,23,2,10,2,0,1,train
6653,1806961099,*c1ccc(N(c2ccc(C#N)cc2)c2ccc(N3C(=O)c4ccc(Oc5ccc6c(c5)C(=O)N(*)C6=O)cc4C3=O)cc2)cc1,0.41433043,83,2,35,5,4,4,train
3875,1050763719,*c1cccc(N2C(=O)c3ccc(Oc4ccc5c(c4)C(=O)N(*)C5=O)cc3C2=O)c1,0.37088821,57,2,22,5,2,4,train
32,6665789,*Nc1cccc(C=Cc2ccc(NC(=O)c3cccc(C(*)=O)c3)cc2)c1,0.35017075,47,2,22,2,2,3,train
2019,544292910,*Nc1cccc2c1-c1ccc(N*)c(-c3ccccc3-c3ccccc3)c1C2(c1ccccc1)c1ccccc1,0.38258457,64,2,37,0,2,0,train
3410,934378848,*Oc1ccc(CC(NC(=O)CCc2ccc(OC(=O)CCC(*)=O)cc2)C(=O)OCc2ccccc2)cc1,0.33698124,63,2,29,7,1,4,train
1272,343155685,*c1ccc(C=Cc2cc(OCCCCCCCC)c(C=Cc3ccc(N(*)c4ccccc4)cc3)cc2OCCCCCCCC)cc1,0.3949659,69,2,44,2,1,2,train
4528,1219579071,*c1cccc(OCCCCCCCCOc2cccc(N3C(=O)c4ccc(-c5ccc6c(c5)C(=O)N(*)C6=O)cc4C3=O)c2)c1,0.34538338,77,2,36,6,2,4,train
2140,578621214,*Oc1cccc2ccc(Oc3ccc(NC(=O)c4ccc(Oc5ccc(S(=O)(=O)c6ccc(Oc7ccc(C(=O)Nc8ccc(*)cc8)cc7)cc6)cc5)cc4)cc3)cc12,0.35811295,103,2,48,8,2,4,train
6014,1631608831,*CCNC(=O)c1cccc(O*)c1,0.32622214,21,2,9,2,1,1,train
6890,1865789709,*COc1ccc(C(C)(C)c2ccc(Oc3ccc(*)n3-c3ccc(C#N)cc3)cc2)cc1,0.3718604,55,2,27,2,2,0,train
3833,1039049249,*Oc1cc(C)c(C(c2cc(C(C)C)c(Oc3ccc(C(=O)c4ccc(*)cc4)cc3)cc2C)c2ccccc2C(=O)O)cc1C(C)C,0.41139,82,2,41,5,0,2,train
2355,640690307,*C(=O)c1cc2c(cc1Cl)C(=O)N(c1cccc(N3C(=O)c4cc(*)c(Cl)cc4C3=O)c1)C2=O,0.38683576,67,2,23,5,2,5,train
6995,1891267124,*CCCCCCCC(=O)OC1COC(*)OC1,0.35442774,25,2,12,4,0,1,train
663,184273461,*Oc1ccc(OC(=O)CCCCC(*)=O)cc1,0.3300236,28,2,12,4,0,2,train
5196,1409584413,*CC(*)c1ccccc1C(=O)NC,0.35557991,21,2,10,1,1,1,train
1152,309733373,*OC(=O)c1ccc(CCCCCCc2ccc(C(*)=O)cc2)cc1,0.36077317,39,2,20,3,0,2,train
18,4834929,*Nc1ccc2c(c1)[C@H]1CC[C@@H]2c2cc(N*)ccc21,0.36594162,41,2,16,0,2,0,train
106,29881762,*CCCCCCN1C(=O)C(=O)N(*)C1=O,0.31655437,27,2,9,3,2,3,train
2714,738593262,*Nc1ccc(NC(=O)c2ccc(NC(=O)c3ccc(P(=O)(c4ccccc4)c4ccc(C(*)=O)cc4)cc3)cc2)cc1,0.35850742,75,2,33,4,3,4,train
1571,423361710,*Cc1ccccc1C[Si](*)(C)C,0.38237917,22,2,10,0,0,0,train
6210,1683937350,*C(*)(F)F,0.32274038,9,2,1,0,0,0,train
179,53548350,*Nc1ccc(-c2ccc(N*)c3c2CCCC3)cc1,0.35475566,31,2,16,0,2,0,train
7842,2112498322,*c1nnc(-c2sc(-c3nnc(-c4cc(OCCCCCCCC)c(*)cc4OCCCCCCCC)o3)cc2CCCCCCCC)o1,0.41777055,70,2,38,4,4,0,train
3115,844156595,*c1cc(C(=O)OCCCCC)cc(N2C(=O)CC(C3Cc4ccccc4C4C(=O)N(*)C(=O)C43)C2=O)c1,0.3651339,69,2,28,6,2,5,train
7758,2091819408,*C(C)=C(*)CCC,0.40232091,13,2,6,0,0,1,train
1206,323040540,*Nc1ccc2c(c1)C(CCCCCC)(CCCCCC)c1cc(N*)ccc1-2,0.36646307,44,2,25,0,2,0,train
477,132706466,*c1ccc(-c2ccc(-c3ccc(-c4ccc(-c5cc(-c6ccccc6)c6cc(Oc7ccc8nc(*)cc(-c9ccccc9)c8c7)ccc6n5)cc4)cc3)cc2)cc1,0.40016775,101,2,54,1,2,0,train
4073,1101351580,*Oc1ccc(-c2ccc(Oc3ccc(C(=O)c4c(C(=O)c5ccc(*)cc5)c(-c5ccccc5)c(-c5ccc6ccccc6c5)c(-c5ccc6ccccc6c5)c4-c4ccccc4)cc3)cc2)cc1,0.3993001,119,2,64,4,0,2,train
6175,1675272151,*CC(*)(C)C(=O)Oc1ccc(C(=O)Oc2ccc(C(=O)c3ccccc3)cc2)cc1,0.34771734,54,2,24,5,0,3,train
500,139188730,*Oc1ccc(NC(=O)c2ccc([Si](c3ccccc3)(c3ccccc3)c3ccc(C(*)=O)cc3)cc2)cc1,0.3724538,68,2,32,3,1,2,train
5489,1487920180,*CC(*)(C)C(=O)OCCCCCCOc1ccc(C(=O)Oc2ccc(OCCCC)cc2)cc1,0.35353312,53,2,27,6,0,2,train
7251,1958554605,*CC(C[Si](*)(C)C)c1cccc2ccccc12,0.37751563,31,2,15,0,0,0,train
1239,331790904,*c1ccc2c(c1)C(=O)N(c1cc(N3C(=O)c4ccc(C(*)(C(F)(F)F)C(F)(F)F)cc4C3=O)ccc1OCCCCCCOc1ccc(N=Nc3ccc(OCC)cc3)cc1)C2=O,0.36774153,111,2,45,7,4,5,train
6568,1786072112,*Oc1ccc(C(C)(c2ccccc2)c2ccc(Oc3ccc(C(=O)C(=O)c4ccc(*)cc4)cc3)cc2)cc1,0.38132966,68,2,34,4,0,2,train
5417,1472109489,*CCCCN1C(=O)c2ccc(C(c3ccc4c(c3)C(=O)N(*)C4=O)(C(F)(F)F)C(F)(F)F)cc2C1=O,0.34468789,71,2,23,4,2,4,train
5936,1610540990,*Oc1ccc(C(C)(C)c2ccc(OC(=O)c3ccc(C(C)(C)c4ccc(C(*)=O)cc4)cc3)cc2)cc1,0.37152028,68,2,32,4,0,2,train
1721,463770035,*C(C)=C(*)[Si](C)(C)CCCCCC,0.38363595,26,2,11,0,0,1,train
2395,652006110,*Nc1cc(N*)c2ccc3cccc4ccc1c2c43,0.33628882,30,2,16,0,2,0,train
5294,1438539748,*CCCOC(=O)OCCCCCCOC(=O)OCCCN1C(=O)c2ccc(C(=O)c3ccc4c(c3)C(=O)N(*)C4=O)cc2C1=O,0.32872339,77,2,31,11,2,7,train
3169,860898971,*CCOCCOCCOCCOC(=O)c1ccc(-c2ccc(C(=O)O*)cc2)cc1,0.34018016,46,2,22,7,0,2,train
5269,1431061733,*CC(*)c1ccc(Cl)c([N+](=O)[O-])c1,0.45234816,32,2,8,2,1,1,train
1795,482559838,*CC(COc1ccc(-c2ccc(OC)cc2)cc1)O*,0.34505988,32,2,16,3,0,0,train
3364,920814890,*C(=O)Nc1ccc(-c2ccc(NC(=O)c3ccc4c(c3)C(=O)N(c3ccc(Oc5cccc6c(N7C(=O)c8ccc(*)cc8C7=O)cccc56)cc3)C4=O)c(OC)c2)cc1OC,0.35702577,112,2,48,9,4,6,train
5029,1365608843,*CCCCCCNC(=O)C(OC)C(OC)C(=O)N*,0.33568737,30,2,12,4,2,2,train
7332,1979505726,*c1cccc(S(=O)(=O)NCCCCCCNS(*)(=O)=O)c1,0.34906326,38,2,12,4,2,4,train
2987,812162763,*CCCCCCOC(=O)C(CCCCCCCCCCP(=O)(OCC)OCC)C(=O)OCCCCCCOc1ccc(-n2on2-c2ccc(O*)cc2)cc1,0.36595222,81,2,41,10,2,3,train
5422,1473395922,*c1ccc(Oc2ccc(C3(c4ccc(Oc5ccc(N6C(=O)c7ccc(Oc8ccc(C9(c%10ccc(Oc%11ccc%12c(c%11)C(=O)N(*)C%12=O)cc%10)CCCCCCCCCCC9)cc8)cc7C6=O)cc5)cc4)C4CC5CC(C4)CC3C5)cc2)cc1,0.38174277,158,2,74,8,2,4,train
103,28479659,*c1ccc(Oc2cccc(Oc3ccc(N4C(=O)c5ccc(Oc6ccc(-c7ccc(Oc8ccc9c(c8)C(=O)N(*)C9=O)cc7)cc6)cc5C4=O)cc3)c2)cc1,0.36156161,101,2,46,8,2,4,train
3752,1017876939,*Oc1ccc(C2(c3ccc(Oc4ccc(C(=O)c5c(C(=O)c6ccc(*)cc6)c(-c6ccc(F)cc6)c(-c6ccc(F)cc6)c(-c6ccc(F)cc6)c5-c5ccc(F)cc5)cc4)cc3)c3ccccc3-c3ccccc32)cc1,0.40790835,140,2,69,4,0,2,train
4387,1181407570,*c1cc(Oc2c(C)cc(-c3cc(C)c(Oc4cc(N5C(=O)c6ccc(Oc7ccc8c(c7)C(=O)N(*)C8=O)cc6C5=O)cc(C(F)(F)F)c4)c(C)c3)cc2C)cc(C(F)(F)F)c1,0.38333986,120,2,46,7,2,4,train
6506,1769198640,*CC(*)(C)C(=O)OCCCCCCCC/C=C\CCCCCCCC,0.38969165,36,2,22,2,0,2,train
4034,1090620461,*c1ccc(Oc2ccc(C(=O)c3ccc(Oc4ccc(-c5nc(-c6ccccc6)[nH]c5*)cc4)cc3)cc2)cc1,0.38724079,71,2,34,3,2,1,train
2797,761202167,*c1ccc(-c2cc(CCCCCCCC)c(-c3ccc(-c4sc(*)cc4CCCCCCCC)cc3)s2)cn1,0.43120083,61,2,35,0,1,0,train
3798,1032380700,*Nc1cc([N+](=O)[O-])c(NC(=O)CCCCC(*)=O)cc1C=Cc1ccc(N(C)C)cc1,0.34629729,60,2,22,4,4,4,train
3564,972818761,*Cc1ccccc1[Si](*)(C)C,0.37867068,21,2,9,0,0,0,train
532,148248890,*CC(*)(C)C(=O)OCCN(CC)CC,0.3615965,24,2,10,2,1,1,train
4255,1150049230,*Oc1ccc(NC(=O)c2ccc(C(=O)Nc3ccc(Oc4ccc(C5(c6ccc(*)cc6)C6CC7CC(C6)CC5C7)cc4)cc3)c3ccccc23)cc1,0.37034563,92,2,46,4,2,2,train
7730,2083399085,*C(=O)c1ccc2c(c1)C(=O)N(c1cc(OCCCCCCCCCCCC)cc(N3C(=O)c4ccc(*)cc4C3=O)c1)C2=O,0.36928432,76,2,35,6,2,5,train
4779,1291566068,*CCCCCCCCCCCC(=O)Oc1ccc(C(C)(C)c2ccc(OC(=O)c3ccc4c(c3)C(=O)N(*)C4=O)cc2)cc1,0.357058,75,2,36,6,1,4,train
2996,814315691,*CC(*)OC(=O)CCCC(=O)c1ccccc1,0.3393767,28,2,13,3,0,2,train
2931,797481672,*c1c(C)cc(C)c(N2C(=O)c3cccc(Oc4c(C)cc(Cc5cc(C)c(Oc6cccc7c6C(=O)N(*)C7=O)c(C)c5)cc4C)c3C2=O)c1C,0.39441657,94,2,42,6,2,4,train
5205,1411897079,*c1ccc(C(=O)Oc2ccc(C(C)(C)c3ccc(OC(=O)c4ccc(N5C(=O)CC(SCCOCCSC6CC(=O)N(*)C6=O)C5=O)cc4)cc3)cc2)cc1,0.34542063,98,2,41,9,2,6,train
1952,525996171,*Oc1cccc(NC(=O)CCCCCCCCC(=O)Nc2ccc(*)cc2)c1,0.34695098,43,2,22,3,2,2,train
3394,929171141,*Nc1ccc2c(-c3ccccc3C)c3ccccc3c(-c3ccccc3C)c2c1N*,0.36841027,48,2,28,0,2,0,train
1722,464374325,*CCCCCCC(=O)O*,0.35774831,14,2,7,2,0,1,train
4709,1267496441,*CCCN(*)C(=O)CCCCC,0.36869304,18,2,9,1,1,1,train
6604,1795125893,*CCCCCN1C(=O)c2ccc(C(=O)Oc3ccc(-c4ccc(OC(=O)c5ccc6c(c5)C(=O)N(*)C6=O)cc4)cc3)cc2C1=O,0.34164586,84,2,35,8,2,6,train
2922,794641374,*C(=O)Nc1ccc(Oc2ccc(NC(=O)c3ccc4c(c3)C(=O)N(c3ccc(Oc5ccc(N6C(=O)c7ccc(*)cc7C6=O)cc5)cc3)C4=O)cc2)cc1,0.35417449,100,2,42,8,4,6,train
7430,2006996474,*CCCCCCCCCCOC(=O)NCc1ccc(CNC(=O)O*)cc1,0.34727776,38,2,20,4,2,2,train
544,151355449,*CCOCCOC(=O)CCSCCC(=O)O*,0.34050222,24,2,10,5,0,2,train
7794,2102048266,*CC(C)(C)C1C(=O)OC(=O)C1*,0.29898887,25,2,8,3,0,2,train
1259,338510207,*CC(*)(CC(=O)OC(C)C)C(=O)OC12CC3CC(C)(CC(C)(C3)C1)C2,0.39295654,52,2,20,4,0,2,train
3905,1058146720,*CCCS(=O)(=O)CCCCS(=O)(=O)CCCOC(=O)c1ccccc1C(=O)O*,0.34980137,50,2,18,8,0,6,train
827,231347203,*NCCCN(C)CCCN*,0.32591931,14,2,7,0,3,0,train
625,174718000,*Nc1c(C)cc(-c2cc(C)c(N*)c3ccccc23)c2ccccc12,0.3715986,43,2,22,0,2,0,train
6770,1836411379,*c1cc(SCCCCCC)c(*)s1,0.43728421,20,2,10,0,0,0,train
2037,549581828,*c1ccc(Oc2ccc(C3(c4ccc(Oc5ccc(N6C(=O)c7ccc(Oc8ccc(C9(c%10ccc(Oc%11ccc%12c(c%11)C(=O)N(*)C%12=O)cc%10)CCC(c%10ccccc%10)CC9)cc8)cc7C6=O)cc5)cc4)CCC(C(C)(C)C)CC3)cc2)cc1,0.38206234,166,2,74,8,2,4,train
2729,744751157,*CCN(CCOC(=O)Nc1ccc(C)c(NC(=O)O*)c1)c1ccccc1,0.34387073,44,2,19,4,3,2,train
376,104578958,*c1cccc(N2C(=O)c3cccc(Oc4c(C)cc(Cc5cc(C)c(Oc6cccc7c6C(=O)N(*)C7=O)c(C)c5)cc4C)c3C2=O)c1,0.38564585,87,2,39,6,2,4,train
3537,967673328,*Nc1ccc(-c2c(N*)ccc(-c3ccccc3)c2-c2ccccc2)cc1,0.35943481,45,2,24,0,2,0,train
4896,1326151916,*c1ccc(Cc2ccc(N3C(=O)CC(Nc4ccc(N(c5ccc(Nc6ccc([N+](=O)[O-])cc6)cc5)c5ccc(NC6CC(=O)N(*)C6=O)cc5)cc4)C3=O)cc2)cc1,0.37796488,111,2,45,6,7,5,train
1421,382336764,*c1ccc(Oc2ccc(C(c3ccc(Oc4ccc(-c5cccc(*)n5)cc4C(F)(F)F)cc3)(C(F)(F)F)C(F)(F)F)cc2)c(C(F)(F)F)c1,0.38991023,94,2,34,2,1,0,train
24,5724071,*NC(=O)Nc1ccc(Cc2ccc(NC(=O)Nc3cccc(*)n3)cc2)cc1,0.33930299,47,2,20,2,5,2,train
2366,643400948,*O[Si](C)(C)c1ccc([Si](*)(C)C)cc1,0.42793636,33,2,10,1,0,0,train
4163,1127321613,*CCN(CCOC(=O)Nc1ccc(C)c(NC(=O)O*)c1)c1ccc(N=Nc2ccc(-c3nc4cc([N+](=O)[O-])ccc4[nH]3)cc2)cc1,0.35638392,90,2,32,6,8,4,train
1532,410876568,*c1ccc(Oc2ccc(S(=O)(=O)c3ccc(Oc4ccc(-c5cc(*)[nH]n5)cc4)cc3)cc2)cc1,0.3751119,66,2,27,4,2,2,train
3818,1036138133,*c1ccc(Oc2ccc(Oc3ccc(N4C(=O)c5ccc(Oc6ccc(C7(c8ccc(Oc9ccc%10c(c9)C(=O)N(*)C%10=O)cc8)CCC(C(C)(C)C)CC7)cc6)cc5C4=O)cc3)c(C(C)(C)C)c2)cc1,0.38499973,134,2,60,8,2,4,train
7691,2074001151,*c1ccc(Oc2ccc(-c3ccc(Oc4ccc(N5C(=O)c6ccc(Oc7ccc(C(C)(C)c8ccc(Oc9ccc%10c(c9)C(=O)N(*)C%10=O)cc8)cc7)cc6C5=O)cc4)cc3)cc2)cc1,0.36490013,122,2,55,8,2,4,train
1836,496258709,*CC(*)(C)c1ccc(C(O)C(F)(F)F)cc1,0.35571661,31,2,11,1,0,0,train
2912,792165329,*CC(*)c1ccccc1C(=O)OCCC(C)C,0.37558772,27,2,14,2,0,1,train
1331,359727146,*Oc1cccc2ccc(Oc3ccc(NC(=O)c4ccc(Oc5ccc(C(C)(c6ccccc6)c6ccc(Oc7ccc(C(=O)Nc8ccc(*)cc8)cc7)cc6)cc5)cc4)cc3)cc12,0.36713277,108,2,56,6,2,2,train
2110,569949305,*CCCCCCCCCCCCN1C(=O)c2ccc(C(c3ccc4c(c3)C(=O)N(*)C4=O)(C(F)(F)F)C(F)(F)F)cc2C1=O,0.35472454,79,2,31,4,2,4,train
1446,389523248,*Cc1cccc(CNC(=O)C=C(C)C(=O)N*)c1,0.32039136,32,2,13,2,2,3,train
2733,745676028,*Oc1ccc(Oc2ccc(NC(=O)c3cccc(C(=O)Nc4ccc(*)cc4)c3)cc2)cc1C(C)(C)C,0.36499914,64,2,30,4,2,2,train
2521,685115474,*Oc1ccc(C2(c3ccc(Oc4ccc(C(=O)c5ccc(*)cc5)cc4)c(C)c3)CCC3CCCCC3C2)cc1C,0.39820678,69,2,37,3,0,1,train
3941,1068100442,*CC(*)(C)C(=O)NC(C)c1cccc2ccccc12,0.35801124,33,2,16,1,1,1,train
6954,1881434698,*Nc1c2ccccc2c(-c2c3ccccc3c(N*)c3c(-c4ccc(C)cc4)c(-c4ccc(C)cc4)c(-c4ccc(C)cc4)c(-c4ccc(C)cc4)c23)c2ccccc12,0.39299822,105,2,56,0,2,0,train
4080,1103276909,*CC(*)C(=O)OC(F)(C(F)(F)F)C(F)(F)F,0.31831745,34,2,6,2,0,1,train
6474,1756335423,*Nc1ccc2cc3c(-c4ccccc4)c(N*)c(-c4ccccc4)cc3cc2c1,0.36293464,48,2,26,0,2,0,train
3938,1066912127,*CC(C)(CC)CO*,0.38345634,13,2,6,1,0,0,train
4419,1190275023,*c1ccc(NC(=O)CCCCCC(=O)Nc2ccc(S(*)(=O)=O)cc2)cc1,0.3393363,48,2,19,4,2,4,train
3616,982823848,*Oc1c(OC)cc(*)cc1OC,0.35493117,19,2,8,3,0,0,train
3098,841055334,*Oc1ccc(C(C)(C)c2ccc(Oc3ccc4c(=O)n5c6cc(-c7ccc8c(c7)nc7c9ccc(*)c%10cccc(c(=O)n87)c%109)ccc6nc5c5cccc3c45)cc2)cc1,0.3824439,112,2,51,4,4,2,train
2577,699667055,*Oc1ccc(NC(=O)c2ccc(Oc3ccc(C(C)(C)c4ccc(C(C)(C)c5ccc(Oc6ccc(C(=O)Nc7ccc(Oc8ccc(C(C)(C)c9ccc(*)cc9)cc8)cc7)cc6)cc5)cc4)cc3)cc2)cc1,0.37043796,129,2,65,6,2,2,train
1187,317893081,*Nc1c(N*)c2c3ccccc3ccc2c2ccccc12,0.33765399,32,2,18,0,2,0,train
4382,1180480883,*NNC(=O)c1cc(NC(=O)c2ccc3c(c2)C(=O)N(c2ncccc2C)C3=O)cc(C(=O)NNC(=O)C(*)=O)c1,0.32332887,76,2,25,7,7,7,train
7082,1914920451,*CC(*)(C)C(=O)OCCCCC,0.37286152,20,2,9,2,0,1,train
7513,2031068763,*Oc1ccc(Oc2ccc(C(=O)c3ccc(C(=O)c4ccc(*)cc4)cc3)cc2)cc1-c1ccccc1,0.38107447,63,2,32,4,0,2,train
7961,2144585137,*C=CCCCCCCCCCC(Cl)CCCCCCCCC*,0.40465306,28,2,21,0,0,1,train
5108,1387274327,*OC(C)C(=O)NC(C)C(*)=O,0.33069722,22,2,6,3,1,2,train
6430,1744915619,*c1ccccc1C(=O)Oc1ccc2c(*)c3ccc(=O)cc-3oc2c1,0.35798941,43,2,20,4,0,2,train
7920,2132825345,*O[Si](C)(C)O[Si](C)(C)O[Si](C)(C)O[Si](C)(C)O[Si](C)(C)OC(C)CCCCC(*)C,0.43542054,70,2,18,6,0,0,train
2762,751017152,*Oc1ccc(Oc2ccc(NC(=O)c3ccc(Oc4ccc(Oc5ccc(C(=O)Nc6ccc(*)cc6)cc5)cc4C)cc3)cc2)cc1C,0.36216317,80,2,40,6,2,2,train
1896,509992676,*Nc1ccc(/C=C/c2ccc(-c3ccc(/C=C/c4ccc(N*)cc4)cc3)cc2)cc1,0.35190828,55,2,28,0,2,2,train
5649,1532003406,*c1ccc(OCCCCCOc2ccc(N3C(=O)c4ccc(-c5cccc6c5C(=O)N(*)C6=O)cc4C3=O)cc2)cc1,0.35403674,72,2,33,6,2,4,train
424,116842973,*Nc1ccc(-c2cccc(N*)c2-c2ccccc2)cc1,0.35759716,34,2,18,0,2,0,train
6532,1777517337,*Nc1cc2c(cc(N*)c3c(-c4ccc(C=C)cc4)c(-c4ccc(C=C)cc4)c(-c4ccc(C=C)cc4)c(-c4ccc(C=C)cc4)c32)c2ccccc12,0.37091967,98,2,50,0,2,4,train
5719,1551667752,*CCCCCCCCNC(=O)CCCCCCCCCCC(=O)N*,0.36786948,32,2,20,2,2,2,train
228,66764672,*C=CC1CC(*)C(C#N)(C[Si](C)(C)O[Si](C)(C)C)C1,0.43283262,44,2,14,1,1,1,train
4561,1229175862,*Oc1ccc(S(=O)(=O)c2ccc(Oc3ccc(C4(c5ccc(*)cc5)c5ccccc5-c5ccccc54)cc3)cc2)cc1,0.39274981,75,2,37,4,0,2,train
4944,1338251164,*OC(COC(=O)c1ccccc1C(*)=O)COc1ccc(N=Nc2ccc(C#N)cc2)cc1,0.35887152,54,2,24,5,3,3,train
5396,1465340291,*CC(*)(C)C(=O)NC(=O)Oc1ccc(S(=O)(=O)c2ccc(O)cc2)cc1,0.31639128,51,2,17,6,1,4,train
4475,1205228260,*c1ccc(-c2ccc(-c3ccc(-c4ccc(-c5ccc6c(c5)C(=O)N(c5ccc(Oc7ccc(N8C(=O)c9ccc(*)cc9C8=O)cc7)cc5)C6=O)cc4)cc3)cc2)cc1,0.36808729,111,2,52,5,2,4,train
4322,1163047718,*c1c(C)cc(-c2cc(C)c(N3C(=O)c4ccc(Oc5c(C)cc(Cc6cc(C)c(Oc7ccc8c(c7)C(=O)N(*)C8=O)c(C)c6)cc5C)cc4C3=O)c(C)c2)cc1C,0.40667295,110,2,49,6,2,4,train
1346,364113470,*c1ccc(-c2ccc(-c3nc4ccccc4c(-c4ccc(Oc5ccc(-c6c(-c7ccccc7)c(*)nc7ccccc67)cc5)cc4)c3-c3ccccc3)cc2)cc1,0.40290946,99,2,54,1,2,0,train
1791,481255154,*Oc1ccc(S(=O)(=O)c2ccc(Oc3ccc(C(=O)c4cc(C(=O)c5ccc(*)cc5)cc(C(C)(C)C)c4)cc3)cc2)cc1,0.38222676,83,2,36,6,0,4,train
2177,590866562,*Oc1ccc(OC(=O)c2ccc(OCCCCCCOc3ccc(C(*)=O)cc3)cc2)cc1N=Nc1ccc(C#N)cc1,0.35843895,68,2,33,6,3,3,train
6303,1706907888,*c1cccc(C(=O)Nc2ccc(Oc3ccc(S(=O)(=O)c4ccc(Oc5ccc(NC(=O)c6cccc(N7C(=O)c8ccc(-c9cccc%10c9C(=O)N(*)C%10=O)cc8C7=O)c6)cc5)cc4)cc3)cc2)c1,0.35891264,132,2,54,10,4,8,train
3728,1012244611,*c1ccc(N2C(=O)c3ccc(C(=O)c4ccc5c(c4)C(=O)N(c4ccc(-c6nc7cc(-c8ccc9nc(-c%10ccccc%10)c(*)nc9c8)ccc7nc6-c6ccccc6)cc4)C5=O)cc3C2=O)cc1,0.41170662,129,2,57,5,6,5,train
1993,537664135,*CCCCCCOC(=O)OCCCOC(=O)OCCCCCCOc1ccc(Oc2ccc(O*)cc2)cc1,0.34845785,54,2,29,9,0,2,train
4369,1177560732,*Oc1ccc(CC(NC(=O)Cc2ccc(OC(=O)CC(C)CCC(*)=O)cc2)C(=O)OCC)cc1,0.33783278,60,2,26,7,1,4,train
4078,1102959825,*c1ccc(-c2nc3cc(S(=O)(=O)c4ccc5nc(-c6ccccc6)c(*)nc5c4)ccc3nc2-c2ccccc2)cc1,0.42858574,74,2,34,2,4,2,train
7647,2065007908,*C(=O)Nc1cccc(NC(=O)c2ccc3c(c2)C(=O)N(c2ccc(-c4sc(-c5ccc(N6C(=O)c7ccc(*)cc7C6=O)cc5)c(-c5ccccc5)c4-c4ccccc4)cc2)C3=O)c1,0.38895508,119,2,52,6,4,6,train
7508,2029399840,*CCOC(=O)c1ccc2cc(C(=O)O*)ccc2c1,0.3346262,32,2,14,4,0,2,train
3038,822757140,*CNC(=O)OC(c1ccco1)C(OC(=O)NCc1ccc(C(C)(C)c2ccc(*)o2)o1)c1ccco1,0.35185553,63,2,25,8,2,2,train
2665,723903020,*c1cccc(Cc2cccc(N3C(=O)c4ccc([Si](C)(C)c5ccc6c(c5)C(=O)N(*)C6=O)cc4C3=O)c2)c1,0.38669859,77,2,31,4,2,4,train
6931,1874299815,*Nc1ccc(-c2cc(-c3ccccc3)c(N*)c(N)c2-c2ccccc2)cc1N,0.35451477,49,2,24,0,4,0,train
1208,323702728,*Nc1ccc(Cc2ccccc2C(C)(CCCCCCCCC)c2ccccc2Cc2ccc(N*)cc2)cc1,0.36176304,57,2,37,0,2,0,train
1655,445398297,*CC(*)c1ccccc1C(=O)Oc1ccccc1,0.3593053,28,2,15,2,0,1,train
7382,1995487445,*CC(*)(C)C(=O)OCCO[Si](C)(C)C,0.40711704,29,2,9,3,0,1,train
2152,581660606,*CC(*)(C)C(=O)OCCCCCOc1ccc(OC(=O)c2ccc(OC)cc2)cc1,0.33969728,49,2,23,6,0,2,train
5663,1535630026,*c1cc(C=Nc2ccc3c(c2)c2cc(N=Cc4cc(*)c(O)c(*)c4)ccc2n3CCCCCCCCCCCC)ccc1O,0.37679256,70,3,38,2,3,2,train
6366,1724528524,*CC(O)COc1ccc(C2CC(C(C)C)CCC2(C)c2ccc(O*)cc2)cc1,0.36433734,48,2,25,3,0,0,train
1661,446207313,*Nc1ccc(-c2c(-c3ccccc3)c(-c3ccccc3)c(N*)c(-c3ccccc3)c2-c2ccccc2)cc1,0.37411616,67,2,36,0,2,0,train
6110,1655950813,*OC1CCC(OC(=O)OCCCCCCCOC(*)=O)CC1,0.3452967,33,2,15,6,0,2,train
6847,1855457163,*Nc1ccc(-c2ccc(C(=C(c3ccccc3)c3ccccc3)c3ccc(-c4ccc(N*)cc4)cc3)cc2)cc1,0.37596721,69,2,38,0,2,1,train
7673,2070641529,*c1ccc(C(=O)Oc2c(C)cc(C(c3cccnc3)c3cc(C)c(OC(=O)c4ccc(N5C(=O)CC(Nc6ccc(Cc7ccc(NC8CC(=O)N(*)C8=O)cc7)cc6)C5=O)cc4)c(C)c3)cc2C)cc1,0.3762598,128,2,57,8,5,6,train
610,169491723,*c1ccc(Oc2cccc3c(Oc4ccc(N5C(=O)c6ccc(-c7ccc8c(c7)C(=O)N(*)C8=O)cc6C5=O)cc4)cccc23)cc1,0.37148684,85,2,38,6,2,4,train
7679,2071134178,*Nc1ccccc1/C(=C(\c1ccccc1)c1ccccc1N*)c1ccccc1,0.37548101,45,2,26,0,2,1,train
1516,406938063,*Oc1cccc(Oc2ccc(NC(=O)c3cc(NC(=O)c4ccc(OC(C)=O)cc4)cc(C(=O)Nc4ccc(*)cc4)c3)cc2)c1,0.3367398,81,2,35,7,3,4,train
1093,295260492,*C[Si](*)(C)CCCOCCOCCOC,0.36062899,23,2,10,3,0,0,train
3767,1022782104,*c1ccc2oc(-c3ccc(Oc4ccc(-c5nc6cc(C(*)(c7ccccc7)C(F)(F)F)ccc6o5)cc4)cc3)nc2c1,0.41979595,76,2,34,3,2,0,train
7915,2131565375,*Nc1cc2ccccc2c(Cc2c(N*)c(N)cc3ccccc23)c1N,0.34344352,41,2,21,0,4,0,train
6389,1731176824,*c1ccc2c(c1)C(=O)N(c1ccc(Oc3ccc(N4C(=O)c5ccc(C(C)(C)CCCCC(*)(C)C)cc5C4=O)cc3)cc1)C2=O,0.37011178,85,2,38,5,2,4,train
4569,1233336012,*CCOCCOc1cccc(NC(=O)c2ccc(C(=O)Nc3cccc(O*)c3)cc2)c1,0.33599238,51,2,24,5,2,2,train
5562,1509770012,*c1ccc2c(c1)C(=O)N(c1cccc(P(=O)(c3ccccc3)c3cccc(N4C(=O)c5ccc(C(*)(C(F)(F)F)C(F)(F)F)cc5C4=O)c3)c1)C2=O,0.39499825,102,2,37,5,2,5,train
6480,1757862881,*CCCCCCOC(=O)C(CCCCCP(=O)(O)O)C(=O)OCCCCCCOc1ccc(-n2on2-c2ccc(O*)cc2)cc1,0.3498874,72,2,32,10,2,3,train
3430,938927224,*c1ccc(Oc2ccc(-c3ccc(Oc4ccc(N5C(=O)c6ccc(Oc7c(C)cc(Cc8cc(C)c(Oc9ccc%10c(c9)C(=O)N(*)C%10=O)c(C)c8)cc7C)cc6C5=O)cc4)cc3)cc2)cc1,0.38112345,126,2,57,8,2,4,train
2475,673704172,*CC(*)(C)C(=O)OCCOCCOC,0.33828721,22,2,9,4,0,1,train
2622,712525184,*CC(*)c1cc(C(=O)Oc2ccc(OCCCCCC)cc2)ccc1C(=O)Oc1ccc(OCCCCCC)cc1,0.36539229,62,2,34,6,0,2,train
5948,1613665911,*Nc1ccc(NC(=O)CCCCC(*)=O)cc1,0.32538533,28,2,12,2,2,2,train
4953,1341702533,*C=Cc1ccc(C=Cc2ccc3c(c2)Sc2cc(*)ccc2N3c2ccc(OCCCCCCCCCCCC)cc2)cc1,0.3922989,65,2,39,1,1,2,train
2025,545845623,*Oc1ccc(OC(=O)c2ccc(C(*)=O)cc2Oc2ccccc2)cc1,0.3472806,43,2,20,5,0,2,train
6849,1856962369,*C(=O)c1ccc2c(c1)C(=O)N(c1ccc(C(=O)Nc3cccc(N4C(=O)c5ccc(*)cc5C4=O)c3)cc1)C2=O,0.35645832,77,2,30,6,3,6,train
5715,1550628326,*Oc1ccc(S(=O)(=O)c2ccc(Oc3ccc(C(c4ccc(*)c(Br)c4)(C(F)(F)F)C(F)(F)F)cc3Br)cc2)cc1,0.39473159,80,2,27,4,0,2,train
577,159895291,*CC(=O)Nc1ccc(Oc2ccc(C(C)(C)c3ccc(Oc4ccc(NC(=O)CN5C(=O)c6ccc(C(c7ccc8c(c7)C(=O)N(*)C8=O)(C(F)(F)F)C(F)(F)F)cc6C5=O)cc4)cc3)cc2)cc1,0.35255561,130,2,50,8,4,6,train
684,190344544,*Nc1ccc(NC(=O)c2cc(C(*)=O)c(C(=O)O)cc2C(=O)O)cc1,0.29592785,48,2,16,6,2,4,train
4386,1181185977,*Nc1ccc2c(CC=C)c3c(CC=C)c(N*)ccc3cc2c1,0.34493349,38,2,20,0,2,2,train
6151,1669796123,*CCOCCOC(=O)NCCCCCCNC(=O)O*,0.33299427,27,2,12,5,2,2,train
2640,719137941,*CC#CC#CCOc1ccc(C(=O)OCCN(CCOC(=O)c2ccc(O*)cc2)c2ccc(N=Nc3ccc(N=Nc4cc(C)c([N+](=O)[O-])c(C)c4)cc3)cc2)cc1,0.3672374,105,2,44,8,6,5,train
3919,1060757060,*CC(C)=CC(C)S(*)(=O)=O,0.38497626,22,2,6,2,0,3,train
548,152255453,*Oc1ccc(Oc2ccc(OC(=O)c3cccc(C(*)=O)c3)cc2)cc1,0.34811185,45,2,20,5,0,2,train
4847,1311473361,*Oc1ccc(C(=Cc2cc(OC)c(C=C(c3ccc(*)cc3)c3ccc(C(F)(F)F)cc3)cc2OC)c2ccc(C(F)(F)F)cc2)cc1,0.3904137,85,2,38,3,0,2,train
4337,1168402050,*Oc1ccc(OC(=O)/C=C/c2ccc(/C=C/C(*)=O)cc2)cc1,0.34258266,44,2,18,4,0,4,train
364,102315862,*OP(=O)(Oc1ccc(S(=O)(=O)c2ccc(*)cc2)cc1)OC1CCCCC1,0.36199402,49,2,18,6,0,3,train
4875,1321017513,*Oc1ccc(-c2ccc(C(C)(C)c3ccc(-c4ccc(OC(*)=O)c(F)c4)cc3)cc2)cc1F,0.36767878,62,2,28,3,0,1,train
4823,1301948076,*CC(OCC)C1C(=O)OC(=O)C1*,0.31032484,24,2,8,4,0,2,train
2777,754749806,*CCCOC(=O)CCCC(=O)O*,0.32464851,20,2,8,4,0,2,train
6898,1868095680,*CC(*)(C)C(=O)OCCCCc1ccc(N=Nc2ccc(OC(F)(F)F)cc2)cc1,0.35542759,51,2,21,3,2,2,train
4391,1182569183,*CC(OCC)C(C)(C(=O)OC)C(*)(C)C(=O)OC,0.35110044,35,2,12,5,0,2,train
6195,1679226425,*Nc1ccc(C2(c3ccc(N*)cc3)CCC2(c2ccc(N)cc2)c2ccc(N)cc2)cc1,0.37813226,56,2,28,0,4,0,train
7963,2144885299,*Oc1ccc(Oc2ccc(C(=O)c3ccc(C(=O)c4ccc(*)cc4)c4ccccc34)cc2)cc1,0.37892993,60,2,30,4,0,2,train
365,102324503,*Oc1ccc(C(C)(C)c2ccc(OC(=O)c3ccc(C(C)(CC)c4ccc(C(*)=O)cc4)cc3)cc2)cc1,0.37130166,69,2,33,4,0,2,train
2068,555601753,*CC(*)c1ccc(C)nc1,0.41719903,17,2,8,0,1,0,train
656,182838821,*C[Si](*)(CCCCC)CCCCC,0.41744785,21,2,11,0,0,0,train
4317,1161685710,*Nc1ccc(C(=C)[C@H]2[C@@H]3C[C@H]4C[C@@H](C3)C[C@@H]2C4)cc1N*,0.35093584,60,2,18,0,2,1,train
1762,474558626,*NCCCc1c2ccccc2c(N*)c2ccccc12,0.33990323,29,2,17,0,2,0,train
2831,768384141,*CCCP(CCCCCCCC)CCCNC(=O)CCCCC(=O)N*,0.3656047,35,2,20,2,2,2,train
5725,1553955153,*CCCCCC(*)CC,0.40321995,12,2,8,0,0,0,train
7567,2044554925,*Nc1ccc2c(c1)[C@H]1CC[C@@H]2c2ccc(N*)cc21,0.3658294,41,2,16,0,2,0,train
4091,1105688396,*CCOc1ccc(S(=O)(=O)c2ccc(OCCOP(=O)(O*)Oc3ccc(Br)cc3)cc2)cc1,0.35394137,59,2,22,8,0,3,train
1943,522894499,*Nc1ccccc1-c1cccc2c(-c3ccccc3N*)cccc12,0.35396879,38,2,22,0,2,0,train
3626,984722345,*C(=O)OCCCCCCCCCOC(=O)c1ccc(N2C(=O)c3ccc(*)cc3C2=O)cc1,0.34843599,54,2,25,6,1,4,train
4735,1276410560,*c1ccc2c(c1)C(=O)N(c1ccc(NC(=O)C(F)(F)C(F)(F)C(F)(F)C(F)(F)C(F)(F)C(F)(F)C(=O)Nc3ccc(N4C(=O)c5ccc(C(*)(C(F)(F)F)C(F)(F)F)cc5C4=O)cc3)cc1)C2=O,0.33986713,141,2,39,6,4,6,train
1832,494975376,*c1cccc(C(c2ccccc2)(c2cccc(N3C(=O)c4ccc(Oc5ccc6c(c5)C(=O)N(*)C6=O)cc4C3=O)c2)C(F)(F)F)c1,0.38438296,88,2,36,5,2,4,train
3646,990726873,*Nc1cc(NC(=O)c2cc(OCCCN(C)c3ccc(N=Nc4ccc(S(C)(=O)=O)cc4)cc3)cc(C(*)=O)c2)cc(C(=O)OCCCN(C)c2ccc(N=Nc3ccc(S(C)(=O)=O)cc3)cc2)c1,0.3639981,125,2,49,9,8,9,train
2127,575704525,*CC(*)c1ccc(C(=O)OCCCC)cc1,0.37961206,26,2,13,2,0,1,train
6443,1748848667,*c1cc(CC(=O)OCC)c(*)s1,0.394744,22,2,8,2,0,1,train
97,25748429,*c1ccc(Cc2ccc(N3C(=O)C4CCC5C(=O)N(*)C(=O)C5C4C3=O)c(C)c2)cc1C,0.38793304,61,2,25,4,2,4,train
1366,368968267,*CCN(CCOC(=O)c1ccc(C(=O)O*)c(OCCC)c1)c1ccc(N=Nc2ccc(-c3nc4cc([N+](=O)[O-])ccc4[nH]3)cc2)cc1,0.35758422,91,2,34,7,6,4,train
1680,453918545,*C(=O)c1ccc2c(c1)C(=O)N(c1ccc(-c3cc(-c4ccc(OC)cc4)cc(-c4ccc(N5C(=O)c6ccc(*)cc6C5=O)cc4)n3)cc1)C2=O,0.38734029,98,2,41,6,3,5,train
6001,1628056427,*c1ccc2c(c1)C(=O)N(c1cccc(C(O[Si](C)(C)O[Si](C)(C)O[Si](C)(C)C)c3cccc(N4C(=O)c5ccc(C(*)(C(F)(F)F)C(F)(F)F)cc5C4=O)c3)c1)C2=O,0.39990729,124,2,39,7,2,4,train
5251,1424387141,*c1ccc2c(c1)C(=O)N(c1ccc(Oc3ccc(N4C(=O)c5ccc(C(F)(F)C(F)(F)C(F)(F)C(F)(F)C(F)(F)C(F)(F)C(*)(F)F)cc5C4=O)cc3)cc1)C2=O,0.35411311,116,2,35,5,2,4,train
7052,1906044444,*c1ccc(Oc2ccc(C3(c4ccc(Oc5ccc(-c6nnc(*)c7c(-c8ccc(F)cc8)c(-c8ccc(F)cc8)c(-c8ccc(F)cc8)c(-c8ccc(F)cc8)c67)cc5)cc4)c4ccccc4-c4ccccc43)cc2)cc1,0.41682374,139,2,69,2,2,0,train
7125,1924892938,*Oc1ccc(NC(=O)c2ccc(S(=O)(=O)c3ccc(C(=O)Nc4ccc(Oc5ccc(C6(c7ccc(*)cc7)CC7CCC6C7)cc5)cc4)cc3)cc2)cc1,0.37041679,98,2,45,6,2,4,train
1105,296709911,*Nc1ccc(C(c2ccc(N)cc2)(c2ccc(N)cc2)[C@H]2CC[C@H](N*)CC2)cc1,0.37489694,59,2,25,0,4,0,train
7960,2144407419,*NC1=C2C=Cc3ccc(N*)c4c3[C@@H]2C(=CC1)C=C4,0.33652131,41,2,16,0,2,4,train
1593,429737042,*c1ccc2oc(-c3ccc(C(c4ccccc4)(c4ccc(-c5nc6cc(C(*)(C(F)(F)F)C(F)(F)F)ccc6o5)cc4)C(F)(F)F)cc3)nc2c1,0.43912224,96,2,37,2,2,0,train
227,66714118,*c1ccc(Oc2ccc(Oc3ccc(N4C(=O)c5ccc(Oc6cccc7c6C(=O)N(*)C7=O)cc5C4=O)cc3)cc2)cc1,0.36875438,77,2,34,7,2,4,train
4696,1264684812,*CC(*)c1cc(C(=O)Oc2ccc(OC)cc2)ccc1C(=O)Oc1ccc(OC)cc1,0.34367981,52,2,24,6,0,2,train
3005,816523902,*CC(*)OC(=O)c1ccncc1,0.34235599,20,2,8,2,1,1,train
7153,1931802720,*Oc1ccc(CC(NC(=O)CCc2ccc(OC(=O)CCCCC(*)=O)cc2)C(=O)OCCCCCC)cc1,0.351413,62,2,30,7,1,4,train
81,21520341,*C(=O)Nc1ccc(C2(c3ccc(N4C(=O)c5ccc(*)cc5C4=O)cc3)CCC(C)CC2)cc1,0.37589597,62,2,28,3,2,3,train
5726,1553956004,*c1cccc(N2C(=O)c3ccc(-c4ccc5c(c4)C(=O)N(*)C5=O)cc3C2=O)c1,0.37375949,57,2,22,4,2,4,train
4920,1333596225,*C(=O)c1ccc2c(c1)C(=O)N(c1ccc(-c3ccc(N4C(=O)c5ccc(*)cc5C4=O)cc3C)c(C)c1)C2=O,0.39115299,76,2,31,5,2,5,train
1602,431834567,*CC(*)(C)C(=O)OCCCCCCc1ccc(N=Nc2ccc(OC(F)(F)F)cc2)cc1,0.36108556,53,2,23,3,2,2,train
6938,1877302307,*CC(C)(C)COC(=O)NC(=O)c1ccc(C(=O)NC(=O)O*)cc1,0.31265064,45,2,15,6,2,4,train
6013,1631230577,*Nc1cc2c(cc(N*)c3c(-c4ccccc4)c(-c4ccccc4)c(-c4ccccc4)c(-c4ccccc4)c32)c2ccccc12,0.37324607,78,2,42,0,2,0,train
6701,1815907027,*OP(=O)(Oc1ccccc1)Oc1ccc(C(C)(C)c2ccc(*)cc2)cc1,0.35305401,47,2,21,4,0,1,train
3737,1014358426,*c1ccc2c(c1)Sc1cc(-c3ccc(-c4ccc(*)s4)s3)ccc1N2CCCCCCCCCCCC,0.45700932,58,2,31,0,1,0,train
5918,1606377766,*CC1CCC(CNC(=O)CCCCCCCCC(=O)N*)CC1,0.35003033,34,2,18,2,2,2,train
829,231654446,*Oc1ccc(S(=O)(=O)c2ccc3cc(S(=O)(=O)c4ccc(Oc5ccc(-c6ccc(*)cc6)cc5)cc4)ccc3c2)cc1,0.37364004,79,2,34,6,0,4,train
3052,828636202,*Nc1ccc(C(C)(C)c2ccc(NC(=O)c3cc(C(*)=O)cc(S(=O)(=O)c4ccccc4)c3)cc2)cc1,0.3631737,70,2,29,4,2,4,train
5845,1584656772,*Oc1ccc(C(C)(C)c2ccc(OP3(Oc4ccc(C(=O)OCCC)cc4)=NP(Oc4ccc(C(=O)OCCC)cc4)(Oc4ccc(C(=O)OCCC)cc4)=NP(*)(Oc4ccc(C(=O)OCCC)cc4)=N3)cc2)cc1,0.35923565,132,2,55,14,3,7,train
3269,893298020,*CC(*)c1ccc(COCCOCC)cc1,0.37466356,23,2,13,2,0,0,train
1326,358272082,*Nc1c(N)c(O)c2c(c1N*)CN(O)N=C2,0.30616083,30,2,8,2,5,1,train
3554,972068859,*CCCCCCOC(=O)CCCCCCCCCCCCCCCCCCC(=O)OCCCCCCN1C(=O)c2ccc(S(=O)(=O)c3ccc4c(c3)C(=O)N(*)C4=O)cc2C1=O,0.36103038,97,2,48,10,2,8,train
7695,2074410152,*CC(*)(C)C(=O)OC1CCCCC1C,0.37813807,24,2,11,2,0,1,train
6851,1857030958,*c1ccc(C(C)(C)c2ccc(N3C(=O)c4ccc(Oc5ccc6ccc(Oc7ccc8c(c7)C(=O)N(*)C8=O)cc6c5)cc4C3=O)cc2)cc1,0.37497844,91,2,41,6,2,4,train
7289,1968819662,*Oc1ccc(S(=O)(=O)c2ccc(Oc3ccc(C=C4CCCCC(=Cc5ccc(Oc6ccc(S(=O)(=O)c7ccc(Oc8ccc(C(C)(C)c9ccc(*)cc9)cc8)cc7)cc6)cc5)C4=O)cc3)cc2)cc1,0.37593554,128,2,60,9,0,7,train
7263,1961335797,*c1ccc(Oc2ccc(C3(c4ccc(Oc5ccc(-c6nnc(*)c7c(-c8ccccc8)c(-c8ccc9ccccc9c8)c(-c8ccc9ccccc9c8)c(-c8ccccc8)c67)cc5)cc4)c4ccccc4-c4ccccc43)cc2)cc1,0.41100116,139,2,77,2,2,0,train
5232,1420737735,*N[C@@H](CCCC(=O)[C@](N)(CS)C(=O)O)C(=O)[C@@](CS)(N*)C(=O)O,0.30543387,59,2,12,6,3,4,train
2157,584252027,*CCCCCCCCCCOC(=O)O*,0.36904474,19,2,11,3,0,1,train
3112,843894109,*Nc1ccc(C(c2ccc(N*)cc2)=c2ccc(=C)cc2)cc1,0.364906,40,2,20,0,2,2,train
2959,804037111,*CC(*)C(=O)Oc1ccc(Cl)cc1Cl,0.36475946,26,2,9,2,0,1,train
2363,642673445,*CC(O)COc1ccc(C(C)(C)c2ccc(OCC(O)COc3cccc(NC(=O)CCCCCCC(=O)Nc4cccc(O*)c4)c3)cc2)cc1,0.33977526,83,2,41,8,2,2,train
7777,2097907422,*c1ccc2c(c1)C(=O)N(c1ccc(Sc3ccc(Oc4ccc(Sc5ccc(N6C(=O)c7ccc(C(*)(C(F)(F)F)C(F)(F)F)cc7C6=O)cc5)cc4)cc3)cc1)C2=O,0.37984664,110,2,41,5,2,4,train
4876,1321194504,*CC(*)P(=O)(c1ccccc1)c1ccccc1,0.38231193,29,2,14,1,0,1,train
6363,1723225912,*Nc1ccc(-c2ccc(N*)c(-c3ccccc3)c2C)c(C)c1-c1ccccc1,0.37354711,49,2,26,0,2,0,train
2601,707258420,*CC(*)C(=O)OCCCOCC,0.3584849,18,2,8,3,0,1,train
6709,1818051082,*Nc1ccc(Cc2cc(Cc3ccc(N*)c(Cc4ccc(N)cc4)c3)ccc2N)cc1,0.35357307,51,2,27,0,4,0,train
7762,2092210478,*c1ccc(-c2sc(-c3cc(CCCCCCCCCCCC)c(*)s3)cc2CCCCCCCCCCCC)cc1,0.41997349,58,2,38,0,0,0,train
4933,1336700268,*Oc1ccc(-c2ccc(OC(=O)c3ccc(Oc4ccc(C5(c6ccc(Oc7ccc(C(*)=O)cc7)cc6)CCC(C(C)(C)C)CC5)cc4)cc3)cc2C)c(C)c1,0.37755445,101,2,50,6,0,2,train
1573,424246919,*Nc1ccc(-c2c(-c3cccc4ccccc34)c(-c3cccc4ccccc34)c(N*)c(-c3cccc4ccccc34)c2-c2cccc3ccccc23)cc1,0.37854395,91,2,52,0,2,0,train
6711,1818810158,*CCCCCCCCOc1cccc(NC(=O)c2ccc(C(=O)Nc3cccc(O*)c3)cc2)c1,0.34707685,54,2,28,4,2,2,train
3265,890512503,*CC(*)(C)C(=O)OC1CC(C)CCC1C(C)C,0.38071685,31,2,14,2,0,1,train
237,68342514,*CC(*)(C)C(=O)OCCN(C)c1ccc(C=Cc2ccc([N+](=O)[O-])cc2)cc1,0.35608042,56,2,21,4,2,3,train
1622,436095263,*CC(*)(C)C(=O)OCCN(CCCC)c1ccc(N=Nc2ccc(S(=O)(=O)Nc3nccs3)cc2)cc1,0.36999432,64,2,25,4,5,4,train
3083,837604570,*CCCCOCCCCOCCCCOC(=O)c1ccc(N=Cc2cc(OCCC(C)CCCC(C)C)c(C=Nc3ccc(C(=O)O*)cc3)cc2OCCC(C)CCCC(C)C)cc1,0.37606592,96,2,54,8,2,4,train
1089,293886642,*c1ccc(*)s1,0.49681739,11,2,4,0,0,0,train
695,193475796,*c1ccc(Oc2cccc(Oc3ccc(N4C(=O)c5ccc(-c6cccc7c6C(=O)N(*)C7=O)cc5C4=O)cc3)c2)cc1,0.36194506,77,2,34,6,2,4,train
3337,914466551,*CC(*)OC(=O)c1ccc(-c2ccccc2)cc1,0.35360889,31,2,15,2,0,1,train
902,250587037,*c1ccc(Oc2ccc(Oc3ccc(N4C(=O)c5ccc(Oc6ccc(C(c7ccccc7)(c7ccccc7)c7ccc(Oc8ccc9c(c8)C(=O)N(*)C9=O)cc7)cc6)cc5C4=O)cc3)c(C(C)(C)C)c2)cc1,0.39689903,131,2,63,8,2,4,train
7494,2025276311,*C/C=C\C[Si](*)(C)CCCOc1ccc(-c2ccccc2)cc1,0.36376356,41,2,20,1,0,1,train
4195,1134713599,*Nc1ccc(N*)c2c(=O)n([C@H]3C(=O)NC(=O)[C@@H](N)C3(N)N)c(C)nc12,0.34495062,61,2,14,3,8,3,train
1662,446600296,*O[Si](*)(C)CCCOc1ccc(C(=O)Oc2ccc(OC)cc2)cc1,0.35092558,44,2,18,5,0,1,train
2317,633021524,*N=P(*)(OCCCCCCCC)OCCCCCCCC,0.41038222,27,2,16,2,1,1,train
3710,1005375030,*O[Si](Oc1ccc(C2(c3ccc(*)cc3)c3ccccc3-c3ccccc32)cc1)(c1ccccc1)c1ccccc1,0.41378255,70,2,37,2,0,0,train
2786,757729082,*Oc1ccc(C(=Cc2ccc(-c3ccc(C=C(c4ccccc4)c4ccc(OC(=O)c5cccc(C(*)=O)c5)cc4)cc3)cc2)c2ccccc2)cc1,0.37719758,91,2,48,4,0,4,train
1485,398390180,*CC(*)(CC(=O)OCCCCCCCCC)C(=O)OCCCCCCCCC,0.38527679,39,2,23,4,0,2,train
2851,777120719,*c1ccc(Oc2ccc(C(c3ccc(Oc4ccc(-c5ncc(*)o5)cc4C(F)(F)F)cc3)(C(F)(F)F)C(F)(F)F)cc2)c(C(F)(F)F)c1,0.39644075,93,2,32,3,1,0,train
2054,553763789,*Nc1cc(C)c(Cc2ccc(CCCCCCCCCCCCCCCCCCCc3ccc(Cc4c(C)cc(N*)cc4C)cc3)cc2)c(C)c1,0.35973835,75,2,49,0,2,0,train
3256,888408662,*Oc1ccc(S(=O)(=O)c2ccc(Oc3ccc(NC(=O)c4ccc(Oc5ccc(C(C)(C)c6ccc(C(C)(C)c7ccc(Oc8ccc(C(=O)Nc9ccc(*)cc9)cc8)cc7)cc6)cc5)cc4)cc3)cc2)cc1,0.36526252,131,2,62,8,2,4,train
326,91718962,*OC(CCC)CCC(C(*)=O)C1OCCCO1,0.36177328,27,2,12,4,0,1,train
613,169832897,*CC(*)C(=O)c1ccc(Br)c(OC)c1,0.37684712,27,2,10,2,0,1,train
7827,2107751440,*Nc1ccc2c(c1)C1(c3cc(C)ccc3-2)c2cc(N)ccc2-c2ccc(N*)cc21,0.38616703,55,2,26,0,3,0,train
2168,587553432,*Oc1ccc(-c2ccc(NC(=O)c3cc(C(=O)Nc4ccc(-c5ccc(Oc6ccc(C(c7ccc(*)cc7)(C(F)(F)F)C(F)(F)F)cc6)c(C(F)(F)F)c5)cc4)cc(C(C)(C)C)c3)cc2)cc1C(F)(F)F,0.37054632,137,2,53,4,2,2,train
5613,1523167762,*CC(*)C(=O)NC(C)(C)CC(C)=O,0.33505306,26,2,9,2,1,2,train
6064,1645416728,*CCC1C[N+](C)(C)CC1*,0.77709707,20,2,8,0,1,0,train
5458,1480945963,*CC(CSCCC)O*,0.41871813,12,2,6,1,0,0,train
4828,1304546254,*C=CC1CC(*)C2C(=O)N(CCCCCCC)C(=O)C12,0.36908283,36,2,16,2,1,3,train
7090,1916892964,*CC(O)CN(CC(O)COc1ccc(C(C)(C)c2ccc(O*)cc2)cc1)c1ccc(C#N)cc1,0.35785256,59,2,28,4,2,0,train
6883,1864581969,*CC(*)C(=O)N(C)C,0.34373514,16,2,5,1,1,1,train
7199,1945309092,*OC(C)COCC(C)OC(=O)c1ccccc1C(*)=O,0.3500213,33,2,14,5,0,2,train
451,125846951,*CC(*)c1cc(C(=O)Oc2ccc(OCCCCCCCCCCCCCC)cc2)ccc1C(=O)Oc1ccc(OCCCCCCCCCCCCCC)cc1,0.38047103,78,2,50,6,0,2,train
4423,1190953274,*CCCCCCCCCCNC(=O)c1ccc(C(=O)N*)c(Sc2ccccc2)c1,0.36364477,45,2,23,2,2,2,train
843,234724783,*Nc1ccc2c(c1)-c1cc(N*)ccc1C21c2ccc(N)cc2-c2cc(N)ccc21,0.38703609,53,2,25,0,4,0,train
1195,320070845,*Nc1ccc(-c2ccc(N*)c(-c3ccc(C(C)(C)C)cc3)c2)cc1,0.35848188,46,2,22,0,2,0,train
46,11894206,*CC(*)C(=O)Oc1ccccc1C,0.35783052,21,2,10,2,0,1,train
7366,1988158741,*NC1=C(c2c(N*)ccc3ccccc23)[C@@H]2C=CC=CC2=CC1,0.35485105,45,2,20,0,2,4,train
6986,1888885498,*N=P(*)(OCC=Cc1ccccc1)OCC=Cc1ccccc1,0.36094292,35,2,18,2,1,3,train
7757,2091496127,*CC1CC(*)C(OC(=O)CCCCCCCCCCOc2ccc(-c3ccc(C#N)cc3)cc2)C1,0.36711221,55,2,30,3,1,1,train
7549,2039265517,*NCC1=Cc2c(N*)ccc3cccc(c23)C1,0.33495644,29,2,14,0,2,1,train
7315,1974383215,*CCCCCCCCCCCOC(=O)c1ccc2cc(C(=O)O*)ccc2c1,0.35929701,41,2,23,4,0,2,train
7564,2043343589,*c1ccc(-c2ccc(N3C(=O)c4ccc(-c5cccc6c5C(=O)N(*)C6=O)cc4C3=O)c(C)c2)cc1C,0.38576498,70,2,30,4,2,4,train
4457,1202036659,*Nc1cccc(-c2c3ccccc3c(-c3cccc(N)c3N)c3ccccc23)c1N*,0.35466159,50,2,26,0,4,0,train
830,232089797,*Nc1ccc([C@H](C)Cc2cccc(C[C@@H](C)c3ccc(N*)cc3)c2)cc1,0.35754875,53,2,24,0,2,0,train
2440,667460496,*CCCCCCCCN1C(=O)c2ccc(C(=O)c3ccc4c(c3)C(=O)N(*)C4=O)cc2C1=O,0.34741734,59,2,25,5,2,5,train
7126,1925016072,*c1ccc(Oc2cccc(Oc3ccc(N4C(=O)c5ccc(Oc6ccc(Oc7ccc8c(c7)C(=O)N(*)C8=O)cc6)cc5C4=O)cc3)c2)cc1,0.35881945,90,2,40,8,2,4,train
5466,1482083544,*c1ccc(Sc2ccc(Sc3ccc(N4C(=O)c5ccc(Sc6ccc(Sc7ccc(Sc8ccc9c(c8)C(=O)N(*)C9=O)cc7)cc6)cc5C4=O)cc3)s2)cc1,0.37801232,100,2,39,4,2,4,train
6513,1771399222,*CCCCCOc1cccc(C(=O)OC(=O)c2cccc(O*)c2)c1,0.3413806,40,2,19,5,0,2,train
2422,663564627,*C(=O)Nc1ccc(NC(=O)c2ccc3c(c2)C(=O)N(c2ccc(Oc4ccc(N5C(=O)c6ccc(*)cc6C5=O)cc4)cc2)C3=O)c(OCCCCCCS(=O)(=O)c2ccc(C=Cc3ccc(N(C)C)cc3)cc2)c1,0.3564308,135,2,58,10,5,9,train
2105,567577514,*CC(*)OC(=O)OCC(Cl)(Cl)Cl,0.35918927,25,2,5,3,0,1,train
3249,886529018,*CCCCCCCCCCC(=O)Nc1ccc(NC(=O)CCCCCCCCCCN2C(=O)c3ccc(C(=O)c4ccc5c(c4)C(=O)N(*)C5=O)cc3C2=O)cc1,0.34716825,93,2,45,7,4,7,train
3044,825973293,*c1cc(C)c(Oc2ccc(S(=O)(=O)c3ccc(Oc4cc(C)c(C5(*)OC(=O)c6ccccc65)cc4C)cc3)cc2)cc1C,0.39578665,80,2,36,6,0,3,train
1996,538540896,*CC(C)(C)C1C(=O)N(c2ccccc2)C(=O)C1*,0.35392644,35,2,14,2,1,2,train
1380,371620331,*Oc1ccc(Oc2ccc(C(=O)c3cccc(C(=O)c4ccc(*)cc4)c3)cc2)cc1,0.36833963,54,2,26,4,0,2,train
4687,1263057506,*CC(*)(C)C(=O)OCC#C,0.35098547,19,2,7,2,0,1,train
4775,1290671546,*Nc1ccc2c(c1)-c1ccccc1-c1cc(N*)ccc1-c1cc(N)ccc1-2,0.37663236,49,2,24,0,3,0,train
7085,1915263871,*Nc1ccc(-c2cc(-c3ccc(N)c(CC)c3)cc(-c3ccc(N*)c(CC)c3)c2)cc1CC,0.36495902,60,2,30,0,3,0,train
2856,778266959,*CC(*)c1ccc(C(C)(O)CCCC)cc1,0.39130508,27,2,14,1,0,0,train
2911,791901717,*CC(F)(F)C(F)(F)C(F)(F)COC(=O)CCCCC(=O)O*,0.31905896,41,2,11,4,0,2,train
4918,1333418832,*Nc1ccc(-c2ccc3c4ccc(-c5ccc(N*)cc5)cc4c4ccccc4c3c2)cc1,0.34206693,54,2,30,0,2,0,train
6059,1642394880,*Oc1ccc(CC(NC(=O)Cc2ccc(OC(=O)CCCCCCC(*)=O)cc2)C(=O)OCCCCCC)cc1,0.35213618,63,2,31,7,1,4,train
1917,515584536,*C(=O)Nc1ccc(Oc2ccc(C3(c4ccc(Oc5ccc(NC(=O)c6ccc7c(c6)C(=O)N(c6ccc(Oc8ccc(N9C(=O)c%10ccc(*)cc%10C9=O)cc8)cc6)C7=O)cc5)cc4)NC(=O)c4ccccc43)cc2)cc1,0.36493909,144,2,62,10,5,7,train
3916,1059731090,*c1ccc(Oc2ccc(N3C(=O)c4ccc(S(=O)(=O)c5ccc6c(c5)C(=O)N(*)C6=O)cc4C3=O)cc2)cc1,0.38213277,76,2,28,7,2,6,train
1891,509220897,*Oc1ccc(S(=O)(=O)c2ccc(Oc3ccc(C(C)(C)c4ccc(*)c(N)c4)cc3N)cc2)cc1,0.37586152,64,2,27,4,2,2,train
6438,1746456403,*C(=O)OCCN(CCOC(=O)c1ccc2c(c1)C(=O)N(c1c(C)cc(Cc3cc(C)c(N4C(=O)c5ccc(*)cc5C4=O)c(C)c3)cc1C)C2=O)c1ccc(C(C#N)=C(C#N)C#N)cc1,0.37808499,122,2,50,8,6,7,train
3392,928008419,*c1cc(-c2sc(-c3cc(CCCCCCC)c(*)s3)cc2CCCCCCC)c2cccccc1-2,0.44541284,55,2,32,0,0,0,train
4885,1322899924,*c1cc(C(=O)OCCCCCCCCCCOc2ccc(-c3ccc(OC(=O)c4ccc(OCC(F)CCCCCC)cc4)cc3)cc2)c(*)s1,0.36606782,79,2,42,6,0,2,train
612,169699943,*NNC(=O)c1cc(NC(=O)c2ccc3c(c2)C(=O)N(c2ccc(C)cn2)C3=O)cc(C(=O)NNC(=O)CCCC(*)=O)c1,0.33325517,81,2,28,7,7,7,train
6603,1794683515,*C(=O)c1ccc(Oc2ccc(C(C)(C)c3ccc(Oc4ccc(C(=O)c5ccc6c(c5)C(=O)N(c5ccc(Oc7ccc(N8C(=O)c9ccc(*)cc9C8=O)cc7)cc5)C6=O)cc4)cc3)cc2)cc1,0.37594298,126,2,57,9,2,6,train
7810,2104121723,*Nc1ccc(-c2ccc(C[C@@H](C)c3ccc(N*)cc3)cc2)cc1,0.35318823,45,2,21,0,2,0,train
6967,1885691849,*CC(*)OC(=O)c1cccc(OC)c1,0.33959116,24,2,10,3,0,1,train
337,93467042,*Nc1ccc(/C=C/c2ccccc2)c(/C=C/c2ccccc2)c1N*,0.35176694,42,2,22,0,2,2,train
3542,968431878,*Oc1ccc(NC(=O)c2cc(NC(=O)c3ccncc3)cc(C(=O)Nc3ccc(*)cc3)c2)cc1,0.33905768,61,2,26,4,4,3,train
3740,1015804720,*Nc1ccc2cc3cc4ccccc4cc3cc2c1N*,0.34122991,30,2,18,0,2,0,train
6112,1656097465,*c1ccc(Oc2ccc(-c3ccc(Oc4ccc(N5C(=O)c6cccc(Oc7ccc(C(C)(C)c8ccc(Oc9cccc%10c9C(=O)N(*)C%10=O)cc8)cc7)c6C5=O)cc4)cc3)cc2)cc1,0.36779038,120,2,55,8,2,4,train
5640,1529319759,*c1cc(C(=O)NCCCC)cc(N2C(=O)c3ccc(-c4ccc5c(c4)C(=O)N(*)C5=O)cc3C2=O)c1,0.37595452,69,2,27,5,3,5,train
6468,1755097598,*Nc1ccc(CCC)c2c(N*)cccc12,0.34473863,25,2,13,0,2,0,train
5007,1358861008,*C(=O)Nc1ccc(Oc2ccc(Oc3ccc(NC(=O)c4ccc5c(c4)C(=O)N(c4ccc(Oc6ccc(C7(c8ccc(Oc9ccc(N%10C(=O)c%11ccc(*)cc%11C%10=O)cc9)cc8)CC8CC7C7CCCC87)cc6)cc4)C5=O)cc3)cc2)cc1,0.36692147,158,2,70,10,4,6,train
7623,2058722180,*Nc1ccc2c(c1)C(/C(C)=C/C(=C)C(=C)c1ccccc1)(C(/C=C(\C)C(=C)c1ccccc1C)=C/C)c1cc(N*)ccc1-2,0.359086085,87,2,41,0,2,6,train
4358,1174602411,*Nc1ccc(Cc2cc(C(C)C)cc(C(C)(C)c3ccc(N*)cc3)c2)cc1,0.36692867,49,2,25,0,2,0,train
111,31529134,*C(=O)Nc1cccc(NC(=O)c2ccc(N3C(=O)c4ccc(*)cc4C3=O)cc2)c1,0.33798245,55,2,22,4,3,4,train
3837,1041000545,*Nc1ccc(-c2ccc(-c3ccc(N*)c(-c4ccc(C)cc4)c3-c3ccc(C)cc3)cc2)cc1,0.37262427,62,2,32,0,2,0,train
1166,313737003,*Oc1ccc(N=Nc2ccc(Cc3ccc(N=Nc4ccc(OC(=O)c5ccc(N=Nc6ccc(C(*)=O)cc6)cc5)cc4)cc3[N+](=O)[O-])c([N+](=O)[O-])c2)cc1,0.36942122,110,2,39,8,8,7,train
1189,318514421,*CC(COCC=C)O*,0.37390145,13,2,6,2,0,1,train
2923,794995355,*C(=O)Nc1ccc(C(=O)c2ccc(NC(=O)c3ccc4c(c3)C(=O)N(c3cccc(P(=O)(c5ccccc5)c5cccc(N6C(=O)c7ccc(*)cc7C6=O)c5)c3)C4=O)cc2)cc1,0.36068208,118,2,49,8,4,8,train
1909,513674501,*Oc1ccc(C(=O)OCCOCCOC(=O)c2ccc(OC(*)=O)cc2)cc1,0.32931388,46,2,19,8,0,3,train
3773,1024345756,*CC(CO*)(CSCCCCC)CSCCCCC,0.4182603,24,2,15,1,0,0,train
2520,684934727,*Nc1ccc(/C(C)=C(/CCC=C)c2ccccc2-c2ccc(N*)cc2)cc1,0.36161485,48,2,25,0,2,2,train
6353,1721092492,*C=Nc1ccc(C(=O)OCCCCOCCCCOCCCCOC(=O)c2ccc(N=Cc3ccc4c(c3)c3cc(*)ccc3n4CC(CC)CCCC)cc2)cc1,0.36987967,87,2,48,6,3,4,train
6417,1740967529,*CC(*)(C)C(=O)OCCCCCCOc1ccc(C(=O)Oc2ccc(N=Nc3ccccc3)c3ccccc23)cc1,0.35826257,65,2,33,5,2,3,train
900,250010482,*C(=O)Nc1ccc(Oc2ccc(C3(c4ccc(Oc5ccc(NC(=O)c6ccc7c(c6)C(=O)N(c6ccc(Oc8cccc(Oc9ccc(N%10C(=O)c%11ccc(*)cc%11C%10=O)cc9)c8)cc6)C7=O)cc5)cc4)NC(=O)c4ccccc43)cc2)cc1,0.35957001,159,2,68,11,5,7,train
2457,670589484,*Nc1ccc2cccc(-c3cccc4ccc(N*)cc34)c2c1,0.35323413,37,2,20,0,2,0,train
7169,1934582540,*CC(*)(C)C(=O)OCCCCc1ccccc1,0.36056705,27,2,14,2,0,1,train
4389,1182108104,*C(=O)Nc1ccc(Oc2ccc(NC(=O)c3ccc4c(c3)C(=O)N(c3cc(C(F)(F)F)cc(N5C(=O)c6ccc(*)cc6C5=O)c3Oc3ccc(C(F)(F)F)cc3)C4=O)cc2-c2ccccc2)c(-c2ccccc2)c1,0.3736737,138,2,56,8,4,6,train
2489,677771115,*Oc1ccc(CC(NC(=O)CCc2ccc(OC(=O)CCC(*)=O)cc2)C(=O)OC(C)CC)cc1,0.34677139,60,2,26,7,1,4,train
939,258997794,*CCCCCCc1ccc(-c2c(-c3ccccc3)cc(-c3cccc(-c4cc(-c5ccccc5)c(-c5ccc(*)cc5)c(-c5ccccc5)c4-c4ccccc4)c3)c(-c3ccccc3)c2-c2ccccc2)cc1,0.40056446,124,2,72,0,0,0,train
4336,1167512472,*CCCN(*)C,0.38665346,9,2,4,0,1,0,train
389,106963136,*c1ccc2c(c1)C(=O)N(c1cccc(C(F)(F)C(F)(F)C(F)(F)c3cccc(N4C(=O)c5ccc(C(F)(F)C(F)(F)C(*)(F)F)cc5C4=O)c3)c1)C2=O,0.35278394,108,2,34,4,2,4,train
4041,1092008018,*Nc1ccc([C@@H]2c3ccccc3-c3ccc(N*)c(N)c32)cc1,0.35996312,44,2,19,0,3,0,train
2491,678137113,*c1ccc2c(c1)C(=O)N(c1ccc(Oc3ccc(C(C)(C)c4ccc(Oc5ccc(N6C(=O)c7ccc(C(*)(C(F)(F)F)C(F)(F)F)cc7C6=O)cc5)cc4)cc3)cc1)C2=O,0.37813384,116,2,46,6,2,4,train
5258,1427121961,*CC(C)(N=C=O)C1C(=O)OC(=O)C1*,0.29181625,29,2,8,4,1,4,train
6378,1727933263,*Oc1ccc(NC(=O)CCCCCCCCCC(=O)Nc2ccc(*)cc2)cc1,0.349997,44,2,23,3,2,2,train
764,214883571,*c1ccc2c(c1)C(=O)N(c1cccc(Oc3ccc(C(c4ccc(Oc5cccc(N6C(=O)c7ccc(C(*)(C(F)(F)F)C(F)(F)F)cc7C6=O)c5)cc4)(C(F)(F)F)C(F)(F)F)cc3)c1)C2=O,0.37434007,130,2,46,6,2,4,train
1359,367931242,*CCCC(=O)Oc1ccc(OC(=O)c2ccc3c(c2)C(=O)N(*)C3=O)cc1,0.33070211,50,2,19,6,1,4,train
6759,1834169078,*C1C(*)C2CC1C(C(=O)OCC13CC4CC(CC(C4)C1)C3)C2C(=O)OCC12CC3CC(CC(C3)C1)C2,0.37365813,71,2,31,4,0,2,train
7171,1935091006,*CC(*)(C)C(=O)OCc1cc(Cl)cc(Cl)c1,0.35906953,32,2,11,2,0,1,train
96,25599707,*c1ccc(Oc2ccc(S(=O)(=O)c3ccc(Oc4ccc(-c5nc(-c6cccc(-c7nc(*)c(-c8ccccc8)[nH]7)c6)[nH]c5-c5ccccc5)cc4)cc3)cc2)cc1,0.40187067,110,2,48,4,4,2,train
520,144238786,*CC(*)C(=O)OCCCCCCCCCOC(=O)c1ccc(OC(=O)c2ccc(C#N)cc2)cc1,0.35420513,56,2,27,6,1,3,train
6958,1882117628,*OC1C(COC(=O)Nc2ccccc2)OC(*)C(OC(=O)Nc2ccccc2)C1OC(=O)Nc1ccccc1,0.3414528,63,2,27,8,3,3,train
4109,1110869363,*c1ccc(OCC2CCC(COc3ccc(N4C(=O)c5ccc(-c6ccc7c(c6)C(=O)N(*)C7=O)cc5C4=O)cc3)CC2)cc1,0.36298735,81,2,36,6,2,4,train
7569,2044966386,*Nc1ccc([C@H](CC)c2ccc([C@@](CCC)(c3ccc([C@H](CC)c4ccc(N*)cc4C)cc3)C3CCCCC3)cc2)c(C)c1,0.38839084,86,2,42,0,2,0,train
7295,1969822510,*CCc1ccc(*)c(CCCC)c1,0.39722229,20,2,12,0,0,0,train
7873,2118906166,*CC(*)CNc1ccc([N+](=O)[O-])cc1,0.3745043,30,2,9,2,2,1,train
7522,2033581658,*C1C(*)C2CC1C(C(=O)OCCC1CC3CCC1C3)C2C(=O)OCCC1CC2CCC1C2,0.38027867,55,2,27,4,0,2,train
2943,800130991,*Nc1ccc(C(C)(c2ccc(C)cc2)c2ccc(N*)cc2)cc1,0.36023204,41,2,21,0,2,0,train
1624,436672073,*Nc1cc(-c2cc(N*)c(N)c3ccccc23)c2ccccc2c1N,0.35081452,41,2,20,0,4,0,train
180,53844809,*CC(*)(C)C(=O)OCCCCCCCC[n+]1ccc(N(C)C)cc1,0.36783355,41,2,19,2,2,1,train
394,108998578,*c1ccc(Sc2cccc(Sc3ccc(S(*)=O)cc3)c2)cc1,0.37723883,39,2,16,1,0,1,train
7073,1912147729,*c1c(C)cc(C(c2cc(C(F)(F)F)cc(C(F)(F)F)c2)c2cc(C)c(N3C(=O)c4ccc(Oc5ccc6c(c5)C(=O)N(*)C6=O)cc4C3=O)c(C)c2)cc1C,0.42214994,108,2,41,5,2,4,train
7839,2112106908,*Oc1c(C)cc(*)cc1C(C)CCCCC,0.41074836,25,2,14,1,0,0,train
2051,553001434,*Oc1ccc(C(=O)Nc2cc(NC(=O)c3ccc(*)cc3)cc(C(=O)OCCOC(=O)C=Cc3ccc(N(C)C)cc3)c2)cc1,0.3451955,79,2,34,7,3,5,train
2480,674773828,*Nc1ccc(/C=C/c2ccc(NC(=C(C#N)C#N)c3ccc(C(*)=C(C#N)C#N)cc3)cc2)cc1,0.4055685,65,2,28,0,6,3,train
2845,773428035,*O[Si](*)(C)CCCOc1ccc(C(=O)OC2CCC3(C)C(=CCC4C3CCC3(C)C(C(C)CCCC(C)C)CCC43)C2)cc1,0.373350915,80,2,38,4,0,2,train
3205,871802155,*CC(*)(C)C(=O)OCc1ccc(OCCOCC)c(OCCOCC)c1,0.3637068,40,2,19,6,0,1,train
4093,1106363407,*Nc1c(-c2ccccc2)cc(-c2cccc3ccccc23)c(-c2ccccc2)c1N*,0.36326423,51,2,28,0,2,0,train
1314,355158617,*CC(*)(CC(=O)Oc1ccc(OCCCCCCC)cc1)C(=O)Oc1ccc(OCCCCCCC)cc1,0.37071795,57,2,31,6,0,2,train
836,233782359,*C(=O)c1ccc2c(c1)C(=O)N(c1ccc(N(c3ccc(C#N)cc3)c3ccc(N4C(=O)c5ccc(*)cc5C4=O)cc3)cc1)C2=O,0.41938162,87,2,36,5,4,5,train
6578,1788777860,*Nc1cccc(CCc2ccc(NC(=O)c3ccc(C(*)=O)cc3)cc2)c1,0.35224446,46,2,22,2,2,2,train
93,24982830,*c1ccc(NC(=O)CN2C(=O)c3ccc(C(c4ccc5c(c4)C(=O)N(CC(=O)Nc4ccc(-c6nnc(*)o6)cc4)C5=O)(C(F)(F)F)C(F)(F)F)cc3C2=O)cc1,0.35544781,111,2,37,7,6,6,train
5819,1579112957,*CCCCCCCCCCCCNC(=O)CCc1ccc(CCC(=O)N*)cc1,0.36073378,40,2,24,2,2,2,train
7204,1947454451,*C(=O)Nc1cccc(C(=O)Nc2cccc(NC(=O)c3ccc4[nH]c(-c5ccc(-c6nc7cc(*)ccc7[nH]6)cc5)nc4c3)c2)c1,0.36448737,88,2,35,3,7,3,train
2473,673445970,*CC(*)c1cc(C(=O)OCCCCCCCCCCCC)ccc1-c1ccc(OCCCCCCCC)cc1,0.38816333,54,2,35,3,0,1,train
6829,1852114421,*CCN(*)C(=O)CCCCCC,0.37545125,18,2,9,1,1,1,train
7780,2098235605,*c1ccc(OCCCCCCCCCCCCCCCC)c(N2C(=O)CC(C3C=C(C)C4C(=O)N(*)C(=O)C4C3)C2=O)c1,0.36937049,73,2,35,5,2,5,train
6322,1712933557,*CC(*)(C#N)C(=O)OCCCCCC,0.38064914,23,2,10,2,1,1,train
6479,1757460664,*CCCN(*)C(C)=O,0.34005308,14,2,5,1,1,1,train
6198,1681110916,*c1ccc(Oc2ccc(C(=O)c3ccc(Oc4ccc(-c5c6c(c(*)c7ccccc57)C(=O)N(c5ccc(F)cc5)C6=O)cc4)cc3)cc2)cc1,0.3755704,92,2,43,5,1,3,train
3240,884656805,*Nc1nc(CCn2ccnc2C)nc(N*)n1,0.323466525,26,2,8,0,6,0,train
4021,1087298590,*CCN(*)C(=O)C1(c2ccc(Cl)cc2)CCC1,0.37883274,32,2,13,1,1,1,train
2843,772566639,*c1ccc2c(c1)C(=O)N(c1ccc(OCCCCCCCCCCOc3ccc(N4C(=O)c5ccc(C(*)(C(F)(F)F)C(F)(F)F)cc5C4=O)cc3)cc1)C2=O,0.35617191,99,2,41,6,2,4,train
7507,2028683291,*CC(=O)Nc1ccc(C2(c3ccc(NC(=O)c4ccc5c(c4)C(=O)N(*)C5=O)cc3)c3ccccc3-c3ccccc32)cc1,0.36284889,80,2,36,4,3,4,train
4492,1209050682,*CCCCOC(=O)CCCCCCCCCCCCCCCCCCCCCCCCCCCCCCCCCCC(=O)O*,0.38882843,52,2,40,4,0,2,train
5201,1411192314,*c1ccc(-c2cc(-c3ccc(-c4ccccc4)cc3)cc(-c3ccc(N4C(=O)c5ccc(NC(=O)Nc6ccc(-c7cc(-c8ccc(-c9ccccc9)cc8)cc(-c8ccc(NC(=O)Nc9ccc%10c(c9)C(=O)N(*)C%10=O)cc8)n7)cc6)cc5C4=O)cc3)n2)cc1,0.3711086,172,2,76,6,8,6,train
7843,2112731378,*CCOCCOc1cccc(NC(=O)c2cccc(C(=O)Nc3cccc(O*)c3)c2)c1,0.3366937,51,2,24,5,2,2,train
3691,999910921,*CC(*)(C)C(=O)OC1CCC2CCCCC2C1,0.37667899,29,2,14,2,0,1,train
7969,2146810552,*C(=O)OCCN(CCOC(=O)c1ccc2c(c1)C(=O)N(c1cccc(N3C(=O)c4ccc(*)cc4C3=O)c1)C2=O)c1ccc(N=Nc2ccc([N+](=O)[O-])cc2)cc1,0.35327976,110,2,40,10,6,8,train
191,56319655,*Oc1cccc2ccc(Oc3ccc(NC(=O)c4cc(C(=O)Nc5ccc(*)cc5)cc(C(C)(C)C)c4)cc3)cc12,0.36260258,72,2,34,4,2,2,train
3119,845810761,*c1ccc(C(=O)c2ccc(C(=O)c3ccc(S(*)(=O)=O)cc3)cc2)cc1,0.37728545,51,2,20,4,0,4,train
6549,1781926636,*CCCCCCOc1ccc(C=Cc2ccc(O*)cc2)cc1,0.36660231,33,2,20,2,0,1,train
4325,1163273261,*Nc1ccccc1-c1ccc(N*)c(-c2ccccc2)c1,0.34288507,34,2,18,0,2,0,train
3804,1033351470,*C(=O)Oc1ccc(C2(c3ccc(OC(=O)c4ccc5c(c4)C(=O)N(c4ccc(-c6ccc(N7C(=O)c8ccc(*)cc8C7=O)cc6C)c(C)c4)C5=O)cc3)CCC(C(C)(C)C)CC2)cc1,0.38006135,123,2,54,8,2,6,train
2652,722323887,*CCN(*)C(=O)c1ccccc1,0.35014456,20,2,9,1,1,1,train
6033,1637316087,*Oc1c(C)cc(C2(c3cc(C)c(Oc4ccc(C(=O)c5cccc(C(=O)c6ccc(*)cc6)c5)cc4)c(C)c3)c3ccccc3-c3ccccc32)cc1C,0.41055555,96,2,49,4,0,2,train
4549,1224631495,*Oc1ccc(S(=O)(=O)c2ccc(-c3ccc(-c4ccc(S(=O)(=O)c5ccc(*)cc5)cc4)cc3)cc2)cc1,0.37003296,73,2,30,5,0,4,train
6836,1853159363,*Cc1ccc(CNC(=O)CCCCCCCCCCC(=O)N*)cc1,0.34867284,36,2,20,2,2,2,train
5150,1395602302,*Oc1ccc(C(=O)c2ccc(*)cc2)cc1,0.37786189,28,2,13,2,0,1,train
6189,1677875786,*c1ccc(Oc2ccc(Oc3ccc(Oc4ccc(N5C(=O)C6CCC(C7CCC8C(=O)N(*)C(=O)C8C7)CC6C5=O)cc4)cc3)cc2)cc1,0.37368086,89,2,40,7,2,4,train
1253,336593955,*CC(F)(F)C(F)(F)C(F)(F)C(F)(F)COC(=O)NCCCCCCNC(=O)O*,0.31989921,52,2,14,4,2,2,train
3686,999068142,*c1ccc(Sc2ccc(Sc3ccc(Sc4ccc(S(*)(=O)=O)cc4S(=O)(=O)O)cc3)cc2)c(S(=O)(=O)O)c1,0.37255612,76,2,21,8,0,6,train
2841,771772442,*Oc1cc(C(C)(C)C)c(Oc2ccc(C(=O)Nc3c(C)cc(Cc4cc(C)c(NC(=O)c5ccc(*)cc5)c(C(C)C)c4)cc3C(C)C)cc2)cc1C(C)(C)C,0.40228306,103,2,49,4,2,2,train
4939,1337317565,*CC(*)(C)C(=O)O,0.2715841,15,2,4,2,0,1,train
5525,1500693468,*c1ccc(N(c2ccc(C#N)cc2)c2ccc(N3C(=O)c4ccc(Oc5ccc(C6(c7ccc(Oc8ccc9c(c8)C(=O)N(*)C9=O)cc7)CCCCC6)cc5)cc4C3=O)cc2)cc1,0.39468168,114,2,53,6,4,4,train
5781,1569573588,*CCCCOC(=O)NNC(=O)CCCCCCCCC(=O)NNC(=O)O*,0.33104417,40,2,16,6,4,4,train
3252,887350173,*Nc1ccc2c(c1)Oc1cc3c(cc1O2)C1(CC3(C)C)CC(C)(C)c2cc3c(cc21)Oc1ccc(N*)cc1O3,0.395258,73,2,33,4,2,0,train
2444,667840086,*CCCCCCCCCCOC(=O)CCCCCNC(=O)CCCCC(=O)NCCCCCC(=O)O*,0.35533448,50,2,28,6,2,4,train
4572,1234075748,*C(=O)c1ccc2c(c1)C(=O)N(c1cccc(C(=O)c3cccc(N4C(=O)c5ccc(*)cc5C4=O)c3)c1)C2=O,0.36313366,76,2,30,6,2,6,train
4675,1258628140,*Oc1ccc(-c2ccc(OC(*)(Oc3ccccc3)Oc3ccccc3)c(C)c2)cc1C,0.3726312,52,2,27,4,0,0,train
1304,352515684,*Nc1ccc(C2(c3ccc(NC(=O)c4cc(C(*)=O)cc(C(C)(C)C)c4)cc3)c3ccccc3-c3ccccc32)cc1,0.38327124,76,2,37,2,2,2,train
6974,1887035673,*Oc1cc(C(C)(C)C)c(Oc2ccc(C(=O)Nc3c(C)cc(C(C)(C)c4cc(C)c(NC(=O)c5ccc(*)cc5)c(C)c4)cc3C)cc2)cc1C(C)(C)C,0.39461572,101,2,47,4,2,2,train
1471,394475074,*Nc1ccc2c(c1)C1(CC2(C)C)CC(C)(C)c2ccc(N*)cc21,0.37896533,45,2,21,0,2,0,train
1823,492508713,*Nc1ccccc1C(c1ccccc1N)(c1ccccc1N)c1ccccc1N*,0.36419174,43,2,25,0,4,0,train
3304,904679252,*Oc1ccc(Oc2ccc(C(=O)c3ccc(-c4ccc(C(=O)c5ccc(*)cc5)cc4)cc3)cc2)cc1-c1ccc(S(=O)(=O)O)c(C)c1,0.37255113,89,2,39,7,0,4,train
4288,1156094009,*Nc1ccc2c(c1)C1(C(C)=C2C)C(C)=C(C)c2ccc(N*)cc21,0.39134226,47,2,21,0,2,2,train
6124,1661804021,*c1ccc(Sc2ccc(-c3nn(-c4ccc(S(=O)(=O)c5ccc(-n6nc(*)c7ccccc7c6=O)cc5)cc4)c(=O)c4ccccc34)cc2)cc1,0.39793898,93,2,39,4,4,4,train
6067,1646177027,*Oc1ccc(-c2ccc(Oc3ccc(C(=O)c4ccc(C(=O)c5ccc(*)cc5)cc4)cc3)cc2)cc1,0.37532001,65,2,32,4,0,2,train
4498,1210971861,*c1ccc(Oc2ccc(N3C(=O)c4ccc(Oc5ccc(C6(c7ccc(Oc8ccc9c(c8)C(=O)N(*)C9=O)cc7)CCC(c7ccccc7)CC6)cc5)cc4C3=O)cc2)cc1,0.37299608,109,2,52,7,2,4,train
1143,307030577,*Nc1ccc2c(c1)[C@@H](c1ccccc1)c1c-2ccc(N*)c1-c1ccccc1,0.36614228,52,2,25,0,2,0,train
2304,627271746,*c1ccc(Oc2ccc(N3C(=O)c4ccc(-c5ccc6c(c5)C(=O)N(*)C6=O)cc4C3=O)cc2Br)c(Br)c1,0.40757312,74,2,28,5,2,4,train
418,114988183,*c1c(C)cc(Cc2cc(C)c(N3C(=O)c4ccc(Oc5c(C)cc(Cc6cc(C)c(Oc7ccc8c(c7)C(=O)N(*)C8=O)c(C)c6)cc5C)cc4C3=O)c(C)c2)cc1C,0.40345337,110,2,50,6,2,4,train
5654,1533241544,*c1ccc(C(c2ccc(N(*)c3ccc(C)cc3)cc2)c2ccc([N+](=O)[O-])cc2)cc1,0.42700988,61,2,26,2,2,1,train
6027,1634832271,*Oc1ccc(Oc2ccc(Oc3ccc(NC(=O)c4cc(C(=O)Nc5ccc(*)cc5)cc(C(C)(C)C)c4)cc3)cc2)cc1,0.36514177,77,2,36,5,2,2,train
7180,1939922135,*Oc1ccc(C(c2ccc(OC(*)=S)cc2)c2cccc3ccccc23)cc1,0.37286204,46,2,24,2,0,1,train
349,98641557,*Oc1ccc(Oc2ccc(C(=O)c3ccc(C(=O)c4ccc(*)cc4)cc3)cc2)cc1-c1ccc(S(=O)(=O)O)c(C)c1,0.36929236,78,2,33,7,0,4,train
1181,316809152,*c1ccc(-c2ccc(-c3cc(-c4ccccc4)c4cc5c(-c6ccccc6)cc(*)nc5cc4n3)cc2)cc1,0.42319171,68,2,36,0,2,0,train
2824,765893959,*Nc1cccc(C2(c3cccc(N*)c3)c3cc(C)ccc3-c3ccc(C)cc32)c1,0.37704106,52,2,27,0,2,0,train
4187,1133044696,*CC#CCOC(=O)CCCCCCCCCCC(=O)O*,0.36542527,29,2,16,4,0,2,train
7314,1974258183,*CCCOCCCCOCCCN1C(=O)c2ccc(C(=O)Oc3ccc(OC(=O)c4ccc5c(c4)C(=O)N(*)C5=O)c(-c4ccccc4)c3)cc2C1=O,0.34408624,91,2,40,10,2,6,train
4895,1326111661,*CC(CCCC)C(CCCC)COC(=O)c1ccc(C(=O)O*)cc1,0.36856898,40,2,20,4,0,2,train
3550,970285384,*CCN(*)C(=O)c1cc(F)c(F)c(F)c1F,0.33523927,30,2,9,1,1,1,train
7678,2071088939,*c1ccc(Oc2cccc(-n3c(=O)c4cc5c(=O)n(-c6cccc(Oc7ccc(-c8nc9cc%10sc(*)nc%10cc9s8)cc7)c6)c(=O)c5cc4c3=O)c2)cc1,0.40063451,105,2,42,6,4,4,train
2809,763991123,*Nc1ccc(C2(c3ccc(N*)cc3)C=CC(c3ccccc3)=CC2)cc1,0.35269546,46,2,24,0,2,2,train
2406,658967063,*C(=O)NCCN(CCNC(=O)c1cccc(N2C(=O)c3ccc(*)cc3C2=O)c1)c1ccc(C=Cc2ccc([N+](=O)[O-])cc2)cc1,0.34009397,87,2,34,6,5,6,train
2559,692810892,*Nc1ccc(C(C)(C)c2ccc(NC(=O)c3cc(C(*)=O)cc(N4C(=O)C5C6CCC(C6)C5C4=O)c3)cc2)cc1,0.3598038,77,2,32,4,3,4,train
5069,1375025595,*C(=O)Oc1ccc([Si](C)(CC)c2ccc(OC(=O)c3ccc(*)s3)cc2)cc1,0.3789267,54,2,21,4,0,2,train
2184,592083344,*O[Si](*)(CCCOCCOCCOCCOC)CCCOCCOCCOCCOC,0.36549731,39,2,20,9,0,0,train
915,254419051,*Nc1ccc(N*)c(-c2ccc3ccccc3c2)c1-c1ccc2ccccc2c1,0.35818164,46,2,26,0,2,0,train
73,19277692,*c1ccc(Oc2ccc(-c3cnc4ccc(Oc5ccc6nc(*)cnc6c5)cc4n3)cc2)cc1,0.39336683,57,2,28,2,4,0,train
6548,1781915086,*CC(C)CNC(=O)O*,0.33053408,15,2,5,2,1,1,train
1320,357011061,*Nc1cc(NC(=O)c2ccc(C(*)=O)cc2)cc(C(=O)Oc2ccc(-c3ccccc3)cc2)c1,0.34236864,61,2,27,4,2,3,train
5263,1429766327,*Nc1ccc(-c2ccc(-c3ccc(N*)cc3)c3ccccc23)cc1,0.35146434,42,2,22,0,2,0,train
1652,443473345,*Oc1ccc(S(=O)(=O)c2ccc(Oc3c(C)cc(C(c4cc(C)c(*)c(C)c4)(C(F)(F)F)C(F)(F)F)cc3C)cc2C(O)(C(F)(F)F)C(F)(F)F)c(C(O)(C(F)(F)F)C(F)(F)F)c1,0.37988372,130,2,37,6,0,2,train
4980,1349202654,*CC1CCC(COC(=O)c2cccc(C(=O)O*)c2)CC1,0.35579865,36,2,16,4,0,2,train
7787,2099643847,*c1ccc2c(c1)C(=O)N(c1cc(C(=O)Nc3cccc4c(NC(=O)c5ccc(C)c(N6C(=O)c7ccc(C(*)(C(F)(F)F)C(F)(F)F)cc7C6=O)c5)cccc34)ccc1C)C2=O,0.36752651,119,2,45,6,4,6,train
1392,373885914,*OC(C)CCOC(=O)c1ccc(-c2ccc(C(*)=O)cc2)cc1,0.34779893,41,2,18,4,0,2,train
1972,531126908,*CCCCCCOC(=O)c1ccc(-c2ccc(-c3ccc(C(=O)O*)cc3)cc2)cc1,0.35125346,52,2,26,4,0,2,train
1194,319319228,*CCCCCCCCNC(=O)Cc1ccc(CC(=O)N*)cc1,0.34606066,34,2,18,2,2,2,train
3515,961432489,*NNC(=O)C=CC(=O)Nc1cccc(C=C2CCC(=Cc3cccc(NC(=O)C=CC(*)=O)c3)C2=O)c1,0.3318831,67,2,27,5,4,9,train
543,151282337,*c1ccc(C(C)(C)c2ccc(C(C)(C)c3ccc(N4C(=O)c5ccc(Oc6ccc7cc(Oc8ccc9c(c8)C(=O)N(*)C9=O)ccc7c6)cc5C4=O)cc3)cc2)cc1,0.38326204,108,2,50,6,2,4,train
2548,691154706,*CC(*)(CC(=O)OCCCC1CCCCC1)C(=O)OCCCC1CCCCC1,0.37003556,43,2,23,4,0,2,train
5655,1533331471,*Oc1ccc(C2(c3ccc(Oc4ccc(C(=O)c5ccccc5-c5ccccc5C(=O)c5ccc(*)cc5)cc4)cc3)c3ccccc3-c3ccccc32)cc1,0.38946752,93,2,51,4,0,2,train
3105,842148313,*Nc1ccc(-c2c(-c3ccccc3)c(-c3ccccc3)c(N*)c(-c3ccccc3C)c2-c2ccccc2C)cc1,0.37961071,69,2,38,0,2,0,train
4494,1209084809,*Oc1ccc(-c2cc(-c3ccccc3)c(-c3ccc(OC(=O)c4ccc(C(*)=O)cc4-c4ccccc4)cc3)c(-c3ccccc3)c2-c2ccccc2)cc1,0.38146128,96,2,50,4,0,2,train
1040,285419416,*CCCCOCC(O)CN(CC(O)CO*)c1ccc(N(C)C)cc1,0.35989821,38,2,18,4,2,0,train
363,101762204,*c1ccc(Oc2ccc(C(=O)c3ccc(Oc4ccc(N5C(=O)c6ccc(-c7ccc8c(c7)C(=O)N(*)C8=O)cc6C5=O)cc4)cc3)cc2)cc1,0.36946761,94,2,41,7,2,5,train
284,81065395,*Nc1ccc(C2(c3ccc(N*)cc3)CCCCCCC2)cc1,0.35406496,36,2,20,0,2,0,train
6155,1670250046,*CC(=O)Nc1ccc(Cc2ccc(NC(=O)c3ccc4c(c3)C(=O)N(*)C4=O)cc2)cc1,0.34110112,59,2,24,4,3,4,train
4772,1290046924,*Oc1ccc(NC(=O)c2cc(NC(=O)CCCN3C(=O)c4ccccc4C3=O)cc(C(=O)Nc3ccc(*)cc3)c2)cc1,0.33591306,75,2,32,6,4,5,train
7275,1965550017,*CC(*)C(=O)OCCSC,0.38690329,16,2,6,2,0,1,train
3248,886386910,*C=Nc1ccc(C(=O)OCCCCOCCCCOCCCCOC(=O)c2ccc(N=Cc3ccc(*)s3)cc2)cc1,0.36455788,63,2,32,6,2,4,train
3357,918244660,*c1cccc(NC(=O)c2ccc(OCCOCCOCCOCCOc3ccc(C(=O)Nc4ccc5[nH]c(*)nc5c4)cc3)cc2)c1,0.34339353,75,2,35,7,4,2,train
264,75252869,*O[Si](*)(C)CCCCCCn1c2ccccc2c2ccccc21,0.37569363,37,2,18,1,0,0,train
3629,985128268,*c1ccc(Oc2ccc(-c3ccc(Oc4ccc(N5C(=O)c6ccc(Oc7cc8ccccc8cc7Oc7ccc8c(c7)C(=O)N(*)C8=O)cc6C5=O)cc4)cc3)cc2)cc1,0.36958426,105,2,50,8,2,4,train
5569,1510829152,*CC(COc1ccc(C(C)(C)c2ccc(O*)cc2)cc1)OC(=O)C=Cc1ccco1,0.3534342,52,2,25,5,0,2,train
4821,1301620481,*Nc1ccc2c(c1)C(c1ccc(C)cc1)(c1ccc(C)cc1)c1cc(N*)ccc1-2,0.38337526,54,2,27,0,2,0,train
3852,1045265904,*CCOC(=O)CCSCCC(=O)O*,0.33737751,21,2,8,4,0,2,train
5688,1543008224,*CC(COC(=O)c1ccc(N2C(=O)C3C4C=CC(C4)C3C2=O)cc1)O*,0.34283926,49,2,19,5,1,4,train
3867,1048769739,*Nc1ccc(N*)c(Cc2ccc3ccccc3c2)c1,0.34211504,31,2,17,0,2,0,train
101,28121925,*c1ccc(C(c2ccc(N3C(=O)c4ccc(-c5ccc6c(c5)C(=O)N(*)C6=O)cc4C3=O)cc2)(C(F)(F)F)C(F)(F)F)cc1,0.39361972,88,2,31,4,2,4,train
5547,1505192900,*Oc1cccc(C(=O)Nc2ccc(S(=O)(=O)c3ccc(NC(=O)c4cccc(Oc5nc(*)nc(Sc6ccccc6)n5)c4)cc3)cc2)c1,0.35247357,86,2,34,6,5,4,train
359,101268497,*CC(c1ccccc1)C1C(=O)N(C(C)(C)C)C(=O)C1*,0.37467147,39,2,16,2,1,2,train
6723,1823153942,*C(=O)Nc1ccc(NC(=O)Nc2ccc(NC(=O)c3ccc4c(c3)C(=O)N(c3ccc(NC(=O)Nc5ccc(N6C(=O)c7ccc(*)cc7C6=O)cc5)cc3)C4=O)cc2)cc1,0.33714284,112,2,44,8,8,8,train
2794,760704855,*CC(CCC)C(CCC)COC(=O)c1ccc(C(=O)O*)cc1,0.35986074,38,2,18,4,0,2,train
4077,1102195850,*Cc1ccc(CNC(=O)CCCCCCCCC(=O)N*)cc1,0.34218034,34,2,18,2,2,2,train
4927,1335530924,*C(=O)Nc1ccc(C2(c3ccc(N4C(=O)c5ccc(*)cc5C4=O)cc3)CCC(CC)CC2)cc1,0.37532282,63,2,29,3,2,3,train
5652,1532694125,*C=CC1CC(*)C(C#N)([Si](C)(C)[Si](C)(C)C)C1,0.44453599,42,2,13,0,1,1,train
4402,1185510088,*Nc1cc2c(cc1C)[C@H]1c3cc(C)c(N*)cc3[C@@H]2[C@H]2CCCC[C@H]12,0.3950421,59,2,22,0,2,0,train
1707,461284204,*c1cc(CCCCBr)c(*)s1,0.44837181,19,2,8,0,0,0,train
2208,598697113,*CCCCCCCCCCCC(c1ccc(O)cc1)C(*)c1ccc(O)cc1C,0.37037228,42,2,26,2,0,0,train
2085,561158280,*NNC(=O)c1ccccc1C(=O)NCCCCCCNC(=O)c1ccccc1C(*)=O,0.33644066,48,2,22,4,4,4,train
3041,823634116,*c1cccc(P(=O)(c2ccc(C(F)(F)F)cc2)c2cccc(N3C(=O)c4ccc(Oc5ccc6c(c5)C(=O)N(*)C6=O)cc4C3=O)c2)c1,0.38545979,92,2,35,6,2,5,train
3517,961636865,*OP(=O)(Oc1c(Cl)c(Cl)c(*)c(Cl)c1Cl)Oc1c(Cl)c(Cl)c(Cl)c(Cl)c1Cl,0.36344351,62,2,12,4,0,1,train
1464,393084491,*Nc1ccc(C2(c3ccc(N*)cc3)c3ccccc3-c3ccc(-c4ccccc4)c(-c4ccccc4)c32)cc1,0.3805448449999999,68,2,37,0,2,0,train
1207,323411656,*Cc1cc(CNC(=O)CCCCC(=O)N*)cc(C(C)(C)C)c1,0.34360475,40,2,18,2,2,2,train
1903,512074662,*OP(=O)(Oc1ccc(Br)cc1)Oc1ccc(S(=O)(=O)c2ccc(*)cc2)cc1,0.36041928,53,2,18,6,0,3,train
6765,1835490672,*OC(CC)C(*)=O,0.35896412,13,2,4,2,0,1,train
2412,660384405,*Nc1ccc(-c2ccc(C3(c4ccc(-c5ccc(N*)cc5)cc4)CCCCC3)cc2)cc1,0.36004409,56,2,30,0,2,0,train
7648,2065090283,*CCOCCOC(=O)C(CCCCCCCCC)C(=O)O*,0.37130804,31,2,16,5,0,2,train
6092,1652404686,*CCN1C(=O)c2ccc(C(c3ccc4c(c3)C(=O)N(*)C4=O)(C(F)(F)F)C(F)(F)F)cc2C1=O,0.35651058,69,2,21,4,2,4,train
6713,1819263382,*c1ccc(OC(=O)c2cc(C(=O)Oc3ccc(C4(*)OC(=O)c5ccccc54)cc3)cc(C(C)(C)C)c2)cc1,0.37066817,73,2,32,6,0,3,train
1978,532722806,*CCOC(=O)O*,0.3043208,11,2,3,3,0,1,train
1853,501489325,*CCNC(=O)c1cccc(C(=O)NCCOc2ccc3c(O*)cccc3c2)c1,0.33057891,46,2,22,4,2,2,train
7703,2076186789,*Nc1ccc(*)cc1OC,0.38337049,15,2,7,1,1,0,train
4159,1126266523,*CCCCCCCCCCNC(=O)NCc1ccc(CNC(=O)N*)cc1,0.34448877,38,2,20,2,4,2,train
1702,458811601,*CCCCCCNC(=O)CCCCCCCCCCC(=O)N*,0.36402987,30,2,18,2,2,2,train
5670,1536569579,*Nc1c(F)c(F)c(N*)c(F)c1F,0.32203175,24,2,6,0,2,0,train
7399,2000404932,*CC(*)(C)C(=O)OCCCCCCOc1ccc2cc(C(=O)Oc3ccccc3)ccc2c1,0.35117887,52,2,27,5,0,2,train
6467,1754996829,*CC(CO*)(CS(=O)(=O)CCC)CS(=O)(=O)CCC,0.38361184,36,2,11,5,0,4,train
4146,1121884614,*CCCCCCCN1C(=O)c2ccc(-c3ccc(-c4ccc5c(c4)C(=O)N(*)C5=O)cc3)cc2C1=O,0.346649,65,2,29,4,2,4,train
2995,814145084,*Nc1ccc(-c2cc(-c3ccc(N*)cc3)cc(C(C)(C)C)c2)cc1,0.36221606,46,2,22,0,2,0,train
2507,680984529,*CC(*)(C)C(=O)OCCCCCC(=O)Oc1ccc(OC(=O)c2ccc(OCCCCCC)cc2)cc1,0.35200857,59,2,29,7,0,3,train
802,226216876,*Nc1cccc(C(=O)Oc2ccc(OC(=O)c3cccc(N*)c3)c3c2[C@H]2c4ccccc4[C@@H]3c3ccccc32)c1,0.35943133,77,2,34,4,2,2,train
2535,688616302,*CCCCCCCCNC(=O)NCc1ccc(CNC(=O)N*)cc1,0.33930014,36,2,18,2,4,2,train
5611,1522414034,*CC(*)c1cc(C(=O)OCCCC)ccc1-c1ccc(OCCCCCCCC)cc1,0.38549986,46,2,27,3,0,1,train
1731,467957331,*C(=O)Nc1ccc(C(c2ccc(NC(=O)c3ccc4c(c3)C(=O)N(c3ccc(Oc5cccc6c(Oc7ccc(N8C(=O)c9ccc(*)cc9C8=O)cc7)cccc56)cc3)C4=O)cc2)(C(F)(F)F)C(F)(F)F)cc1,0.36021287,137,2,55,8,4,6,train
304,86169021,*Nc1ccc(Cc2ccc(C3(c4ccc(Cc5ccc(N*)cc5)cc4)CCC(CC[C@H]4CC[C@H](CCCC)CC4)CC3)cc2)cc1,0.36481591,82,2,44,0,2,0,train
7478,2020969412,*Nc1ccc(Cc2ccc(NC(=O)c3cc(NC(=O)CCN4C(=O)c5ccccc5C4=O)cc(C(*)=O)c3)cc2)cc1,0.33946762,74,2,32,5,4,5,train
7360,1987420560,*Oc1ccc(Oc2ccc(C(=O)c3cccc(C(=O)c4ccc(*)cc4)c3)cc2)cc1S(=O)(=O)O,0.36037958,64,2,26,7,0,4,train
1137,303682893,*Oc1ccc(C2(c3ccc(OC(=O)c4cccc(C(*)=O)c4)c(C)c3)CCC3CCCCC3C2)cc1C,0.38690449,64,2,32,4,0,2,train
1802,484824618,*c1ccc(C(=O)Nc2cccc(Oc3ccc(S(=O)(=O)c4ccc(Oc5cccc(NC(=O)c6ccc(N7C(=O)c8ccc(-c9cccc%10c9C(=O)N(*)C%10=O)cc8C7=O)cc6)c5)cc4)cc3)c2)cc1,0.3546746,132,2,54,10,4,8,train
5103,1386193418,*Nc1ccc(C(CC)(c2ccc(N)cc2)c2ccc(N*)cc2)cc1,0.36099654,42,2,21,0,3,0,train
891,247558689,*CC(*)c1ccc(OP2(OCCOCCOCCOC)=NP(OCCOCCOCCOC)(OCCOCCOCCOC)=NP(OCCOCCOCCOC)(OCCOCCOCCOC)=N2)cc1,0.35241412,93,2,43,21,3,3,train
3097,840698807,*CC(*)C(=O)OCC(C)CC,0.37285766,19,2,8,2,0,1,train
3368,922972840,*CC(*)(C)C(=O)OCCCCCCCCCCCCCCC(=O)NC1OC(COC(C)=O)C(OC2OC(COC(C)=O)C(OC(C)=O)C(OC(C)=O)C2OC(C)=O)C(OC(C)=O)C1OC(C)=O,0.34215996,115,2,45,20,1,9,train
2257,612238315,*O[Si](C)(C)COC(=O)CCCCCCCCC(=O)Oc1ccc(S(=O)(=O)c2ccc(Oc3ccc(C=C4CCCC(=Cc5ccc(Oc6ccc(S(=O)(=O)c7ccc(OC(=O)CCCCCCCCC(=O)OC[Si](*)(C)C)cc7)cc6)cc5)C4=O)cc3)cc2)cc1,0.36489082,161,2,70,16,0,11,train
944,259345728,*Oc1ccc(NC(=O)c2cc(C(c3ccc(C(=O)O)c(C(=O)Nc4ccc(Oc5ccc(C(c6ccc(*)cc6)(C(F)(F)F)C(F)(F)F)cc5)cc4)c3)(C(F)(F)F)C(F)(F)F)ccc2C(=O)O)cc1,0.34130286,132,2,46,8,2,4,train
15,3254580,*Nc1ccc(CCc2ccc(N*)c(C)c2)c(C)c1,0.34991627,32,2,16,0,2,0,train
3411,934720972,*Nc1cc2cc3c4cc5ccccc5cc4c4cc5ccccc5cc4c3cc2c(N)c1N*,0.34084911,51,2,30,0,3,0,train
1777,478448217,*c1cccc(OCCCCCCCCCOc2cccc(N3C(=O)c4ccc(-c5ccc6c(c5)C(=O)N(*)C6=O)cc4C3=O)c2)c1,0.34783375,78,2,37,6,2,4,train
1163,312938401,*Nc1ccc(N[Se]*)cc1,0.39082082,18,2,6,0,2,0,train
7358,1987297108,*CC(*)(C)C(=O)Oc1ccc(C(=O)OC)cc1,0.33216316,32,2,12,4,0,2,train
6617,1797127681,*CC(*)(C)C(=O)OCCCCCCN(C)c1ccc(N=Nc2ccc(S(C)(=O)=O)cc2)cc1,0.37549174,58,2,24,4,3,4,train
8,1722264,*CC(*)(C)C(=O)OCCCCCCCCCOc1ccc2cc(C(=O)Oc3ccccc3)ccc2c1,0.35917558,55,2,30,5,0,2,train
1986,535689766,*c1ccc(Oc2ccc(S(=O)(=O)c3ccc(Oc4ccc(-c5c6c(c(*)c7ccccc57)C(=O)N(c5ccc(F)cc5)C6=O)cc4)cc3)cc2)cc1,0.37834526,96,2,42,6,1,4,train
7738,2086500241,*CCC(C)O*,0.3787093,9,2,4,1,0,0,train
374,103929649,*Oc1ccc(C(C)(C)c2ccc(Oc3ccc4c(c3)C(=O)N(N3C(=O)c5ccc(*)cc5C3=O)C4=O)cc2)cc1,0.37987007,75,2,31,6,2,4,train
2985,812075542,*Nc1ccc(-c2ccc(-c3ccc(N)cc3)c(-c3ccc(N*)cc3)c2)cc1,0.35568128,50,2,24,0,3,0,train
6377,1727851724,*CC(*)C(=O)Nc1ccccc1,0.3388664,20,2,9,1,1,1,train
2329,635778401,*C(=O)Nc1ccc(Oc2ccc(S(=O)(=O)c3ccc(Oc4ccc(NC(=O)c5ccc6c(c5)C(=O)N(c5ccc(Oc7cccc8c(Oc9ccc(N%10C(=O)c%11ccc(*)cc%11C%10=O)cc9)cccc78)cc5)C6=O)cc4)cc3)cc2)cc1,0.36004645,155,2,64,12,4,8,train
5517,1498294171,*CC(*)c1ccc(-c2ccc3c(c2)C(CCCCCC)(CCCCCC)c2ccccc2-3)cc1,0.40118451,55,2,33,0,0,0,train
3157,858271129,*N=Nc1ccc(C(=O)NCCCCNC(=O)c2ccc(*)cc2)cc1,0.34984295,41,2,18,2,4,3,train
4974,1346729731,*Nc1ccc2cc(N*)c(-c3cc4ccccc4c(N)c3N)cc2c1,0.34931736,41,2,20,0,4,0,train
3209,873401341,*Oc1ccc(NC(=C(C#N)C#N)c2ccc(C(Nc3ccc(*)cc3)=C(C#N)C#N)cc2)cc1,0.401116,61,2,26,1,6,2,train
382,105789643,*c1ccc(Oc2cccc(Oc3ccc(N4C(=O)c5ccc(Oc6cc7ccccc7cc6Oc6ccc7c(c6)C(=O)N(*)C7=O)cc5C4=O)cc3)c2)cc1,0.36484641,94,2,44,8,2,4,train
5297,1439796054,*c1ccc(C(c2ccc(N3C(=O)c4cc5c(cc4C3=O)C(C(F)(F)F)(C(F)(F)F)c3cc4c(cc3O5)C(=O)N(*)C4=O)cc2)(C(F)(F)F)C(F)(F)F)cc1,0.42823132,111,2,34,5,2,4,train
1699,457660714,*Oc1ccc(Oc2ccc(C(=O)Nc3ccc(Cc4ccc(NC(=O)c5ccc(*)cc5)cc4)cc3)cc2)cc1-c1ccccc1,0.36405434,76,2,39,4,2,2,train
2653,722337542,*CC(CCCCCC)O*,0.40228779,13,2,8,1,0,0,train
1614,434366510,*CCCCOC(=O)C1CCC(C(=O)O*)CC1,0.34010105,28,2,12,4,0,2,train
697,194134308,*CCOCCOC(=O)CCCCCCC(=O)O*,0.34329076,25,2,12,5,0,2,train
7893,2125797590,*Nc1ccc(NC(=O)c2cccc(C(=O)c3ccc(C(*)=O)cc3)c2)cc1,0.34473646,49,2,21,3,2,3,train
2100,565873116,*CC(*)(C)C(=O)O[Si](C)(C)C,0.42890458,26,2,7,2,0,1,train
5286,1437182858,*Nc1cccc(NC(=O)c2cccc(C(=O)Nc3cccc(NC(=S)NC(=O)c4ccc(C(=O)NC(*)=S)cc4)c3)c2)c1,0.33973914,78,2,30,4,6,6,train
1309,354485735,*CCCCOC(=O)c1ccc(-c2ccc(-c3ccc(C(=O)O*)cc3)cc2)cc1,0.34817572,50,2,24,4,0,2,train
2282,621730557,*c1cc(Br)c(Oc2c(Br)cc(N3C(=O)c4ccc(-c5ccc6c(c5)C(=O)N(*)C6=O)cc4C3=O)cc2Br)c(Br)c1,0.43253856,82,2,28,5,2,4,train
2609,708888125,*CC1(C)CC(*)(C)C(=O)OC1=O,0.30782553,25,2,8,3,0,2,train
6391,1731329584,*N=P(*)(OCCC)OCCC,0.40352288,17,2,6,2,1,1,train
7054,1906506911,*Nc1ccc(-c2cccc3cccc(-c4ccc(N*)cc4)c23)cc1,0.3474253,42,2,22,0,2,0,train
5618,1523905334,*Nc1cc(C)c(C2(c3cc(C)c(N*)cc3C)c3ccccc3-c3ccccc32)cc1C,0.38791749,54,2,29,0,2,0,train
225,66059501,*Oc1cccc2ccc(Oc3ccc(NC(=O)c4ccc(Oc5ccccc5Oc5ccc(C(=O)Nc6ccc(*)cc6)cc5)cc4)cc3)cc12,0.35799579,82,2,42,6,2,2,train
5146,1394769597,*Nc1ccc2ccc3c4ccccc4ccc3c2c1N*,0.34015504,30,2,18,0,2,0,train
5850,1587391923,*Oc1ccc(S(=O)(=O)c2ccc(OC(=O)c3cc(NC(=O)c4ccc(NC(=O)C(C)N5C(=O)c6ccccc6C5=O)cc4)cc(C(*)=O)c3)cc2)cc1,0.34562786,100,2,38,10,3,8,train
5803,1574797277,*CC(*)C(=O)OCc1c(Br)c(Br)c(Br)c(Br)c1Br,0.39447334,39,2,10,2,0,1,train
7850,2113327142,*C(=O)c1ccc2c(c1)C(=O)N(c1ccc(C(c3ccc(N4C(=O)c5ccc(*)cc5C4=O)cc3)(C(F)(F)F)C(F)(F)F)cc1)C2=O,0.39124786,92,2,32,5,2,5,train
5804,1575153085,*Oc1ccc(C(=O)c2cccc(NC(=O)c3cccc(C(=O)Nc4cccc(C(=O)c5ccc(*)cc5)c4)c3)c2)cc1,0.35264877,75,2,34,5,2,4,train
485,135272498,*NC(CCC(=O)OCCCCCCCC)C(*)=O,0.36388977,27,2,13,3,1,2,train
2500,679561961,*CCCC(*)(C)C,0.4001286,12,2,6,0,0,0,train
4759,1286616307,*c1ccc(C2(c3ccc(-c4cc(-c5ccccc5)c5cc(C6(c7ccc8nc(*)cc(-c9ccccc9)c8c7)c7ccccc7-c7ccccc76)ccc5n4)cc3)c3ccccc3-c3ccccc32)cc1,0.44097468,121,2,68,0,2,0,train
5210,1413330755,*C(=O)Nc1ccc(C(c2ccc(NC(=O)c3ccc4c(c3)C(=O)N(c3ccc(Oc5ccc6ccc(Oc7ccc(N8C(=O)c9ccc(*)cc9C8=O)cc7)cc6c5)cc3)C4=O)cc2)(C(F)(F)F)C(F)(F)F)cc1,0.35976848,137,2,55,8,4,6,train
4249,1148596222,*CC(*)(C)C(=O)OCCCOc1ccc(C(=O)Oc2ccc3ccc(=O)oc3c2)cc1,0.32418426,53,2,23,7,0,3,train
7319,1975514366,*c1cccc(OCCCCOc2cccc(N3C(=O)c4ccc(-c5ccc6c(c5)C(=O)N(*)C6=O)cc4C3=O)c2)c1,0.34563212,73,2,32,6,2,4,train
3481,951639938,*CC(c1ccccc1)C1C(=O)NC(=O)C1*,0.33021579,29,2,12,2,1,2,train
5720,1551816010,*c1ccc(N2C(=O)c3ccc(Oc4ccc(C(C)(C)c5ccc(Oc6ccc7c(c6)C(=O)N(c6ccc8[nH]c(*)nc8c6)C7=O)cc5)cc4)cc3C2=O)cc1,0.37965627,103,2,44,6,4,4,train
1243,333695147,*Nc1ccc(-c2ccc(N*)c(CC)c2)cc1CC,0.3583446,31,2,16,0,2,0,train
2563,695536292,*O*CCCCCCCCCC(=O)Oc1ccc(-c2ccc(C(=O)Oc3ccc(Cl)c(OC(=O)c4ccc(-c5ccc(OC(=O)CCCCCCCCC(*)CO*)cc5)cc4)c3)cc2)cc1,0.38046147,107,4,53,10,0,4,train
676,189225250,*C1CCC(N2C(=O)c3ccc(-c4ccc5c(c4)C(=O)N(*)C5=O)cc3C2=O)CC1,0.36716787,57,2,22,4,2,4,train
1549,415720254,*Nc1ccccc1-c1cccc2c1[C@@H](c1ccccc1N*)c1ccccc1-2,0.3648408,48,2,25,0,2,0,train
5785,1570351096,*CC(*)(C)C(=O)OCCC1CCN(CCCCCCOc2ccc(N=Nc3ccc([N+](=O)[O-])cc3)cc2)CC1,0.36030129,69,2,29,5,4,3,train
3014,817646682,*CC(*)(C)C(=O)Oc1ccc(C(=O)C=Cc2ccc(OCc3ccccc3)cc2)cc1,0.34505383,53,2,26,4,0,3,train
6300,1706591309,*CC(C)(C)CS*,0.40110169,12,2,5,0,0,0,train
5064,1373216700,*Nc1ccc2c(c1)C1(c3cc(N)ccc3-2)c2cc(N)ccc2-c2ccc(N*)cc21,0.38294109,55,2,25,0,4,0,train
5291,1437848848,*c1ccc(Oc2ccc(C(C)(C)c3ccc(Oc4ccc(S(*)(=O)=O)cc4)cc3)cc2)s1,0.3741321,59,2,25,4,0,2,train
2407,659061902,*C/C=C\C[Si](*)(C)c1ccccc1,0.37739733,26,2,11,0,0,1,train
6284,1702898348,*Oc1cccc(Oc2ccc(C(=O)Oc3cccc(OC(=O)c4ccc(*)cc4)c3)cc2)c1,0.35286115,56,2,26,6,0,2,train
3403,932177649,*C(=O)Nc1ccc(C2(c3ccc(NC(=O)c4ccc5c(c4)C(=O)N(c4cccc(N6C(=O)c7ccc(*)cc7C6=O)c4)C5=O)cc3)c3ccccc3-c3ccccc32)cc1,0.37103025,110,2,49,6,4,6,train
6255,1696944079,*CC(*)(CC(=O)OC1CCCCC1)C(=O)OC1CCCCC1,0.39639923,37,2,17,4,0,2,train
5055,1370707470,*CCN(*)CC[Si](C)(C)C,0.41091348,20,2,7,0,1,0,train
4511,1215056104,*Nc1c(N*)c(-c2ccc(-c3c4ccccc4cc4ccccc34)cc2)c(-c2ccccc2)c(-c2ccccc2)c1-c1ccccc1,0.37007258,79,2,44,0,2,0,train
2718,739562740,*c1ccc(C2(c3ccc(N4C(=O)c5ccc(S(=O)(=O)c6ccc7c(c6)C(=O)N(*)C7=O)cc5C4=O)cc3)c3ccccc3-c3ccccc32)cc1,0.4105138,97,2,41,6,2,6,train
4522,1217545349,*CC(*)C(=O)Oc1ccccc1Cl,0.35897864,22,2,9,2,0,1,train
7468,2018770254,*c1ccc(OC(=O)c2ccc([Si](C)(C)c3ccc(C(=O)Oc4ccc(C5(*)OC(=O)c6ccccc65)cc4)cc3)cc2)cc1,0.37413124,83,2,36,6,0,3,train
1021,280111011,*Nc1ccc([C@H](C)c2ccc(C(C)c3ccc([C@@H](C)c4ccc(N*)cc4)cc3)cc2)cc1,0.36122133,65,2,30,0,2,0,train
7471,2019662589,*CC(*)c1ccc(COc2ccc(-c3ccc(-c4ccc(-c5ccc(CCCCCC)s5)s4)c4nsnc34)cc2)cc1,0.38938672,70,2,35,1,2,0,train
2464,671591388,*N/C1=N/OC(O)(O)O/N=C(/N*)C/C(N)=N/OC(O)(O)O/N=C(\N)C1,0.28254764,54,2,8,8,8,4,train
3625,984649058,*CCCCCCCCCCCCCCCCCCNC(=O)Cc1ccc(CC(=O)N*)cc1,0.36969623,44,2,28,2,2,2,train
1572,423638166,*Nc1ccc(C2(c3ccc(NC(=O)c4cccc(C(*)=O)c4)cc3)c3ccccc3-c3ccccc32)cc1,0.37583155,66,2,33,2,2,2,train
3243,884979712,*c1cc(C(=O)NCCCCCCCCCCCCCC)cc(N2C(=O)c3ccc(-c4ccc5c(c4)C(=O)N(*)C5=O)cc3C2=O)c1,0.3677936,79,2,37,5,3,5,train
7350,1984563739,*Oc1cccc(NC(=O)c2ccc(Oc3ccc(C(C)(C)c4ccc(C(C)(C)c5ccc(Oc6ccc(C(=O)Nc7ccc(*)cc7)cc6)cc5)cc4)cc3)cc2)c1,0.3657163,101,2,50,5,2,2,train
4236,1144377193,*C(=O)Nc1cccc(C(=O)Nc2cccc(NC(=O)c3ccc4[nH]c(-c5cccc(-c6nc7cc(*)ccc7[nH]6)c5)nc4c3)c2)c1,0.36420228,88,2,35,3,7,3,train
3391,927902684,*CC(*)(C)C(=O)OCC1(C)COCOC1,0.34420519,27,2,10,4,0,1,train
7214,1949333335,*Oc1ccc(Oc2ccc(C(=O)c3ccc(*)c(S(=O)(=O)O)c3)cc2S(=O)(=O)O)cc1,0.35202663,61,2,19,9,0,5,train
6679,1812532838,*CCCCCOC(=O)OCCCCCN1C(=O)c2ccc(-c3ccc4c(c3)C(=O)N(*)C4=O)cc2C1=O,0.33554608,64,2,27,7,2,5,train
6216,1685741842,*Oc1ccc(S(=O)(=O)c2ccc3cc(S(=O)(=O)c4ccc(Oc5c(C)cc(-c6cc(C)c(*)c(C)c6)cc5C)cc4)ccc3c2)cc1,0.39138896,89,2,38,6,0,4,train
3713,1007721072,*Oc1ccc(S(=O)(=O)c2ccc(OC(=O)c3cccc(C(*)=O)c3)cc2)cc1,0.35428669,53,2,20,6,0,4,train
5019,1361875495,*c1cc(C(C(=O)OC)C(=O)OC)c(*)s1,0.39850796,30,2,9,4,0,2,train
7792,2102034218,*c1ccc2c(c1)C(=O)N(c1ccc(NC(=S)N=Cc3ccc(Cl)c(N4C(=O)c5ccc(C(*)(C(F)(F)F)C(F)(F)F)cc5C4=O)c3)cc1)C2=O,0.37564087,100,2,33,4,4,6,train
292,82950702,*CCCCOC(=O)c1ccc2cc(C(=O)O*)ccc2c1,0.34443591,34,2,16,4,0,2,train
3398,930831236,*Nc1ccc(NC(=O)c2cc(-c3ccc(C(=O)O)c(C(*)=O)c3)ccc2C(=O)O)cc1,0.31148404,59,2,22,6,2,4,train
254,72459734,*OC1C(COCO)OC(*)C(O)C1O,0.29530816,23,2,7,6,0,0,train
4266,1151566525,*CC#CC#CCOc1ccc(C(=O)OCCN(CCOC(=O)c2ccc(O*)cc2)c2ccc(N=Nc3ccc(N=Nc4cc(C)c(C#N)c(C)c4)cc3)cc2)cc1,0.37555317,96,2,45,6,6,4,train
2045,551461476,*OP(=O)(Oc1ccc([N+](=O)[O-])cc1)Oc1c(C)cc(S(=O)(=O)c2cc(C)c(*)c(C)c2)cc1C,0.36156233,73,2,22,8,1,4,train
7512,2031010727,*CC(*)c1ccc(C(=O)OCCCCCC)cc1,0.37921152,28,2,15,2,0,1,train
2757,750049504,*c1ccc(-c2sc(-c3ccc(-c4cc(SCCCC)c(*)s4)cc3)cc2SCCCC)cc1,0.51197804,55,2,28,0,0,0,train
6828,1851842760,*CC(OCC)C(C(=O)OC)C(*)C(=O)OC,0.35037859,29,2,10,5,0,2,train
7093,1917189140,*c1ccc([Si](c2ccccc2)(c2ccccc2)c2ccc(-c3nnc(-c4ccc(-c5nnc(*)o5)c5ccccc45)o3)cc2)cc1,0.43988277,83,2,38,2,4,0,train
3541,968134863,*Nc1ccc([C@H](CCCC)c2ccc(CC(C)Cc3ccc([C@@H](CCCC)c4ccc(N*)cc4)cc3)cc2)cc1,0.36829564,73,2,38,0,2,0,train
1872,505548035,*Oc1cccc2ccc(Oc3ccc(NC(=O)c4cccc(C(=O)Nc5ccc(*)cc5)c4)cc3)cc12,0.35312849,62,2,30,4,2,2,train
6048,1640063479,*CCOCCOCCOCCOC(=O)CCSCCC(=O)O*,0.34735821,30,2,14,7,0,2,train
4540,1223012575,*Oc1ccc(CC(NC(=O)CCc2ccc(OC(=O)CCCCCCCCC(*)=O)cc2)C(=O)OCCCCCCCC)cc1,0.35909297,68,2,36,7,1,4,train
7380,1994005610,*c1cccc(C(F)(F)C(F)(F)C(*)(F)F)c1,0.35942273,33,2,9,0,0,0,train
3143,852184111,*c1cc(C)c(*)s1,0.5168642,14,2,5,0,0,0,train
7701,2075610197,*CC(OO*)c1ccc(C)cc1,0.3659097,19,2,9,2,0,0,train
421,116018739,*C(C)=C(*)CCCCC,0.40782502,15,2,8,0,0,1,train
852,238179937,*Nc1ccc(C)c2c(N*)ccc(C)c12,0.33933851,26,2,12,0,2,0,train
331,92619090,*CC(*)C(=O)Oc1ccc(C)cc1,0.3609429,23,2,10,2,0,1,train
2164,585470216,*C(=O)OCCOC(=O)c1ccc(*)o1,0.34230194,25,2,8,5,0,2,train
5962,1618337987,*C(=O)c1ccc2c(c1)C(=O)N(c1ccc(Oc3ccc(S(=O)(=O)c4ccc(C)cc4)cc3)c(N3C(=O)c4ccc(*)cc4C3=O)c1)C2=O,0.38455792,94,2,36,8,2,7,train
214,62163979,*C(=O)OCCN(CCOC(=O)c1ccc2c(c1)C(=O)N(c1ccc(N=Nc3ccc(C(C#N)=C(C#N)C#N)cc3)c(N3C(=O)c4ccc(*)cc4C3=O)c1)C2=O)c1ccc(N=Nc2ccc(C(C#N)=C(C#N)C#N)cc2)cc1,0.37162023,145,2,56,8,13,10,train
3566,973188497,*c1ccc2c(c1)C(=O)N(c1cc(C(c3ccc(OC(C)=O)c(N4C(=O)c5ccc(C(*)(C(F)(F)F)C(F)(F)F)cc5C4=O)c3)(C(F)(F)F)C(F)(F)F)ccc1OC(C)=O)C2=O,0.3749767,124,2,38,8,2,6,train
1859,503739413,*O[Si](C)(C)O[Si](C)(C)O[Si](C)(C)O[Si](C)(C)O[Si](C)(C)c1ccc(Oc2ccc([Si](*)(C)C)cc2)cc1,0.42386607,88,2,24,6,0,0,train
7530,2035735306,*Oc1ccc(P(C)(=O)c2ccc(*)cc2)cc1,0.38176997,31,2,13,2,0,1,train
4435,1193815432,*Nc1ccc2c(N*)cc3cccc4ccc1c2c43,0.33523592,30,2,16,0,2,0,train
559,153852064,*Nc1ccccc1-c1ccc2c(c1)C(CCCCCC)(CCCCCC)c1cc(-c3ccccc3N*)ccc1-2,0.36887719,62,2,37,0,2,0,train
4542,1223077195,*Nc1c2ccccc2c(-c2c3ccccc3c(N*)c3ccc(-c4ccccc4)c(-c4ccccc4)c23)c2c(-c3ccccc3)c(-c3ccccc3)ccc12,0.37429399,93,2,52,0,2,0,train
4508,1214356356,*CCCCCCCCCCCC(=O)Oc1ccc(C2(c3ccc(OC(=O)c4ccc5c(c4)C(=O)N(*)C5=O)cc3)OC(=O)c3ccccc32)cc1,0.35534379,87,2,41,8,1,5,train
6852,1857184942,*Nc1cc2c(cc1N*)C1c3cc(N)c(N)cc3C2c2cc(N)c(N)cc21,0.372622,48,2,20,0,6,0,train
3462,948765285,*CC(*)(C)C(=O)Oc1ccc(N=Nc2ccc([N+](=O)[O-])cc2)cc1,0.37332413,50,2,16,4,3,3,train
6171,1674464256,*Oc1ccc(C2(c3ccc(OC(*)=O)c(C)c3)CC3CCC2C3)cc1C,0.38156407,46,2,22,3,0,1,train
7368,1988563349,*CCCCCCOP(=O)(N=Nc1ccc(CCOC(=O)c2cc(C(=O)OCCc3ccc(N=NP(=O)(O*)OC)cc3)cc(C(C)(C)C)c2)cc1)OC,0.36086299,90,2,36,10,4,6,train
754,211760119,*C#Cc1cc(C(C)(C)C)cc2c3cc(C(C)(C)C)cc(*)c3n(CCCCCCCCCCCCCCCC)c12,0.40884949,64,2,38,0,1,0,train
4479,1205846674,*c1ccc(-c2ccc(-c3nc4cc(Oc5ccc(NC(=O)c6ccc7c(c6)C(=O)N(c6ccc(C(c8ccc(N9C(=O)c%10ccc(C(=O)Nc%11ccc(Oc%12ccc%13nc(-c%14ccccc%14)c(*)nc%13c%12)cc%11)cc%10C9=O)cc8)(C(F)(F)F)C(F)(F)F)cc6)C7=O)cc5)ccc4nc3-c3ccccc3)cc2)cc1,0.38363567,215,2,85,8,8,6,train
3060,831990105,*CC(=O)Nc1ccc(NC(=O)c2ccc3c(c2)C(=O)N(*)C3=O)cc1,0.3239093,48,2,17,4,3,4,train
1609,433063842,*c1ccc2c(c1)C(=O)N(c1ccc(Oc3ccc(C(=O)c4cccc(N5C(=O)c6ccc(C(*)(C(F)(F)F)C(F)(F)F)cc6C5=O)c4)cc3)c(C(F)(F)F)c1)C2=O,0.37864052,113,2,39,6,2,5,train
6329,1715402105,*c1cccc(C(=O)Nc2ccc(Oc3ccc(Oc4ccc(NC(=O)c5cccc(N6C(=O)c7ccc(-c8cccc9c8C(=O)N(*)C9=O)cc7C6=O)c5)cc4)cc3)cc2)c1,0.35797628,109,2,48,8,4,6,train
6760,1834440826,*CCN(*)C(=O)c1ccc(F)c(F)c1,0.34216811,26,2,9,1,1,1,train
6245,1695745153,*C(=O)c1ccc2c(c1)C(=O)N(c1ccc(Oc3c(C)cc(Cc4cc(C)c(Oc5ccc(N6C(=O)c7ccc(*)cc7C6=O)cc5)c(C)c4)cc3C)cc1)C2=O,0.38922074,104,2,46,7,2,5,train
3747,1016554396,*Nc1ccc2c(c1)cc(-c1ccccc1)c1cc(N*)ccc12,0.34652388,39,2,20,0,2,0,train
249,71203158,*Oc1ccc(C2(c3ccc(OC(=O)CCCCCCCC(*)=O)cc3)c3ccccc3-c3ccccc32)cc1,0.3625688,63,2,34,4,0,2,train
5254,1426651085,*c1ccc2c(c1)C(=O)N(c1ccc(Oc3cccc(Oc4ccc(N5C(=O)c6ccc(C(*)(C(F)(F)F)C(F)(F)F)cc6C5=O)cc4)c3)cc1)C2=O,0.36867528,99,2,37,6,2,4,train
472,131448132,*NC1=C(N*)C(=Nc2c(C)cccc2C)C(N)=C(N)C1=O,0.33122927,40,2,14,1,5,4,train
5722,1552546218,*Nc1ccc(-c2ccc(N)c(-c3ccc(N)cc3)c2-c2ccc(N*)cc2)cc1,0.35816613,51,2,24,0,4,0,train
5256,1426880410,*CC(*)(F)C(=O)OC(C(F)(F)F)C(F)(F)F,0.31561364,34,2,6,2,0,1,train
6472,1755789541,*CCCOC(=O)c1ccc2cc(C(=O)O*)ccc2c1,0.33616703,33,2,15,4,0,2,train
564,154956060,*Nc1ccc2c(c1)-c1ccc(N*)c3cccc-2c13,0.33585092,34,2,16,0,2,0,train
4385,1180738924,*OP(=O)(Oc1cccc2c(*)cccc12)OC1CCCCC1,0.36283438,36,2,16,4,0,1,train
7543,2038600003,*CC(*)(C)C(=O)OCc1cccc(Cl)c1,0.3685976,28,2,11,2,0,1,train
7552,2040418137,*c1c(C)cc(Cc2cc(C)c(N3C(=O)c4ccc(Oc5ccc(C(C)(C)c6ccc(Oc7ccc8c(c7)C(=O)N(*)C8=O)cc6)cc5)cc4C3=O)c(C)c2)cc1C,0.39213223,106,2,48,6,2,4,train
6674,1810774375,*Nc1ccc(-c2ccc(N*)c(-c3ccc(C(C)(C)C)cc3)c2-c2ccc(C(C)(C)C)cc2)cc1,0.37953942,65,2,32,0,2,0,train
5116,1388155176,*Nc1ccc2c(c1N*)Cc1ccccc1C2,0.3459074,26,2,14,0,2,0,train
7571,2046153733,*Nc1ccc(C[C@@H](c2ccc(N*)cc2)C(c2cccc(N)c2)c2cccc(N)c2)cc1,0.35616115,58,2,27,0,4,0,train
6576,1788326945,*CC(*)(C)C(=O)OCc1ccc(F)cc1F,0.3435113,28,2,11,2,0,1,train
4764,1287850309,*C=C(*)c1ccccc1C(F)(F)F,0.41894641,23,2,9,0,0,1,train
2241,607770016,*Oc1ccc(-c2ccc(Oc3ccc(C(=O)c4cccc(C(=O)c5ccc(*)cc5)c4)cc3)cc2)cc1,0.36424669,65,2,32,4,0,2,train
5072,1376051647,*CC(*)(C)C(=O)Oc1cccc(C)c1C,0.36564325,27,2,12,2,0,1,train
3298,902763521,*c1ccc(Oc2ccc(-c3ccc(Oc4ccc(-c5nnc(*)c6c(-c7ccc(F)cc7)c(-c7ccc(F)cc7)c(-c7ccc(F)cc7)c(-c7ccc(F)cc7)c56)cc4)cc3)cc2)cc1,0.4099229,118,2,56,2,2,0,train
390,107158685,*Oc1ccc(-c2ccc(Oc3ccc(C(=O)c4c(C(=O)c5ccc(*)cc5)c(-c5ccc(F)cc5)c(-c5ccc(F)cc5)c(-c5ccc(F)cc5)c4-c4ccc(F)cc4)cc3)cc2)cc1,0.40390264,119,2,56,4,0,2,train
2400,654743416,*C(=O)Nc1ccc(-c2ccc(N3C(=O)CC(N4C(=O)c5ccc(*)cc5C4=O)C3=O)cc2)cc1,0.35106689,65,2,25,5,3,5,train
375,104251154,*Nc1ccc(-c2ccc(NC(=O)c3cccc(C(*)=O)c3)cc2)cc1,0.34734825,45,2,20,2,2,2,train
7681,2071704186,*c1ccc(Oc2ccc(-c3ccc(Oc4ccc(N5C(=O)c6ccc(Oc7ccccc7Oc7ccc8c(c7)C(=O)N(*)C8=O)cc6C5=O)cc4C(F)(F)F)cc3)cc2)c(C(F)(F)F)c1,0.36566702,117,2,48,8,2,4,train
2590,703506417,*C(=O)c1ccc2c(c1)C(=O)N(c1cccc(OCCOc3cccc(N4C(=O)c5ccc(*)cc5C4=O)c3)c1)C2=O,0.34759445,75,2,31,7,2,5,train
6956,1881927203,*CCOC(=O)c1ccc(C(=O)OCCOc2ccc(C(C)(C)c3ccc(O*)cc3)cc2)cc1,0.34444131,57,2,27,6,0,2,train
6140,1666962714,*NC(CCC(=O)OCc1ccc(C(F)(F)F)cc1)C(*)=O,0.32727613,38,2,13,3,1,2,train
7460,2015619350,*C(=O)OCCCCCOC(=O)c1ccc(N2C(=O)c3ccc(*)cc3C2=O)cc1,0.33665398,50,2,21,6,1,4,train
4441,1196350517,*CC(*)(C)C(=O)Oc1cc(C)ccc1C,0.36692261,27,2,12,2,0,1,train
2723,741750852,*C=CC1CC(*)C(C(=O)OCCCCCCCCCCCOc2ccc(-c3ccc(C#N)cc3)cc2)C1C(=O)OCCCCCCCCCCCOc1ccc(-c2ccc(C#N)cc2)cc1,0.37717295,100,2,57,6,2,3,train
840,234377391,*CCCCCCCCCCNC(=O)CCCCCCCCCCCCCCC(=O)N*,0.37489895,38,2,26,2,2,2,train
7938,2139752461,*Nc1ccc([C@](C)(CC)c2cccc([C@](C)(CC)c3ccc(N*)cc3)c2)cc1,0.36284184,56,2,26,0,2,0,train
4537,1221113390,*NC(CCC(=O)OCCC)C(*)=O,0.33535597,22,2,8,3,1,2,train
3749,1017422838,*Nc1cccc(-c2cccc(N*)c2-c2cccc3ccc4cc5ccccc5cc4c23)c1-c1cccc2ccc3cc4ccccc4cc3c12,0.36507338,79,2,48,0,2,0,train
4370,1177876091,*Nc1ccc(C(c2ccc(NC(=O)c3cccc(C(*)=O)c3)cc2)(P2(=O)Oc3ccccc3-c3ccccc32)P2(=O)Oc3ccccc3-c3ccccc32)cc1,0.36614746,99,2,45,6,2,4,train
5217,1415457510,*Nc1cc2ccccc2c(-c2cccc(C)c2)c1N*,0.35472795,32,2,17,0,2,0,train
4265,1151287804,*c1ccc(-c2ccc(-c3cc(-c4ccc(Oc5ccc(-c6ccccc6)cc5)cc4)c4cc(-c5ccc6nc(*)cc(-c7ccc(Oc8ccc(-c9ccccc9)cc8)cc7)c6c5)ccc4n3)cc2)cc1,0.38807327,123,2,66,2,2,0,train
3124,846455978,*Nc1cc(O)c(-c2c(O)c(O)c(N)c(N)c2N*)c(O)c1,0.31859202,41,2,12,4,4,0,train
298,84183521,*Nc1ccc([C@H](CCC)c2ccc(C(CCCC)c3ccc([C@@H](CCC)c4ccc(N*)cc4)cc3)cc2)cc1,0.36924197,72,2,37,0,2,0,train
1764,475611696,*Nc1ccc(C(CCC(CCC(c2ccc(N)cc2)c2ccc(N)cc2)(c2ccc(N)cc2)c2ccc(N*)cc2)c2ccc(N)cc2)cc1,0.35622218,83,2,43,0,6,0,train
3673,995410408,*c1ccc2c(c1)C(=O)N(c1ccc(-c3ccc(N4C(=O)c5ccc(C(*)(C(F)(F)F)C(F)(F)F)cc5C4=O)c(OCCN(CC)c4ccc(C(C#N)=C(C#N)C#N)cc4)c3)cc1OCCN(CC)c1ccc(C(C#N)=C(C#N)C#N)cc1)C2=O,0.37956411,158,2,61,6,10,6,train
3500,956184132,*c1ccc(Oc2ccc(Oc3ccc(N4C(=O)CC(=O)N(*)C4=S)cc3)cc2)cc1,0.37482752,54,2,22,4,2,3,train
6225,1687734708,*CC(*)c1nc(C)nc(C)n1,0.41591473,20,2,7,0,3,0,train
3719,1011327767,*NNc1ccc(-c2ccc(NN*)c(-c3ccccc3)c2-c2ccccc2)cc1,0.37163024,47,2,24,0,4,0,train
671,187577688,*CCCC(CC)CCNC(=O)c1ccc(C(=O)N*)cc1,0.34121483,34,2,16,2,2,2,train
51,12395811,*C(=Cc1cc(OC)c(C=C(c2ccc(*)cc2)c2ccc(OC)cc2)cc1OC)c1ccc(OC)cc1,0.37715059,62,2,32,4,0,2,train
5656,1533352868,*CCN(*)C(=O)c1cc(F)c(F)cc1F,0.34420285,27,2,9,1,1,1,train
4081,1103729487,*c1ccc2c(c1)C(=O)N(c1ccc(Oc3c(C)cc(C(c4cc(C)c(Oc5ccc(N6C(=O)c7ccc(C(*)(C(F)(F)F)C(F)(F)F)cc7C6=O)cc5)c(C)c4)c4cccc5ccccc45)cc3C)cc1)C2=O,0.4076565,136,2,58,6,2,4,train
4043,1092404802,*CCCCNC(=O)Cc1ccc(C(=O)N*)cc1,0.32910711,29,2,13,2,2,2,train
7625,2059069732,*Oc1cccc(Oc2ccc(C(=O)c3ccc(NC(=O)c4ccc(C(=O)Nc5ccc(C(=O)c6ccc(*)cc6)cc5)cc4)cc3)cc2)c1,0.35539719,86,2,40,6,2,4,train
1973,531544469,*Nc1ccc(-c2ccc(N*)c(C)c2)cc1C,0.348612915,29,2,14,0,2,0,train
4945,1338688328,*CC(*)(C)C(=O)OC(C)C(C)(C)C,0.3963458,27,2,10,2,0,1,train
4912,1332074394,*c1ccc(N2C(=O)c3ccc(-c4ccc5c(c4)C(=O)N(*)C5=O)cc3C2=O)cc1,0.38387233,57,2,22,4,2,4,train
4624,1247283822,*Oc1ccc(C(C)(C)c2ccc(Oc3ccc(C(=O)c4ccc(P(=O)(c5ccccc5)c5ccc(C(=O)c6ccc(*)cc6)cc5)cc4)cc3)cc2)cc1,0.38593544,96,2,47,5,0,3,train
7262,1961333233,*CCN(CCOC(=O)Nc1cccc(NC(=O)O*)c1C)c1ccc(C=Cc2ccc([N+](=O)[O-])cc2)cc1,0.34593177,69,2,27,6,4,4,train
3184,865769090,*CC(*)(F)C(C)=O,0.32677748,15,2,4,1,0,1,train
478,132725176,*C(=O)c1cc2c(cc1Cl)C(=O)N(c1cc(N3C(=O)c4cc(*)c(Cl)cc4C3=O)cc(C(C)(C)C)c1)C2=O,0.41625991,77,2,27,5,2,5,train
2742,747034836,*c1cc(N=Cc2ccc(F)cc2)c(O)c(*)c1C,0.39302909,32,2,14,1,1,1,train
908,253276168,*CC(*)(C)C(=O)OCC(O)CO,0.28803561,22,2,7,4,0,1,train
460,128067074,*c1ccc2c(c1)C(=O)N(c1ccc(C3(c4ccc(N5C(=O)c6ccc(C(*)(C(F)(F)F)C(F)(F)F)cc6C5=O)c(C(C)C)c4)c4ccccc4-c4ccccc43)cc1C(C)C)C2=O,0.43454903,121,2,50,4,2,4,train
3957,1071860128,*O[Si](*)(C)CCCCCCCCCCCn1c2ccccc2c2ccccc21,0.38480246,42,2,23,1,0,0,train
4026,1088069103,*CC(*)c1ccc(CCC(F)(F)C(F)(F)C(F)(F)C(F)(F)F)cc1,0.37120433,47,2,14,0,0,0,train
491,136564910,*CCN(CCOC(=O)Nc1ccc(C)c(NC(=O)O*)c1)c1ccc(C=C2NC(=O)NC2=O)cc1,0.32170639,61,2,23,6,5,5,train
6972,1886122212,*c1cccc(N2C(=O)c3c(c(-c4ccccc4)c(-c4ccc(-c5c(-c6ccccc6)c6c(c(-c7ccccc7)c5-c5ccccc5)C(=O)N(*)C6=O)cc4)c(-c4ccccc4)c3-c3ccccc3)C2=O)c1,0.40285213,132,2,64,4,2,4,train
487,135571738,*Nc1ccc(C2(c3ccc(N*)cc3)[C@@H]3C[C@H]4C[C@@H](C3)C[C@]2([C@]23C[C@H]5C[C@H](C[C@H](C5)C2)C3)C4)cc1,0.36595891,98,2,32,0,2,0,train
4517,1216424248,*CCCCCCCCCCOC(=O)c1cccc(C(=O)O*)c1,0.35874529,34,2,18,4,0,2,train
3522,962879741,*C(=O)c1ccc2c(c1)C(=O)N(c1ccc(Oc3ccc(N4C(=O)c5ccc(*)cc5C4=O)cc3Br)c(Br)c1)C2=O,0.40438149,78,2,29,6,2,5,train
7470,2019160480,*c1cccc(C(c2cccc(N3C(=O)c4ccc(-c5ccc6c(c5)C(=O)N(*)C6=O)cc4C3=O)c2)(C(F)(F)F)C(F)(F)F)c1,0.37386438,88,2,31,4,2,4,train
4033,1090062634,*CC(*)(Cl)C(=O)OCCC(F)(F)C(F)(F)C(F)(F)C(F)(F)C(F)(F)C(F)(F)C(F)(F)C(F)(F)F,0.32985562,75,2,13,2,0,1,train
7005,1893806393,*c1ccc(Sc2ccc(Sc3ccc(Sc4ccc(N5C(=O)c6ccc(Oc7ccc8c(c7)C(=O)N(*)C8=O)cc6C5=O)cc4)cc3)cc2)cc1,0.37860625,90,2,37,5,2,4,train
3572,974829630,*NCCCCCCCCCCCCN*,0.34669796,16,2,12,0,2,0,train
7388,1997665708,*Nc1ccc2c(c1)[C@]1(c3ccccc3-2)c2ccccc2-c2ccc(N*)c(-c3ccccc3)c21,0.377512415,63,2,31,0,2,0,train
2623,712532019,*Nc1ccc(N*)c(-c2cccc3ccccc23)c1,0.34706164,31,2,16,0,2,0,train
1197,321215899,*Oc1ccc(N=CCCCC=Nc2ccc(OC(=O)Nc3cc(NC(*)=O)ccc3C)cc2)cc1,0.34931445,56,2,26,4,4,4,train
701,195349220,*COc1ccc(C(=C(Cl)Cl)c2ccc(O*)cc2)cc1,0.3737643,36,2,15,2,0,1,train
6660,1808604040,*Oc1cccc(NC(=O)c2cccc(C(=O)Nc3ccc(*)cc3)c2)c1,0.34287767,45,2,20,3,2,2,train
241,69087168,*Nc1ccc(-c2cccc(C[C@@H](C)c3ccc(N*)cc3)c2)cc1,0.35001333,45,2,21,0,2,0,train
4698,1264767069,*Oc1ccc(OC(=O)c2cc(N=Nc3ccc(OCC)cc3)ccc2-c2ccc(N=Nc3ccc(OCC)cc3)cc2C(*)=O)cc1,0.36951145,77,2,36,6,4,4,train
6787,1841717328,*c1ccc(Cc2ccc(N3C(=O)C4CCC5C(=O)N(*)C(=O)C5C4C3=O)cc2)cc1,0.37944453,57,2,23,4,2,4,train
2013,543416509,*CC(*)c1ccccc1O,0.35680883,15,2,8,1,0,0,train
58,13850404,*OC(=O)OCC(O)C(O)COC(=O)OC1COC2C(*)COC12,0.29768641,40,2,12,10,0,2,train
1265,341816925,*CC(=O)Nc1ccc(Oc2cccc(Oc3ccc(NC(=O)c4ccc5c(c4)C(=O)N(*)C5=O)cc3)c2)cc1,0.34068841,70,2,29,6,3,4,train
7333,1979525193,*OC1CCC(OC(=O)C(*)=O)CC1,0.33792482,24,2,8,4,0,2,train
1643,441855685,*CCCNC(=O)C(Cc1ccccc1)NC(=O)CCCCCCCCC(=O)NC(Cc1ccccc1)C(=O)NCCCOCCOCCO*,0.35141201,71,2,38,7,4,4,train
2768,752114706,*C(=O)Nc1ccc(S(=O)(=O)c2ccc(N3C(=O)CC(N4C(=O)c5ccc(*)cc5C4=O)C3=O)cc2)cc1,0.35376689,73,2,25,7,3,7,train
4704,1266599294,*CCCCCOC(=O)Nc1ccc(C)c(NC(=O)O*)c1,0.33765741,34,2,14,4,2,2,train
5538,1503134682,*Oc1ccc(C(C)(C)c2ccc(OC(=O)OC3C(C)(C)C(OC(*)=O)C3(C)C)cc2)cc1,0.36526848,61,2,25,6,0,2,train
6751,1830469159,*CCN(*)C(=O)c1c(F)ccc(F)c1F,0.34269166,27,2,9,1,1,1,train
6763,1835122928,*CCOCCOCCOCCOCCOCCOCCOCCOCCOCCOC(=O)c1ccc(-c2ccc(-c3ccc(C(=O)O*)cc3)cc2)cc1,0.34589389,75,2,40,13,0,2,train
6023,1634407816,*c1ccc(-c2cc(-c3ccc(OCCCCCCCCCCCC)cc3)cc(-c3ccc(-c4ccc5c(c4)C(CCCCCC)(CCCCCC)c4cc(*)ccc4-5)cc3)c2-c2ccc(OCCCCCCCCCCCC)cc2)cc1,0.39788041,125,2,79,2,0,0,train
7581,2047820714,*CC(*)(C)C(=O)OCCCCCCCCOc1ccc(N=Nc2ccc(C#N)cc2)cc1,0.37032483,50,2,25,3,3,2,train
4345,1170368720,*Nc1cc(NC(=O)Nc2ccc(CCc3ccccc3NC(*)=O)cc2)ccc1C,0.34797387,47,2,23,2,4,2,train
5107,1386834034,*CCCCCCCCCCCCCCCCOC(=O)NCc1ccc(CNC(=O)O*)cc1,0.36337534,44,2,26,4,2,2,train
6386,1730077255,*Nc1ccc2cc3ccc(N*)cc3cc2c1,0.34118592,26,2,14,0,2,0,train
6182,1676729998,*CC(*)(C)C(=O)OCCN(C)c1ccc(N(C)C)cc1,0.36781623,36,2,15,2,2,1,train
3892,1055512615,*CC(*)c1ccc(C(F)(F)C(F)(F)C(F)(F)C(F)(F)C(F)(F)C(F)(F)C(F)(F)F)cc1,0.36402861,66,2,15,0,0,0,train
6637,1803088964,*Nc1ccc2c(c1)-c1ccc(N*)cc1C21c2cc(N)ccc2-c2ccc(N)cc21,0.38509104,53,2,25,0,4,0,train
7391,1998309406,*c1ccc(N2C(=O)c3ccc(C(=O)c4ccc5c(c4)C(=O)N(c4ccc(-c6nc7cc(S(=O)(=O)c8ccc9nc(-c%10ccccc%10)c(*)nc9c8)ccc7nc6-c6ccccc6)cc4)C5=O)cc3C2=O)cc1,0.41300079,137,2,57,7,6,7,train
1997,538764320,*c1cccc(C(=O)Nc2ccc(Oc3ccc(-c4ccc(Oc5ccc(NC(=O)c6cccc(N7C(=O)c8ccc(-c9ccc%10c(c9)C(=O)N(*)C%10=O)cc8C7=O)c6)cc5)cc4)cc3)cc2)c1,0.35494179,126,2,54,8,4,6,train
3283,897856664,*C1C(=O)N(c2ccc(O[Si](CC)(CC)CC)cc2)C(=O)C1*,0.41373857,44,2,16,3,1,2,train
796,225113015,*N=P(N=P(N=S(*)(=O)NC)(NC)NC)(NC)NC,0.34459575,35,2,5,1,8,4,train
5185,1405483472,*c1ccc(NC(=O)c2cc(C(=O)Nc3ccc(S(*)(=O)=O)cc3)cc(S(=O)(=O)c3ccccc3)c2)cc1,0.35464323,72,2,26,6,2,6,train
2348,639770063,*CC(*)(C)C(=O)OCCC1CC[N+](C)(CCCCCCOc2ccc(N=Nc3ccc([N+](=O)[O-])cc3)cc2)CC1,0.36107045,75,2,30,5,4,3,train
2216,601022774,*CCN(*)C(=O)c1ccc(F)cc1,0.3464689,23,2,9,1,1,1,train
6722,1822664278,*CC(*)c1ccc(O)c(OC)c1,0.34066185,21,2,9,2,0,0,train
6090,1651483269,*Oc1ccc(OC(=O)c2ccc(C(*)=O)cc2)cc1,0.33710135,34,2,14,4,0,2,train
587,163611533,*Nc1ccc([C@@H](C2=CCC(N)(N*)C=C2)c2ccccc2)cc1,0.3443427,45,2,19,0,3,2,train
3726,1012066552,*c1ccc(Cc2ccc(N(c3ccc(C)cc3)c3ccc(-c4ccc(N(*)c5ccc(C)cc5)cc4)cc3)cc2)cc1,0.43960081,72,2,39,0,2,0,train
632,177156003,*CC(*)(C)C(=O)OCCCCCCOc1ccc(OC(=O)c2ccc(OC)cc2)cc1,0.34368741,50,2,24,6,0,2,train
1844,498302991,*c1ccc(Oc2ccc(C(=O)c3ccc(Oc4ccc(N5C(=O)c6ccc(S(=O)(=O)c7ccc8c(c7)C(=O)N(*)C8=O)cc6C5=O)cc4)cc3)cc2)cc1,0.3773528,102,2,41,9,2,7,train
4442,1197069937,*C*,0.40967205,3,2,1,0,0,0,train
716,200916875,*c1cccc(-c2nc3ccc(-c4ccc5nc(*)[nH]c5c4)cc3[nH]2)c1,0.42946115,50,2,20,0,4,0,train
5964,1618451585,*Nc1ccc(-c2ccc(-c3cccc(N*)c3)cc2)cc1,0.34006851,36,2,18,0,2,0,train
823,230397925,*CCCCCCCC(*)C,0.40146108,13,2,9,0,0,0,train
2607,708515334,*Oc1ccc(C2(c3ccc(Oc4ccc(C(=O)c5cccc(C(=O)c6ccc(*)cc6)c5)cc4)cc3)c3ccccc3-c3ccccc32)cc1,0.41414112,86,2,45,4,0,2,train
6098,1653668180,*CC(*)(C)C(=O)Oc1ccc(C)cc1C,0.36833301,27,2,12,2,0,1,train
366,102434627,*Oc1ccc(Oc2ccc(NC(=O)c3ccc(Oc4ccc(C(C)(C)c5ccc(C(C)(C)c6ccc(Oc7ccc(C(=O)Nc8ccc(*)cc8)cc7)cc6)cc5)cc4)cc3)cc2)cc1,0.36683276,112,2,56,6,2,2,train
4914,1332783697,*OC(=O)OCC1OC(C)(C)OC1COC(=O)OC1COC2C(*)COC12,0.32749602,45,2,15,10,0,2,train
330,92595615,*CC(*)C(=O)OCCCCCCOC(=O)c1ccc(OC(=O)c2ccc(C#N)cc2)cc1,0.35001678,53,2,24,6,1,3,train
6248,1695890113,*CCCCCCCCCCC(Cl)C(*)Cl,0.39676884,22,2,12,0,0,0,train
2326,634645972,*CCC1C(=O)N(CCCCCCCCCCCCCCCCCC)C(=O)C1*,0.39298677,39,2,24,2,1,2,train
5099,1383628967,*C(=O)c1ccc(Oc2ccc(N3C(=O)c4ccc(*)cc4C3=O)cc2)cc1,0.36913731,49,2,21,4,1,3,train
4670,1257657215,*c1ccc(Oc2ccc(Oc3ccc(-c4nc(*)nc(-c5ccccc5)n4)cc3)cc2)cc1,0.40894875,56,2,27,2,3,0,train
6812,1848433590,*CCC[Si](*)(C)CCC[Si](C)(C)C,0.41861838,28,2,10,0,0,0,train
2469,673094713,*Nc1ccc(-c2cccc(-c3ccccc3N*)c2)cc1,0.34307779,34,2,18,0,2,0,train
4036,1090817229,*c1ccc(Oc2cccc(Oc3ccc(N4C(=O)c5cccc(Oc6cccc(Oc7cccc8c7C(=O)N(*)C8=O)c6)c5C4=O)cc3)c2)cc1,0.3559394,88,2,40,8,2,4,train
3050,828069066,*CC(CC(*)(C#N)C#N)c1ccc(F)cc1,0.39106819,29,2,12,0,2,0,train
973,266241866,*CC(*)(C)C(=O)OCCCCCCCCCCCC[n+]1ccc(N(C)C)cc1,0.37084263,45,2,23,2,2,1,train
3428,938471508,*CCCCCCN1C(=O)c2ccc(C(=O)Nc3ccc(S(=O)(=O)c4ccc(NC(=O)c5ccc6c(c5)C(=O)N(*)C6=O)cc4)cc3)cc2C1=O,0.34497827,93,2,36,8,4,8,train
6740,1828252932,*Cc1ccccc1[Si](*)(c1ccccc1)c1ccccc1,0.39224938,35,2,19,0,0,0,train
2215,600653180,*c1ccc(Oc2cc3ccccc3cc2Oc2ccc(N3C(=O)c4ccc(Oc5ccc6c(c5)C(=O)N(*)C6=O)cc4C3=O)cc2)cc1,0.36873488,83,2,38,7,2,4,train
6821,1850000817,*OC(CCl)C(*)CCl,0.38330248,15,2,4,1,0,0,train
2547,691002570,*c1ccc(-c2ccc(-c3cc(-c4ccc(Oc5ccc(-c6cc(*)nc7ccccc67)cc5)cc4)c4ccccc4n3)cc2)cc1,0.39515201,79,2,42,1,2,0,train
4645,1252158010,*c1ccc(S(=O)(=O)c2ccc(N3C(=O)c4ccc(Oc5ccc6c(c5)C(=O)N(*)C6=O)cc4C3=O)cc2)cc1,0.37544083,76,2,28,7,2,6,train
416,114257024,*Oc1ccc(S(=O)(=O)c2ccc(Oc3ccc(C=Nc4ccc(Oc5ccc(N=Cc6ccc(*)cc6)cc5)cc4)cc3)cc2)cc1,0.37338058,80,2,38,5,2,4,train
3077,836390884,*Nc1cc2c(cc1N*)C(C[C@H](CC)CCCC)(C[C@H](CC)CCCC)c1cc(N)c(N)cc1-2,0.35441352,64,2,29,0,4,0,train
3043,825127348,*c1ccc2cc(-c3nc4ccc(-c5ccc6nc(*)[nH]c6c5)cc4[nH]3)ccc2c1,0.43811052,56,2,24,0,4,0,train
5408,1469368089,*CCN(CCOC(=O)c1ccc(C(=O)O*)cc1)c1ccc(C=C(C#N)C#N)cc1,0.35440714,52,2,22,4,3,3,train
3675,995697393,*OC(CC(*)=O)C(C)(Cl)Cl,0.35072691,22,2,5,2,0,1,train
7346,1983222428,*c1ccc(NC(=O)c2ccc(OCCOc3ccc(C(=O)Nc4ccc5[nH]c(*)nc5c4)cc3)cc2)cc1,0.35057029,66,2,29,4,4,2,train
5789,1570972826,*c1ccc2c(c1)C(=O)N(c1ccc(OCCOCCOc3ccc(N4C(=O)c5ccc(C(*)(C(F)(F)F)C(F)(F)F)cc5C4=O)cc3)cc1)C2=O,0.34948491,94,2,35,7,2,4,train
6132,1663579742,*C1C2CCC(C2)C1S(*)(=O)=O,0.369056,24,2,7,2,0,2,train
5949,1613802032,*CCN(*)C(=O)C(OC)(c1ccccc1)C(F)(F)F,0.3539454,35,2,12,2,1,1,train
6825,1851430426,*c1cccc(C(=O)Nc2ccc(Oc3ccc(C(C)(C)c4ccc(Oc5ccc(NC(=O)c6cccc(N7C(=O)c8ccc(-c9ccc%10c(c9)C(=O)N(*)C%10=O)cc8C7=O)c6)cc5)cc4)cc3)cc2)c1,0.36210831,132,2,57,8,4,6,train
7702,2076091344,*CC(*)CC[Si](C)(C)C,0.42654899,19,2,7,0,0,0,train
6425,1742360510,*Nc1ccc2ccccc2c1-c1ccc(-c2c(N*)ccc3ccccc23)cc1,0.35362502,46,2,26,0,2,0,train
3583,977134165,*C(=O)c1ccc2c(c1)C(=O)N(C1CCC(CC3CCC(N4C(=O)c5ccc(*)cc5C4=O)CC3)CC1)C2=O,0.36459442,72,2,30,5,2,5,train
7059,1907646642,*C(=O)c1ccc2c(c1)C(=O)N(c1ccc(Sc3ccc(N4C(=O)c5ccc(*)cc5C4=O)cn3)nc1)C2=O,0.3708683,72,2,26,5,4,5,train
4701,1265311522,*C(=O)c1ccc2c(c1)C(=O)N(c1ccc(C(=O)c3ccc(C(=O)c4ccc(N5C(=O)c6ccc(*)cc6C5=O)cc4)cc3)cc1)C2=O,0.37431986,91,2,37,7,2,7,train
5653,1533215185,*C(=O)c1ccc(N(*)CCCCCCC)cc1,0.39237717,27,2,14,1,1,1,train
135,40417262,*Nc1ccc(Oc2cccc(N*)c2)cc1,0.33227609,25,2,12,1,2,0,train
535,149053950,*c1ccc2c(c1)C(=O)N(c1ccc(Sc3ccc(Sc4ccc(Sc5ccc(Sc6ccc(N7C(=O)c8ccc(C(*)(C(F)(F)F)C(F)(F)F)cc8C7=O)cc6)cc5)cc4)cc3)cc1)C2=O,0.38371723,121,2,45,4,2,4,train
1856,503030513,*CCCCCCOc1ccc(C=Cc2ccc(O*)c3ccccc23)cc1,0.36429456,39,2,24,2,0,1,train
6824,1851228821,*c1ccc(-c2ccc3c(c2)C(CCCCCCCC)(CCCCCCCC)c2cc(*)ccc2-3)c(F)c1,0.41077909,60,2,35,0,0,0,train
5531,1502018022,*C=CC1CC(*)C2C(=O)N(c3cc(C(F)(F)F)cc(C(F)(F)F)c3)C(=O)C12,0.3593193,57,2,17,2,1,3,train
5265,1430116322,*CC(SS*)c1ccccc1,0.40293208,16,2,8,0,0,0,train
5154,1396280832,*Nc1ccc2c(c1)-c1cc(N*)ccc1C2(C)C,0.36307576,32,2,15,0,2,0,train
1065,289287510,*Nc1cc2cc3cc4ccccc4cc3cc2cc1N*,0.3410204,30,2,18,0,2,0,train
1542,414071257,*c1ccc(Oc2ccc(Sc3ccc(Oc4ccc(N5C(=O)c6ccc(Oc7ccc(-c8ccc(Oc9ccc%10c(c9)C(=O)N(*)C%10=O)cc8)cc7)cc6C5=O)cc4)cc3)cc2)cc1,0.3661288,116,2,51,8,2,4,train
5824,1580221416,*OC(=O)c1ccc(C2(C)CC(C)(C)c3ccc(C(=O)Oc4ccc5c(c4)Oc4cc(*)ccc4C5(C)C)cc32)cc1,0.38516135,76,2,35,5,0,2,train
492,136668087,*CCCCCCCOC(=O)c1ccc(C(=O)O*)cc1,0.35168899,31,2,15,4,0,2,train
953,260812845,*CC(*)c1ccccc1COCCCCCCCC,0.38758383,24,2,17,1,0,0,train
1768,476711294,*CC(*)(C)C(=O)Oc1ccc2c(c1)CCC2,0.36609405,30,2,13,2,0,1,train
2731,745501666,*CC(*)(C)C(=O)OCCCCCCCCCCOc1ccc(OC(=O)c2ccc(-c3ccc(OC)cc3)cc2)cc1,0.35115071,65,2,34,6,0,2,train
5895,1599410150,*N=P(*)(Oc1ccc(Cl)cc1Cl)Oc1ccc(Cl)cc1Cl,0.40414822,39,2,12,2,1,1,train
2458,670939419,*CCc1ccc(NC(=O)c2cccc(C(=O)Nc3ccc(CCOC(=O)c4cccc(C(=O)O*)c4)cc3)c2)cc1,0.34340117,70,2,32,6,2,4,train
1336,361088502,*CC(*)(C)C(=O)OCCCOc1ccc(-c2ccc(C#N)cc2)cc1,0.34900517,43,2,20,3,1,1,train
4304,1158896668,*CCOC(=O)CCC(=O)O*,0.31070608,18,2,6,4,0,2,train
2874,783055378,*c1cccc(C(=O)Nc2cccc(S(=O)(=O)c3cccc(NC(=O)c4cccc(N5C(=O)c6ccc(-c7ccc8c(c7)C(=O)N(*)C8=O)cc6C5=O)c4)c3)c2)c1,0.35166575,108,2,42,8,4,8,train
7371,1989009104,*Nc1ccc(Cc2ccc(NC(=O)c3cccc(C(*)=O)c3)cc2)cc1,0.35067325,45,2,21,2,2,2,train
5284,1436896741,*CC(*)(C)C(=O)OCCN(CC)c1ccccc1,0.36250293,30,2,14,2,1,1,train
5213,1413837140,*CC(*)(C)C(=O)OCSC,0.36623582,18,2,6,2,0,1,train
5462,1481448213,*Nc1cc([N+](=O)[O-])c(NC(=O)CCCCCCCCC(*)=O)cc1C=Cc1ccc(N(C)C)cc1,0.35183378,64,2,26,4,4,4,train
5494,1489614055,*c1ccc(Oc2ccc(C(=O)c3ccc(-c4ccc(C(=O)c5ccc(Oc6ccc(-c7nc(-c8ccc(-c9nc(*)c(-c%10ccccc%10)[nH]9)cc8)[nH]c7-c7ccccc7)cc6)cc5)cc4)cc3)cc2)cc1,0.40415832,136,2,62,4,4,2,train
319,90183382,*CC(*)C(=O)OC12CC3CC(CC(C3)C1)C2,0.38043932,32,2,13,2,0,1,train
2522,685261613,*Nc1ccc2c(c1)C(CC[C@@H](C)CCCC(C)C)(CC[C@@H](C)CCCC(C)C)c1cc(N*)ccc1-2,0.3674647,70,2,33,0,2,0,train
4700,1265296504,*c1cc(C(=O)OCC)cc(N2C(=O)CC(C3Cc4ccccc4C4C(=O)N(*)C(=O)C43)C2=O)c1,0.36068687,66,2,25,6,2,5,train
7726,2082251214,*CCCCCCCCCCCCCCCCCCNC(=O)CCCCCCCCCCCCCCCCC(=O)N*,0.38491292,48,2,36,2,2,2,train
5000,1356052280,*CCOCCOCCOCCOc1ccc(/C=C(\C)c2ccc(O*)cc2)cc1,0.35954959,43,2,23,5,0,1,train
6876,1863923314,*CC(O)COc1ccc(C(C)(C)c2ccc(OCC(O)COc3ccccc3C(=O)Nc3ccc(O*)cc3)cc2)cc1,0.34086664,69,2,34,7,1,1,train
6038,1638169555,*Oc1ccc(C2(c3ccc(OC(*)=O)cc3)CC3CCC2C3)cc1,0.36263983,42,2,20,3,0,1,train
3968,1075404096,*C(=O)c1ccc2c(c1)C(=O)N(c1ccc(Cc3ccc(N4C(=O)c5ccc(*)cc5C4=O)cc3)cc1)C2=O,0.37879971,72,2,30,5,2,5,train
7465,2016828093,*O[Si](*)(C)CCCOc1ccc(C(=O)Oc2ccc(-c3ccc(OC(=O)c4cc(OCCCCC)c(OCCCCC)c(OCCCCC)c4)cc3)cc2)cc1,0.36863152,91,2,45,9,0,2,train
1257,338101273,*C(=O)Nc1cccc(S(=O)(=O)c2cccc(NC(=O)c3ccc4c(c3)C(=O)N(c3cc(-c5nnc(-c6ccccn6)o5)cc(N5C(=O)c6ccc(*)cc6C5=O)c3)C4=O)c2)c1,0.37898693,118,2,43,9,7,8,train
6989,1889579812,*Oc1ccc(C(=O)O)c(C(=O)Nc2ccc(NC(=O)c3cc(*)ccc3C(=O)O)cc2)c1,0.31304057,59,2,22,7,2,4,train
7322,1976774043,*CCCCCCOc1ccc(C(=O)N(C(=O)c2ccc(O*)cc2)c2cccc3ccccc23)cc1,0.37512174,57,2,30,4,1,2,train
1568,421588558,*C(=O)c1ccc2c(c1)C(=O)N(c1ccc(Oc3ccc(Oc4ccc(N5C(=O)c6ccc(*)cc6C5=O)cc4C(F)(F)F)cc3)cc1)C2=O,0.37676658,91,2,36,7,2,5,train
646,180324539,*C1OC(C(F)(F)F)(C(F)(F)F)OC1(*)F,0.36688477,32,2,5,2,0,0,train
67,17943713,*c1ccc(-c2ccc(N3C(=O)c4ccc(Oc5ccc6c(c5)C(=O)N(*)C6=O)cc4C3=O)c(OCCCCCCOc3ccc(/C=C/c4ccc(F)cc4)cc3)c2)cc1OCCCCCCOc1ccc(/C=C/c2ccc(F)cc2)cc1,0.36214283,138,2,68,9,2,6,train
3451,945247998,*C1C(=O)OC(=O)C1C1C2CC(COCCC)C(C2)C1*,0.3385676,37,2,15,4,0,2,train
889,247441113,*Oc1ccc(NC(=O)c2cc(C(=O)Nc3ccc(Oc4ccc(C5(c6ccc(*)cc6)CC6CCC5C6)cc4)cc3)cc(C(C)(C)C)c2)cc1,0.37881264,89,2,43,4,2,2,train
4170,1129389664,*c1ccc(-c2ccc(N3C(=O)c4ccc(Oc5ccc6c(c5)C(=O)N(*)C6=O)cc4C3=O)cc2C)c(C)c1,0.3973231,72,2,30,5,2,4,train
5044,1367832773,*c1ccc(N(c2ccccc2)c2ccc(N3C(=O)c4ccc(S(=O)(=O)c5ccc6c(c5)C(=O)N(*)C6=O)cc4C3=O)cc2)cc1,0.41550047,86,2,34,6,3,6,train
1885,507898117,*C(=O)c1ccc2c(c1)C(=O)N(c1cc(N3C(=O)c4ccc(*)cc4C3=O)cc(C(F)(F)F)c1)C2=O,0.38109173,71,2,24,5,2,5,train
4682,1261008131,*C(=O)c1cc(C(=O)c2ccc3c(c2)C(=O)N(c2ccc(Oc4ccc(S(=O)(=O)c5ccc(Oc6ccc(N7C(=O)c8ccc(*)cc8C7=O)cc6)cc5)cc4)cc2)C3=O)cc(C(C)(C)C)c1,0.37319105,127,2,52,10,2,8,train
7714,2079617222,*Nc1ccc2c(c1)CCC21CCc2cc(N*)ccc21,0.359460575,33,2,17,0,2,0,train
1725,466352320,*Oc1ccc(CC(NC(=O)CCc2ccc(OC(=O)CCCCC(*)=O)cc2)C(=O)OCCOCCOCC)cc1,0.34219261,64,2,30,9,1,4,train
1349,365169812,*Oc1ccc(NC(=C(C#N)C#N)c2cccc(C(Nc3ccc(Oc4ccc(NC(=O)c5ccc(C(=O)Nc6ccc(*)cc6)cc5)cc4)cc3)=C(C#N)C#N)c2)cc1,0.37385099,104,2,46,4,8,4,train
5314,1444677131,*c1ccc(NC(=O)c2ccc(OCCOCCOCCOCCOc3ccc(C(=O)Nc4ccc5[nH]c(*)nc5c4)cc3)cc2)cc1,0.34281464,75,2,35,7,4,2,train
7308,1973157365,*Oc1cc(Oc2ccc(C(C)(C)c3ccc(*)cc3)cc2)cc([N+](=O)[O-])c1,0.37041921,55,2,21,4,1,1,train
6020,1633207070,*CC(*)c1ccccc1COCCC(C)C,0.3832793,23,2,14,1,0,0,train
1920,516307046,*CC(=O)NCCCCCCNC(=O)CO*,0.32129189,23,2,10,3,2,2,train
4273,1153144775,*Nc1ccccc1-c1ccc(NC(=O)c2cccc(C(*)=O)c2)cc1,0.34730716,43,2,20,2,2,2,train
6754,1832371636,*Oc1ccc(OC(=O)c2ccc(-c3ccc(C(*)=O)cc3)cc2-c2ccccc2)cc1C(C)(C)c1ccccc1,0.37013826,69,2,35,4,0,2,train
210,61470142,*Oc1ccc(Sc2ccc(Oc3ccc(-c4ccc(-c5ccc(-c6ccc(*)c(C(F)(F)F)c6)cc5)cc4)cc3C(F)(F)F)cc2)cc1,0.37984577,86,2,37,2,0,0,train
5523,1499027687,*Nc1cccc(-c2ccc(-c3ccccc3-c3ccc(-c4ccccc4)cc3)cc2)c1N*,0.35096567,54,2,30,0,2,0,train
3371,923146158,*CCCCCCCCCCCCCCNC(=O)NCCCCCCCCCCNC(=O)N*,0.37604443,40,2,26,2,4,2,train
470,131123838,*CCCCCCCCCCNC(=O)c1ccc(C(=O)N*)c(Oc2ccccc2)c1,0.36034333,45,2,24,3,2,2,train
5545,1505007551,*Oc1ccc(C(C)(C)c2ccc(OC(=O)c3cccc(C(*)=O)c3)cc2)cc1,0.36148157,51,2,23,4,0,2,train
616,170762410,*Nc1ccc([C@H](CC)c2ccc(C3(c4ccc([C@@H](CC)c5ccc(N*)cc5)cc4)CCC(CCCCC)CC3)cc2)cc1,0.3695966,80,2,41,0,2,0,train
2307,628380881,*C(=O)Nc1ccc(Oc2ccc(C(=O)c3ccc(Oc4ccc(NC(=O)c5ccc(*)nc5)cc4)cc3)cc2)cc1,0.35989736,71,2,32,5,3,3,train
2420,663206655,*Oc1ccc(Oc2ccc(C(=O)c3ccc(*)cc3)cc2)cc1-c1cc(C)cc(C)c1,0.38469279,54,2,27,3,0,1,train
5403,1468882159,*CC(CBr)O*,0.39889944,10,2,3,1,0,0,train
7796,2102135850,*CCC(*)=O,0.32553925,9,2,3,1,0,1,train
496,137415290,*CC(=O)NCCCCCCNC(=O)COC(=O)CCC(=O)O*,0.31440807,36,2,14,6,2,4,train
7006,1893896764,*CCCOC(=O)NCCCCCCNC(=O)O*,0.33011168,25,2,11,4,2,2,train
2379,647076607,*CC(O)CN(C)S(=O)(=O)c1cccc(S(=O)(=O)N(C)CC(O)COc2ccc(S(=O)(=O)c3ccc(O*)cc3)cc2)c1,0.33964291,81,2,26,10,2,6,train
1786,480111697,*CC(*)(C)C(=O)NC(=O)OCCOc1ccc(S(=O)(=O)c2ccc(OCCO)cc2)cc1,0.32112378,57,2,21,8,1,4,train
4599,1241111211,*Nc1cc2c(cc1N*)C(CCCCCCCC)(CCCCCCCC)c1ccccc1-2,0.36691614,46,2,29,0,2,0,train
2929,796983808,*C1C2CC(C(=O)OCCc3ccc(N(c4ccccc4)c4cccc5ccccc45)cc3)C(C2)C1*,0.37604528,60,2,32,2,1,1,train
1735,468647784,*Nc1ccc(NC(=O)c2ccc(NC(=O)CCCCCCCCC(=O)Nc3ccc(C(*)=O)cc3)cc2)cc1C(=O)OCCCCCCCCCCCCCC,0.35650224,84,2,45,6,4,5,train
6992,1890528933,*c1ccc2c(c1)C(=O)N(c1ccc(Oc3ccc(N4C(=O)c5ccc(C(*)(C(F)(F)F)C(F)(F)F)cc5C4=O)cc3Br)c(Br)c1)C2=O,0.41164319,94,2,31,5,2,4,train
207,60763059,*c1ccc(-c2cnc3ccc(S(=O)(=O)c4ccc5ncc(*)nc5c4)cc3n2)cc1,0.4054389,54,2,22,2,4,2,train
7118,1921941311,*Oc1ccc(CC(NC(=O)CCc2ccc(OC(=O)CCCCC(*)=O)cc2)C(=O)OC(C)C)cc1,0.34433228,61,2,27,7,1,4,train
896,248424742,*Nc1ccc(-c2ccc(N*)c(-c3ccc4ccccc4c3)c2-c2ccccc2)c(-c2ccccc2)c1-c1ccc2ccccc2c1,0.37176001,77,2,44,0,2,0,train
1608,433053026,*C1C(=O)N(CCCCCOc2ccc(-c3ccc(C#N)cc3)cc2)C(=O)C1*,0.34752504,49,2,22,3,2,2,train
5039,1366987461,*Nc1ccc(C(=CCC(C)(c2ccc(N)cc2)c2ccc(N*)cc2)c2ccc(N)cc2)cc1,0.35500045,58,2,29,0,4,1,train
1708,461293601,*CCC1C(=O)N(c2ccc(N(C)C)cc2)C(=O)C1*,0.36050178,36,2,14,2,2,2,train
2150,581074933,*Nc1ccc2c(c1)C(Cc1ccccc1)c1cc(N*)ccc1-2,0.35149388,39,2,20,0,2,0,train
5931,1609304413,*CCN(*)C(=O)CC(C)C,0.36933528,18,2,7,1,1,1,train
1774,477893372,*CC(*)C1CCCCC1C,0.40280956,15,2,9,0,0,0,train
7617,2057275568,*CC(*)(C#N)C(=O)OCC,0.35400751,19,2,6,2,1,1,train
5032,1365848174,*c1ccc(-c2nc3cc4nc(-c5ccccc5)c(*)nc4cc3nc2-c2ccccc2)cc1,0.51398194,55,2,28,0,4,0,train
2474,673499218,*C(=O)c1ccc2c(c1)C(=O)N(c1ccc(OCCOCCOCCOc3ccc(N4C(=O)c5ccc(*)cc5C4=O)cc3)cc1)C2=O,0.33962987,81,2,35,9,2,5,train
5753,1561870991,*CC(*)(C)C(=O)OCC(O)C1CC(C)(c2ccccc2)C1,0.35190962,39,2,17,3,0,1,train
590,164182648,*CC(*)OC(=O)c1cccnc1,0.34320724,20,2,8,2,1,1,train
6169,1673575394,*Nc1cccc(S(=O)(=O)c2cccc(N*)c2)c1,0.336299775,33,2,12,2,2,2,train
801,226076507,*C1C(=O)N(CCCCCCCOc2ccc(-c3ccc(C#N)cc3)cc2)C(=O)C1*,0.35053641,51,2,24,3,2,2,train
1612,433804845,*O[Si](C)(C)C#Cc1ccc(C#C[Si](*)(C)C)cc1,0.48218278,39,2,14,1,0,0,train
1597,430475615,*C(=O)Nc1ccc(-c2ccc(NC(=O)c3ccc4c(c3)C(=O)N(c3ccc(Oc5ccc(N6C(=O)c7ccc(*)cc7C6=O)cc5-c5ccccc5)c(-c5ccccc5)c3)C4=O)cc2)cc1,0.36622548,120,2,54,7,4,6,train
622,173214636,*Nc1ccc(C(c2ccc(NC(=O)c3ccc(C(c4ccc(C(*)=O)cc4)(C(F)(F)F)C(F)(F)F)cc3)cc2)(P2(=O)Oc3ccccc3-c3ccccc32)P2(=O)Oc3ccccc3-c3ccccc32)cc1,0.36717844,130,2,54,6,2,4,train
7770,2094564559,*Oc1c(Br)cc(C2(c3cc(Br)c(OC(*)=O)c(Br)c3)CC3CCC2C3)cc1Br,0.43211216,56,2,20,3,0,1,train
2602,707285446,*Oc1cccc2cc(OC(=O)c3ccc(Oc4ccc(C(*)=O)cc4)cc3)ccc12,0.35254861,51,2,24,5,0,2,train
1569,421601596,*Nc1ccc2cc1C(C)(C)c1cc(ccc1N*)-c1ccc-2cc1,0.34941834,41,2,21,0,2,0,train
6636,1802973320,*C=CC1CC(*)C2C(=O)N(CCCCC)C(=O)C12,0.36388882,34,2,14,2,1,3,train
7633,2062389305,*C(=O)c1ccc2c(c1)C(=O)N(c1c(C)cc(C(c3cccc(C(F)(F)F)c3)c3cc(C)c(N4C(=O)c5ccc(*)cc5C4=O)c(C)c3)cc1C)C2=O,0.42825804,102,2,41,5,2,5,train
1024,281000054,*C(=O)OCCN(CCOC(=O)c1ccc2c(c1)C(=O)N(c1c(C)cc(Cc3cc(C)c(N4C(=O)c5ccc(*)cc5C4=O)c(C)c3)cc1C)C2=O)c1ccc(N=Nc2ccc([N+](=O)[O-])cc2[N+](=O)[O-])cc1,0.37040323,143,2,51,12,7,9,train
3282,897111350,*CCCCCCCCOc1c(OC)cc(C=Cc2ccc(C=Cc3ccc(C=Cc4cc(OC)c(O*)c(OC)c4)cc3)cc2)cc1OC,0.36573737,75,2,42,6,0,3,train
3539,967962139,*CCCCCC(=O)Oc1ccc(-c2ccc(OC(=O)c3ccc4c(c3)C(=O)N(*)C4=O)cc2)cc1,0.33858806,63,2,27,6,1,4,train
6750,1830100599,*c1ccc(Oc2ccc(N3C(=O)C(Cl)=C(Oc4ccc(C(C)(C)c5ccc(OC6=C(Cl)C(=O)N(*)C6=O)cc5)cc4)C3=O)cc2)cc1,0.36630147,92,2,35,7,2,6,train
6051,1640870840,*CCCCCCCNC(=O)CCCCCC(=O)N*,0.34960498,26,2,14,2,2,2,train
4359,1175231244,*C(F)(F)C1(F)C(F)(F)C(*)(F)C1(F)F,0.34723685,33,2,5,0,0,0,train
6138,1666147237,*Oc1ccc(NCC(=O)c2ccc(Sc3ccc(C(=O)CNc4ccc(*)cc4)cc3)cc2)cc1,0.37243845,58,2,27,3,2,2,train
7247,1957470383,*CC(F)(F)C(F)(F)C(F)(F)COC(=O)c1cccc(C(F)(F)C(F)(F)C(F)(F)c2cccc(C(=O)O*)c2)c1,0.33466722,78,2,22,4,0,2,train
3239,884364741,*Oc1ccc(C(c2ccc(OC(*)=O)cc2)C2C3CCC(C3)C2C)cc1,0.38003376,46,2,22,3,0,1,train
4243,1146618065,*CCCCCCOC(=O)OCCOC(=O)OCCCCCCOc1ccc(C(=O)c2ccc(O*)cc2)cc1,0.34934036,57,2,29,9,0,3,train
1047,286760389,*c1ccc(Oc2ccc(C(C)(C)c3ccc(Oc4ccc(-c5nnc(*)n5-c5ccc(C)cc5)cc4)cc3)cc2)cc1,0.39161329,73,2,36,2,3,0,train
5749,1561264127,*O[Si](C=C)(C=C)O[Si](C)(C)c1ccc([Si](*)(C)C)cc1,0.42288522,48,2,14,2,0,2,train
1862,504470036,*CCN(CCOC(=O)CCC#CC#CCCC(=O)O*)c1ccc(N=Nc2c(C)cc(N=Nc3ccc(C#N)cc3)cc2C)cc1,0.3810089,74,2,35,4,6,4,train
6743,1828551601,*OC1C(CO)OC(*)C(O)C1O,0.29046872,21,2,6,5,0,0,train
16,4600132,*Nc1ccc(-c2ccc(N*)cc2)cc1,0.33687015,25,2,12,0,2,0,train
7200,1945809152,*CC(OC1CCCCC1)C1C(=O)OC(=O)C1*,0.33180155,30,2,12,4,0,2,train
356,100174621,*CC(*)(C)C(=O)OC1CCC(C(C)(C)C)CC1,0.38851796,33,2,14,2,0,1,train
2753,749375446,*Nc1ccc(C(c2ccc(NC(=O)c3cc(NC(=O)C45CC6CC(CC(C6)C4)C5)cc(C(*)=O)c3)cc2)(C(F)(F)F)C(F)(F)F)cc1,0.35504782,93,2,34,3,3,3,train
7361,1987532740,*Nc1cc2c3ccccc3c(N*)cc2c2ccccc12,0.3388047,32,2,18,0,2,0,train
1324,358009894,*Nc1cc(NC(=O)Nc2ccc(Cc3ccc(NC(*)=O)cc3)cc2)cc(C(=O)Nc2cccc3c2C(=O)c2ccccc2C3=O)c1,0.33952674,81,2,36,5,5,5,train
1736,469117883,*CCCCCCOC(=O)OCCCCCCOC(=O)OCCCCCCOc1ccc(-c2ccc(O*)cc2)cc1,0.35478647,57,2,32,8,0,2,train
3512,960896880,*Nc1ccc(NC(=O)c2ccc(NC(=O)CCCCCCCCC(=O)Nc3ccc(C(*)=O)cc3)cc2)cc1C(=O)OCCCCCCCCCCCCCCCC,0.357945,86,2,47,6,4,5,train
5610,1521487084,*Oc1ccc(P(C)(=O)c2ccc(Oc3ccc(C(C)(C)c4ccc(*)cc4)cc3)cc2)cc1,0.38231831,59,2,28,3,0,1,train
1560,418998358,*C(=O)c1ccc2c(c1)C(=Nc1ccc(Oc3cccc(N=C4OC(=O)c5ccc(*)cc54)c3)cc1)OC2=O,0.35475052,70,2,29,6,2,5,train
2028,546647857,*c1ccc(OCCCCCCCCCCCOC(=O)c2cccc(C(=O)OCCCCCCCCCCCOc3cccc(-c4nnc(*)s4)c3)c2)cc1,0.36894733,78,2,44,6,2,2,train
1382,371907376,*c1nc(C(F)(F)C(F)(F)C(F)(F)F)nc(C(F)(F)C(F)(F)C(F)(F)C(F)(F)C(F)(F)C(*)(F)F)n1,0.34763212,78,2,12,0,3,0,train
1626,438250982,*Oc1ccc(C2(c3ccc(Oc4ccc(C=CC(=O)c5ccc(*)cc5)cc4)cc3)c3ccccc3-c3ccccc32)cc1,0.38901721,74,2,40,3,0,2,train
1980,533973730,*CC(*)(C)C(=O)OCC(=O)N1CCOCC1,0.32527676,29,2,10,4,1,2,train
6864,1861437880,*Oc1ccc(S(=O)(=O)c2ccc(Oc3c(C)cc(C(C)(C)c4cc(C)c(*)c(C)c4)cc3C)cc2)cc1,0.39688711,70,2,31,4,0,2,train
6186,1677533093,*Nc1ccc(-c2ccccc2)c(-c2ccc(N)c(N)c2)c1N*,0.33277847,40,2,18,0,4,0,train
6613,1796439360,*c1ccc(Oc2ccc(S(=O)(=O)c3ccc(Oc4ccc(N5C(=O)c6ccc(Oc7ccc(C(C)(C)c8ccc(Oc9ccc%10c(c9)C(=O)N(*)C%10=O)cc8)cc7)cc6C5=O)cc4)cc3)cc2)cc1,0.36845813,130,2,55,10,2,6,train
4489,1208969128,*Nc1cc(NC(=O)c2cccc(C(*)=O)c2)cc(-c2nnc(-c3ccccn3)o2)c1,0.38233539,55,2,21,3,5,2,valid
6021,1633403102,*Nc1ccc(C(Cc2ccccc2)(Cc2ccccc2)N*)cc1,0.35111176,37,2,21,0,2,0,valid
3845,1044241223,*NC(CCC(=O)OCCCCCCCCCC)C(*)=O,0.37124704,29,2,15,3,1,2,valid
6685,1813959998,*c1ccc(Oc2ccc(-c3ccc(Oc4ccc(N5C(=O)CC(=O)N(*)C5=S)cc4)cc3)cc2)cc1,0.37421708,65,2,28,4,2,3,valid
6254,1696699726,*Cc1cc(COC(=O)Nc2ccc(Cc3ccc(NC(=O)O*)cc3)cc2)cc(C(C)(C)C)c1,0.35650637,59,2,27,4,2,2,valid
5025,1364091804,*CC(*)(C)C(=O)OCCCCCCCCCCOc1ccc(N=Nc2ccc(C#N)cc2)cc1,0.37216814,52,2,27,3,3,2,valid
5981,1622243076,*Nc1ccc2ccc3cc4c(ccc5ccccc54)cc3c2c1N*,0.33607115,38,2,22,0,2,0,valid
1519,407729292,*CCCCCCOC(=O)Nc1ccc(C)c(NC(=O)O*)c1,0.34323595,35,2,15,4,2,2,valid
5892,1598367606,*Nc1ccc(CCc2ccc(N*)cc2)cc1,0.3443961399999999,26,2,14,0,2,0,valid
6707,1817646491,*CC(OO*)c1ccc(Br)cc1,0.38242794,20,2,8,2,0,0,valid
7664,2068076576,*Nc1ccc(C2c3ccc(N)cc3-c3cc(N*)ccc32)cc1,0.36276266,39,2,19,0,3,0,valid
5952,1614031170,*c1cc(CCCCCC)c(*)s1,0.42393246,19,2,10,0,0,0,valid
1919,516038607,*CC(F)(F)C(F)=C(*)Cl,0.36169864,20,2,4,0,0,1,valid
434,120060047,*Oc1ccc(C2(c3ccc(OC(*)=O)cc3)c3cc(N(C)C)ccc3-c3ccc([N+](=O)[O-])cc32)cc1,0.38701526,72,2,28,5,2,2,valid
3990,1080075202,*CCCCCCCCCCCCCCCCOC(=O)CC/C=C/CCC(=O)O*,0.37777688,39,2,24,4,0,3,valid
1179,315538569,*c1ccc(Oc2ccc(-c3c(-c4ccccc4)c4c(c(-c5ccccc5)c3-c3ccccc3)C(=O)N(c3cccc(N5C(=O)c6c(c(-c7ccccc7)c(-c7ccccc7)c(*)c6-c6ccccc6)C5=O)c3)C4=O)cc2)cc1,0.40245453,142,2,70,5,2,4,valid
7831,2109143268,*CC(*)(CC(=O)OCCC)C(=O)OCCC,0.36758128,27,2,11,4,0,2,valid
4427,1191831125,*CC(*)OC(=O)c1ccc(C(C)C)cc1,0.37812553,27,2,12,2,0,1,valid
2003,540297296,*CC(*)(CC(=O)OCCCCCC)C(=O)OCCCCCC,0.38570941,33,2,17,4,0,2,valid
6913,1871148344,*C(C)=C(*)SCCCCCC,0.41450621,17,2,9,0,0,1,valid
7495,2025508516,*Oc1cccc(C(*)=O)c1,0.34146211,18,2,7,2,0,1,valid
5121,1388941962,*OP(=O)(Oc1ccc([N+](=O)[O-])cc1)Oc1ccc(S(=O)(=O)c2ccc(*)cc2)cc1,0.35035156,63,2,18,8,1,4,valid
1153,310196546,*Oc1cccc(NC(=O)CCCCCCCCCC(=O)Nc2ccc(*)cc2)c1,0.34944602,44,2,23,3,2,2,valid
4282,1155135793,*CC(C)(CO*)COCCCCCCCCCCOc1ccc(-c2ccc(C#N)cc2)cc1,0.37119619,48,2,28,3,1,0,valid
1055,287576128,*CCN(CCOC(=O)Nc1ccc(C)c(NC(=O)O*)c1)c1ccc(N=Nc2ccc(N=Nc3cc(OC)c(N=Nc4ccc([N+](=O)[O-])cc4)cc3OC)c(C)c2)cc1,0.36102011,106,2,40,8,10,6,valid
4941,1337675110,*Oc1ccc2ccc(Oc3ccc(C(=O)Nc4ccc(Oc5ccc(Oc6ccc(NC(=O)c7ccc(*)cc7)cc6)cc5)cc4)cc3)cc2c1,0.35681519,84,2,42,6,2,2,valid
778,218216912,*CCCCOC(=O)OCCCCN1C(=O)c2ccc(-c3ccc4c(c3)C(=O)N(*)C4=O)cc2C1=O,0.32834937,62,2,25,7,2,5,valid
593,165064963,*Nc1c(CC)cc(Cc2cc(CC)c(N*)c3ccccc23)c2ccccc12,0.36700436,45,2,25,0,2,0,valid
3921,1061550399,*c1ccc(N(c2ccc(C#N)cc2)c2ccc(N3C(=O)c4ccc(-c5ccc6c(c5)C(=O)N(*)C6=O)cc4C3=O)cc2)cc1,0.42334602,83,2,35,4,4,4,valid
5028,1365375368,*CC(*)C(=O)Oc1cc(C)cc(C)c1,0.36603281,26,2,11,2,0,1,valid
732,204753687,*CCCCCCOC(=O)OCCOC(=O)OCCCCCCOc1ccc(Oc2ccc(O*)cc2)cc1,0.35004228,53,2,28,9,0,2,valid
35,8689461,*CC(*)CCCCCCCCCCCCCCCC,0.40787312,22,2,18,0,0,0,valid
2375,646292703,*c1ccc(-c2ccc(-c3ccc(-c4ccc(*)n4CCCCCCCCCCCC)s3)s2)s1,0.41937735,53,2,28,0,1,0,valid
50,12381586,*CC(*)C(=O)OCCCCCCOc1ccc(-c2ccc(C#N)cc2)cc1,0.35839221,43,2,22,3,1,1,valid
3825,1037753254,*COC(=O)OCC1OC(C)(C)OC1*,0.33690966,24,2,8,5,0,1,valid
3851,1045248903,*Nc1ccc(CCCc2cccc(CCCc3ccc(N*)cc3)c2)cc1,0.34755922,40,2,24,0,2,0,valid
1099,296205481,*CCCCCCCCCCOC(=O)CCCCCCC(=O)O*,0.36776724,30,2,18,4,0,2,valid
1846,498645722,*CC(*)c1cc(-c2ccc(C(=O)OC(C)CC)cc2)ccc1-c1ccc(C(=O)OC(C)CC)cc1,0.39103863,62,2,30,4,0,2,valid
3579,975529928,*Nc1ccc2c(c1)[C@@H]1c3ccc(N*)cc3[C@H]2c2c(N)cccc21,0.38124543,50,2,20,0,3,0,valid
7007,1894105114,*c1ccc(Oc2ccc(C(C)(C)c3ccc(Oc4ccc(N5C(=O)c6ccc(Oc7ccccc7Oc7ccc8c(c7)C(=O)N(*)C8=O)cc6C5=O)cc4C(F)(F)F)cc3)cc2)c(C(F)(F)F)c1,0.37120514,123,2,51,8,2,4,valid
6454,1751782566,*CCOCCOCCN1C(=O)c2ccc(C(=O)Oc3ccc(-c4ccc(OC(=O)c5ccc6c(c5)C(=O)N(*)C6=O)cc4)cc3)cc2C1=O,0.33474357,87,2,36,10,2,6,valid
7818,2105271867,*Nc1ccc(C(c2ccc(N)c(C)c2C)c2ccc(N*)c(C)c2C)c(C)c1C,0.38011149,50,2,25,0,3,0,valid
4904,1329805417,*c1ccc(-c2sc(-c3cc(CCCC)c(*)s3)cc2CCCC)cc1,0.49358329,42,2,22,0,0,0,valid
4411,1187350081,*C(=O)Nc1ccc(Oc2ccc(Oc3ccc(NC(=O)c4ccc5c(c4)C(=O)N(c4ccc(Oc6ccc(C7(c8ccc(Oc9ccc(N%10C(=O)c%11ccc(*)cc%11C%10=O)cc9)cc8)NC(=O)c8ccccc87)cc6)cc4)C5=O)cc3)cc2)cc1,0.36132612,159,2,68,11,5,7,valid
6573,1787772171,*CC(*)CCCCCCCCCCCCCC,0.40318632,20,2,16,0,0,0,valid
6025,1634574344,*Oc1c(F)c(F)c(Sc2c(F)c(F)c(Oc3ccc(C(c4ccc(*)cc4)(C(F)(F)F)C(F)(F)F)cc3)c(F)c2F)c(F)c1F,0.37421023,86,2,26,2,0,0,valid
3024,820073046,*C(=O)c1ccc2c(c1)C(=O)N(c1ccc(Oc3ccc(NC(=O)c4cccc(C(=O)Nc5ccc(Oc6ccc(N7C(=O)c8ccc(*)cc8C7=O)cc6)cc5)c4)cc3)cc1)C2=O,0.35449352,115,2,49,9,4,7,valid
2882,783812275,*C1CCC(*)C1,0.37999271,11,2,5,0,0,0,valid
27,5966923,*c1cc(CCOC(=O)NCCCC)c(*)s1,0.36941899,26,2,11,2,1,1,valid
7653,2065621883,*c1ccc2c(c1)C(=O)N(c1c(C)cc(C(c3cccc(C(F)(F)F)c3)c3cc(C)c(N4C(=O)c5ccc(C(*)(C(F)(F)F)C(F)(F)F)cc5C4=O)c(C)c3)cc1C)C2=O,0.42381981,118,2,43,4,2,4,valid
71,18520951,*CC(C)(C)C1C(=O)N(c2c(C)cccc2C)C(=O)C1*,0.36567807,39,2,16,2,1,2,valid
1192,318933021,*c1ccc(C(=O)OCCCCCCCCCCOc2ccc(C=C3CCCCC(=Cc4ccc(OCCCCCCCCCCOC(=O)c5ccc(-c6nnc(*)o6)cc5)cc4)C3=O)cc2)cc1,0.36697686,103,2,57,8,2,5,valid
3025,820293105,*Oc1ccc(OC(=O)CCCCCCCCC(*)=O)cc1,0.35187189,32,2,16,4,0,2,valid
3561,972638379,*c1ccc2c(c1)C(=O)N(c1ccc(C(C)(C)c3ccc(C(C)(C)c4ccc(N5C(=O)c6ccc(C(*)(C(F)(F)F)C(F)(F)F)cc6C5=O)cc4)cc3)cc1)C2=O,0.39659641,111,2,43,4,2,4,valid
5480,1485740570,*CCC=CCCC1CC(CCC2CC(*)OC2=O)C(=O)O1,0.33942699,35,2,16,4,0,3,valid
1664,447418869,*Oc1cc(C(C)(C)c2ccccc2)c(OC(=O)c2ccc(C(*)=O)cc2)cc1C(C)(C)c1ccccc1,0.38707826,66,2,32,4,0,2,valid
260,74313131,*OC(COC(=O)c1cccc(-c2ccc(C(*)=O)cc2)c1)COc1ccc(N=Nc2ccc(C#N)cc2)cc1,0.35765237,67,2,30,5,3,3,valid
5727,1553967571,*CC(*)C(=O)Oc1ccc(C(=O)OCC)cc1,0.34094172,30,2,12,4,0,2,valid
3471,949789711,*Oc1ccc(C2(c3ccc(OC(=O)CCCCCCC(*)=O)cc3)c3ccccc3-c3ccccc32)cc1,0.36424024,62,2,33,4,0,2,valid
3738,1015002552,*CCCCCCCCCCOc1ccc(OC(=O)c2ccc(OCCOCCOCCOc3ccc(C(=O)Oc4ccc(O*)cc4)cc3)cc2)cc1,0.34939934,76,2,42,10,0,2,valid
4948,1339379527,*C(C)=C(*)c1ccccc1,0.41349595,18,2,9,0,0,1,valid
7859,2115845960,*Nc1cc(NC(=O)c2ccc(C(*)=O)cc2)cc(-c2nc3ccccc3oc2=O)c1,0.33876246,53,2,22,4,3,3,valid
7038,1901878899,*CCCCCCOC(=O)C(CCCCCCP(=O)(O)O)C(=O)OCCCCCCOc1ccc(-n2on2-c2ccc(O*)cc2)cc1,0.35235981,73,2,33,10,2,3,valid
7072,1912083932,*CC(*)(C)C(=O)OCc1ccc2c(c1)c1ccccc1n2CCCCCCCCCCCC,0.37677964,49,2,29,2,1,1,valid
1104,296620653,*Nc1ccc(Cc2ccc(-c3ccc(N*)cc3)cc2)cc1,0.34759302,36,2,19,0,2,0,valid
5189,1407338879,*C(=O)c1cc(C(=O)c2ccc3c(c2)C(=O)N(c2ccc(C(c4ccc(N5C(=O)c6ccc(*)cc6C5=O)cc4)(C(F)(F)F)C(F)(F)F)cc2)C3=O)cc(-c2ccccc2)c1,0.37734538,118,2,45,6,2,6,valid
2312,630773371,*OP(=O)(Oc1ccccc1)Oc1c(Br)cc(C(c2cc(Br)c(*)c(Br)c2)(C(F)(F)F)C(F)(F)F)cc1Br,0.39155263,75,2,21,4,0,1,valid
5632,1527753234,*c1cccc(C(=O)c2ccc(Oc3ccc(N4C(=O)c5ccc(Oc6ccc7c(c6)C(=O)N(*)C7=O)cc5C4=O)cc3C(F)(F)F)cc2)c1,0.3698895,91,2,36,7,2,5,valid
1792,481310813,*C=CC1CC(*)C(C(=O)OCCCCCCOc2ccc(-c3ccc(C#N)cc3)cc2)C1C(=O)OCCCCCCOc1ccc(-c2ccc(C#N)cc2)cc1,0.3627633,90,2,47,6,2,3,valid
2162,585087137,*Oc1ccc(CC(NC(=O)CCc2ccc(OC(=O)CCCCC(*)=O)cc2)C(=O)OCc2ccccc2)cc1,0.33992756,65,2,31,7,1,4,valid
2575,699184717,*Oc1ccc(C(C)(C)c2ccc(Oc3ccc(C(=O)c4c(C)ccc5c(C(=O)c6ccc(*)cc6)c(C)ccc45)cc3)cc2)cc1,0.39186106,83,2,41,4,0,2,valid
3774,1024792036,*Oc1ccc2c(c1)C1(CC2(C)C)CC(C)(C)c2ccc(OC(*)=O)cc21,0.39692149,50,2,22,3,0,1,valid
3254,887685066,*Nc1cccc2c(N[Se]*)cccc12,0.38429931,24,2,10,0,2,0,valid
3328,911111741,*Nc1ccc(/C=C/c2cccc(/C=C/c3ccc(N*)cc3)c2)cc1,0.35180608,44,2,22,0,2,2,valid
6950,1879773381,*Oc1ccc(C=C2CCC(=Cc3ccc(OC(=O)c4ccc(N=Cc5ccc(C=Nc6ccc(C(*)=O)cc6)cc5)cc4)cc3)C2=O)cc1,0.36680398,85,2,41,5,2,7,valid
4669,1257255803,*Oc1ccc2ccc(Oc3ccc(C(=O)Nc4ccc(Oc5ccc(C(C)(C)c6ccc(Oc7ccc(NC(=O)c8ccc(*)cc8)cc7)cc6)cc5)cc4)cc3)cc2c1,0.36672584,101,2,51,6,2,2,valid
1837,496344217,*c1ccc(Oc2ccc(C(C)(C)c3ccc(Oc4ccc(N5C(=O)CC(=O)N(*)C5=S)cc4)cc3)cc2)cc1,0.38334542,71,2,31,4,2,3,valid
7784,2098983815,*c1ccc2c(c1)C(=O)N(c1cc(N3C(=O)c4ccc(C(*)(C(F)(F)F)C(F)(F)F)cc4C3=O)c(O)cc1O)C2=O,0.37827714,81,2,25,6,2,4,valid
290,82784880,*CC(*)C(=O)Oc1ccc(C(=O)OC)cc1,0.3308451,29,2,11,4,0,2,valid
7490,2024524302,*CC(*)c1cc(OC)c(O)c(OC)c1,0.32962822,25,2,10,3,0,0,valid
5134,1391471674,*NNC(=O)c1cc(NC(=O)c2ccc3c(c2)C(=O)N(c2ncccc2C)C3=O)cc(C(=O)NNC(=O)CCCC(*)=O)c1,0.3253017,79,2,28,7,7,7,valid
4655,1253409024,*C(=O)Nc1cccc(NC(=O)c2ccc3c(c2)C(=O)N(c2ccc(S(=O)(=O)c4ccc(N5C(=O)c6ccc(*)cc6C5=O)cc4)cc2)C3=O)c1,0.35906708,97,2,36,8,4,8,valid
5471,1483153718,*Nc1ccc([C@H](CCC)c2ccc(C[C@@H](CCCCCC)Cc3ccc([C@H](CCC)c4ccc(N*)cc4)cc3)cc2)cc1,0.36041733,80,2,41,0,2,0,valid
3720,1011731362,*c1ccc([Si](CCCC)(CCCC)[Si](*)(CCCC)CCCC)s1,0.44335751,43,2,20,0,0,0,valid
7629,2059802205,*c1ccc(Oc2ccc(C(C)(C)c3ccc(Oc4ccc(N5C(=O)c6ccc(-c7ccc8c(c7)C(=O)N(*)C8=O)cc6C5=O)cc4)cc3)cc2)cc1,0.37114536,96,2,43,6,2,4,valid
6860,1860497514,*Nc1ccc(-c2c(-c3ccc(-c4ccccc4)cc3)c(-c3ccc(-c4ccccc4)cc3)c(N*)c(-c3ccc(-c4ccccc4)cc3)c2-c2ccc(-c3ccccc3)cc2)cc1,0.36269909,111,2,60,0,2,0,valid
5446,1477631774,*C(=O)Nc1ccc(Oc2ccccc2-c2ccccc2Oc2ccc(NC(=O)c3ccc4c(c3)C(=O)N(c3ccc(Oc5ccc(C(C)(C)c6ccc(Oc7ccc(N8C(=O)c9ccc(*)cc9C8=O)cc7)cc6)cc5)cc3)C4=O)cc2)cc1,0.36567383,146,2,69,10,4,6,valid
7879,2120715373,*CCCCCCCCCCCCOc1c(OC)cc(/C=C/c2ccc(/C=C/c3cc(OC)c(O*)c(OC)c3)cc2)cc1OC,0.36749274,70,2,38,6,0,2,valid
6292,1705151635,*CCCCCCCCOc1ccc(NC(=O)c2cccc(C(=O)Nc3ccc(O*)cc3)c2)cc1,0.35153722,54,2,28,4,2,2,valid
7835,2111235464,*CC(*)c1ccccc1COCC,0.37386236,18,2,11,1,0,0,valid
5642,1529815158,*Nc1ccc(C[C@@H](c2ccccc2)c2ccc(N*)cc2)cc1,0.35117651,41,2,20,0,2,0,valid
6850,1857016044,*c1c(C)cc(Cc2cc(C)c(N3C(=O)c4ccc(Oc5c(C)cc(-c6cc(C)c(Oc7ccc8c(c7)C(=O)N(*)C8=O)c(C)c6)cc5C)cc4C3=O)c(C)c2)cc1C,0.41449337,110,2,49,6,2,4,valid
3204,871482212,*CC(*)OC(=O)C1CCCCC1,0.36242795,20,2,9,2,0,1,valid
717,200989241,*N=P(*)(Oc1ccccc1)Oc1ccccc1,0.40515813,27,2,12,2,1,1,valid
4058,1097591808,*c1ccc(-c2cc(-c3ccc(OCCCCCC)cc3)cc(-c3ccc(-c4ccc5c(c4)C(CCCCCC)(CCCCCC)c4cc(*)ccc4-5)cc3)c2-c2ccc(OCCCCCC)cc2)cc1,0.39702352,113,2,67,2,0,0,valid
4758,1286574060,*c1ccc(-c2ccc(-c3c(-c4ccccc4)nc4ccc(Oc5ccc6nc(-c7ccccc7)c(*)c(-c7ccccc7)c6c5)cc4c3-c3ccccc3)cc2)cc1,0.40808604,99,2,54,1,2,0,valid
4004,1083192261,*CCCN1C(=O)c2ccc(C(c3ccc4c(c3)C(=O)N(*)C4=O)(C(F)(F)F)C(F)(F)F)cc2C1=O,0.3510293,70,2,22,4,2,4,valid
338,94248723,*CC(*)C(=O)OCCCOC,0.34969049,17,2,7,3,0,1,valid
344,95950675,*c1ccc(Oc2ccc(-c3ccc(Oc4ccc(N5C(=O)c6ccc(Oc7c(C)cc(C(C)(C)c8cc(C)c(Oc9ccc%10c(c9)C(=O)N(*)C%10=O)c(C)c8)cc7C)cc6C5=O)cc4)cc3C)c(C)c2)cc1,0.3950498,136,2,61,8,2,4,valid
2668,726632865,*NCCNCCNCCN*,0.32616627,12,2,6,0,4,0,valid
7773,2095656240,*c1ccc(Nc2ccc(Nc3ccc(S(*)(=O)=O)cc3)cc2)cc1,0.38954826,43,2,18,2,2,2,valid
7539,2037427343,*Nc1ccc(-c2c(-c3ccc4ccccc4c3)c(-c3ccc4ccccc4c3)c(N*)c(-c3ccc4ccccc4c3)c2-c2ccc3ccccc3c2)cc1,0.36989415,91,2,52,0,2,0,valid
3193,867393548,*CCCCCCCCCCCCCCNC(=O)NCCCCCCNC(=O)N*,0.36160098,36,2,22,2,4,2,valid
3051,828078901,*c1ccc(Oc2ccc(P(C)(=O)c3ccc(Oc4ccc(C5(*)OC(=O)c6ccccc65)cc4)cc3)cc2)cc1,0.38109983,71,2,33,5,0,2,valid
5806,1575557277,*CC(*)OCCCCCCCOc1ccc(-c2ccc(C#N)cc2)cc1,0.36732307,39,2,22,2,1,0,valid
735,205238044,*CC(*)(C)C(=O)OCC1(CC)COC1,0.36219625,26,2,10,3,0,1,valid
3087,838925791,*CCCN(C)c1ccc(C(=O)c2ccc(N(*)C)cc2)cc1,0.37870937,38,2,18,1,2,1,valid
5283,1436575335,*Nc1ccc2c(c1)C(C)(C)c1cc(N*)ccc1-2,0.36132753,34,2,15,0,2,0,valid
5386,1462931199,*N=P(*)(OCCCCCCC)OCCCCCCC,0.40469164,25,2,14,2,1,1,valid
274,76990549,*Oc1ccc(CC(NC(=O)CCc2ccc(OC(=O)CCCCCCCCC(*)=O)cc2)C(=O)OCCOCCOCC)cc1,0.35064415,68,2,34,9,1,4,valid
884,245591935,*Oc1cccc(Oc2cccc(NC(=O)c3cc(Oc4ccc(C(=O)O)c(C(=O)Nc5cccc(*)c5)c4)ccc3C(=O)O)c2)c1,0.32944697,81,2,34,9,2,4,valid
1551,416481975,*c1ccc(Oc2ccc(S(=O)(=O)c3ccc(Oc4ccc(N5C(=O)c6ccc(Oc7cccc8c(Oc9ccc%10c(c9)C(=O)N(*)C%10=O)cccc78)cc6C5=O)cc4)cc3)cc2)cc1,0.36755908,119,2,50,10,2,6,valid
1161,311750318,*CC(=O)Nc1ccc(Cc2ccc(NC(=O)COc3ccc4ccccc4c3Sc3c(O*)ccc4ccccc34)cc2)cc1,0.34521945,70,2,36,4,2,2,valid
7483,2021478343,*CCC1C(=O)N(CCCCNC(=O)C(F)(F)C(F)(F)C(F)(F)C(F)(F)C(F)(F)C(F)(F)C(F)(F)F)C(=O)C1*,0.31483442,81,2,18,3,2,3,valid
1114,298003696,*Nc1c(C)c(C)c(C(=O)c2ccc(NC(=O)c3ccc(C(*)=O)cc3)cc2)c(C)c1C,0.37168327,59,2,25,3,2,3,valid
912,253726027,*c1ccc(-c2ccc(NC(=O)c3cccc(C(=O)Nc4ccc(-c5ccc(N6C(=O)c7ccc(-c8ccc9c(c8)C(=O)N(*)C9=O)cc7C6=O)cc5)cc4)c3)cc2)cc1,0.35611323,111,2,48,6,4,6,valid
2914,793023871,*CC(*)c1cccs1,0.40399034,13,2,6,0,0,0,valid
2044,551390778,*C=CC1CC(*)C(C(=O)OC)C1,0.3605929,23,2,9,2,0,2,valid
296,83890516,*CC(*)c1ccc(COCC(F)(F)C(F)(F)C(F)(F)C(F)(F)F)cc1,0.35853406,48,2,14,1,0,0,valid
1008,275666084,*CC(*)(C)C(=O)OCCCCCCCCOc1ccc(N=Nc2ccc(C3OCC4(CO3)CC3C=CC4C3)cc2)cc1,0.36026363,68,2,34,5,2,3,valid
1951,525571828,*C(=O)c1ccc(Oc2ccc(C3(c4ccc(Oc5ccc(*)s5)cc4)c4ccccc4-c4ccccc43)cc2)cc1,0.39472012,70,2,36,3,0,1,valid
7713,2079401317,*CC(*)C(=O)Oc1ccc(Cl)cc1,0.35839079,24,2,9,2,0,1,valid
4162,1127073632,*CCCCCCOC(=O)c1ccc2cc(C(=O)O*)ccc2c1,0.34925616,36,2,18,4,0,2,valid
3006,816594704,*CC(*)C(=O)OCC(F)(F)C(F)(F)F,0.33021141,28,2,6,2,0,1,valid
5883,1595192960,*CCC(=O)Nc1ccc(Cc2ccc(NC(=O)CCN3C(=O)c4ccc(C(=O)c5ccc6c(c5)C(=O)N(*)C6=O)cc4C3=O)cc2)cc1,0.33616908,88,2,36,7,4,7,valid
5675,1537875008,*Nc1ccc([C@]2(C)CC(C)(C)c3cc(N*)ccc32)cc1,0.365803385,41,2,18,0,2,0,valid
3708,1004172510,*CCCCCCCCNC(=O)CCP(C)(=O)CCC(=O)N*,0.34556001,34,2,15,3,2,3,valid
7580,2047662238,*C=CC(COCc1ccccc1)C(*)COCc1ccccc1,0.36790087,33,2,20,2,0,1,valid
2414,661619581,*C=Cc1sc(-c2ccc(-c3ccc(-c4sc(C=CC5=CC(=C(C#N)C#N)C=C(*)O5)c(CCCCCC)c4CCCCCC)s3)s2)c(CCCCCC)c1CCCCCC,0.42318746,99,2,52,1,2,5,valid
3401,931723898,*Nc1ccc(C(c2ccccc2)(c2ccc(N)cc2)c2ccc(N*)cc2)cc1,0.37211398,48,2,25,0,3,0,valid
5731,1556257502,*CCCCCCOc1ccc(C=C2CCC(=Cc3ccc(OCCCCCCOP(=O)(O*)OCC)c(OC)c3)C2=O)cc1OC,0.35788491,69,2,35,9,0,4,valid
1555,417097500,*CC(*)OC(=O)c1ccc(C(C)(C)C)cc1,0.37755899,30,2,13,2,0,1,valid
5979,1621708323,*OC(CCCCCCC=C)CC(*)=O,0.37192791,21,2,11,2,0,2,valid
6845,1855247636,*Oc1cccc(N(c2ccccc2)c2ccc(-c3ccc(N(c4ccccc4)c4cccc(OC(=O)OCCOCCOC(*)=O)c4)cc3)cc2)c1,0.37532958,84,2,42,7,2,2,valid
5328,1448332716,*CC(*)(CC(=O)OCCCCCCCC)C(=O)OCCCCCCCC,0.38613046,37,2,21,4,0,2,valid
2200,595928255,*CC(*)CO,0.29464648,8,2,3,1,0,0,valid
2788,758756190,*Oc1ccc(Oc2cccc(*)n2)c(C)c1,0.35844504,27,2,12,2,1,0,valid
4803,1298418799,*NNC(=O)c1ccc(C(*)=O)cc1OCC,0.33579349,27,2,10,3,2,2,valid
5159,1397367740,*O[Si](C)(C)CCCCCCOC(=O)C(C)Oc1ccc(OC(=O)c2ccc(-c3ccc(OCCCCCCCCCC[Si](*)(C)C)cc3)cc2)cc1[N+](=O)[O-],0.37268989,100,2,42,9,1,3,valid
5794,1572814745,*NC1=C(c2c(N*)ccc3c2CCCC3)[C@H]2CCCC[C@H]2C=C1,0.36912749,46,2,20,0,2,2,valid
7078,1913604664,*C(=O)OCCOC(=O)c1cccc(N2C(=O)c3ccc(*)cc3C2=O)c1,0.33299939,47,2,18,6,1,4,valid
5472,1483304960,*C=CC(C*)OC,0.3862843999999999,11,2,5,1,0,1,valid
3456,946712155,*c1ccc2c(c1)C(=O)N(c1ccc(-c3ccc(N4C(=O)c5ccc(C(*)(C(F)(F)F)C(F)(F)F)cc5C4=O)c(OC(=O)C=Cc4ccccc4)c3)cc1OC(=O)C=Cc1ccccc1)C2=O,0.36819149,124,2,49,8,2,8,valid
2153,582946121,*CC(*)(C)C(=O)OCCCCn1c2ccccc2c2ccccc21,0.3510259,38,2,19,2,0,1,valid
3004,816499147,*CCCCCCCCc1nc2ccc(-c3ccc4nc(*)sc4c3)cc2s1,0.37827781,41,2,22,0,2,0,valid
2060,554573258,*c1cccc(C(=O)Nc2ccc(Oc3ccc(NC(=O)c4cccc(N5C(=O)c6ccc(-c7ccc8c(c7)C(=O)N(*)C8=O)cc6C5=O)c4)cc3)cc2)c1,0.35212357,100,2,42,7,4,6,valid
7209,1948589234,*Oc1ccc(C2(c3ccc(OC(=O)OC4C(C)(C)C(OC(*)=O)C4(C)C)cc3)CCCCC2)cc1,0.36225678,64,2,28,6,0,2,valid
4605,1242684513,*CCCCCOC(=O)c1ccc(C(=O)O*)cc1,0.34203506,29,2,13,4,0,2,valid
6657,1807732967,*CCCCCC(=O)Nc1ccc(Oc2ccc(NC(=O)CCCCCN3C(=O)c4ccc(C(=O)c5ccc6c(c5)C(=O)N(*)C6=O)cc4C3=O)cc2)cc1,0.33700629,94,2,41,8,4,7,valid
4863,1316732452,*OC(=O)OCCCCOC(=O)OC1COC2C(*)COC12,0.3180929,34,2,12,8,0,2,valid
4294,1156980921,*CCc1cccc(*)c1,0.37970446,14,2,8,0,0,0,valid
2989,812457901,*CC(*)c1ccc(C(C)=NO)cc1,0.35867112,23,2,10,1,1,1,valid
1248,335146594,*c1ccc(Cc2ccc(N3C(=O)C(C)C(SCCOCCSC4C(=O)N(c5ccc(Cc6ccc(N7C(=O)CC(C)(SCCOCCSC8(C)CC(=O)N(*)C8=O)C7=O)cc6)cc5)C(=O)C4C)C3=O)cc2)cc1,0.34652308,130,2,54,10,4,8,valid
5551,1507569319,*c1ccc(NC(=O)c2cc(NC(=O)c3ccc(OC(C)=O)cc3)cc(C(=O)Nc3ccc(-c4nnc(*)o4)cc3)c2)cc1,0.34832358,79,2,31,6,5,4,valid
137,40953121,*C(=O)Nc1ccc(Oc2ccc(C3(c4ccc(Oc5ccc(NC(=O)c6ccc7c(c6)C(=O)N(c6ccc(C)c(N8C(=O)c9ccc(*)cc9C8=O)c6)C7=O)cc5)cc4)NC(=O)c4ccccc43)cc2)cc1,0.37070669,132,2,57,9,5,7,valid
3770,1023161233,*CC(*)(C)C(=O)OC1CC2CC1C1C3CCC(C3)C21,0.37657118,37,2,16,2,0,1,valid
4351,1171970548,*c1ccc(Oc2ccc(C(=O)c3cccc(C(=O)c4ccc(Oc5ccc(N6C(=O)c7ccc(Oc8ccc9c(c8)C(=O)N(*)C9=O)cc7C6=O)cc5C(F)(F)F)cc4)n3)cc2)c(C(F)(F)F)c1,0.35861377,127,2,49,9,3,6,valid
7500,2026602715,*Oc1ccc(CC2(Cc3ccc(*)cc3)c3ccccc3-c3ccccc32)cc1,0.38673574,47,2,27,1,0,0,valid
4001,1082761945,*NC[C@H](N*)C(=O)[C@@H](N)[C@H](N)C=O,0.30524997,37,2,6,2,4,2,valid
3647,990755656,*NC1=C[C@@](O)(N*)N=C(N)N1,0.29677001,26,2,4,1,5,2,valid
3152,855265813,*c1ccc(Oc2ccc(C(c3ccc(Oc4ccc(-c5nnc(*)n5-c5ccc(C)cc5)cc4)cc3)(C(F)(F)F)C(F)(F)F)cc2)cc1,0.38349717,87,2,36,2,3,0,valid
1785,479918416,*CC(*)c1ccc(C(O)CCN2CCCCC2)cc1,0.37433713,30,2,16,1,1,0,valid
4287,1156088794,*CCCS(=O)(=O)CCCCS(=O)(=O)CCCOC(=O)c1cccc(C(=O)O*)c1,0.35593374,52,2,18,8,0,6,valid
6697,1815368241,*NCCCNCCCCNCCCN*,0.34373829,16,2,10,0,4,0,valid
670,186514002,*Oc1ccc(C(=O)OCCCCOC(=O)c2ccc(*)cc2)cc1,0.34336471,39,2,18,5,0,2,valid
83,22597605,*c1ccc(Oc2ccc(-c3nc4cc(-c5ccc6nc(-c7ccccc7)c(*)nc6c5)ccc4nc3-c3ccccc3)cc2)cc1,0.41714937,77,2,40,1,4,0,valid
1536,411535293,*Oc1cccc2c(OC(=O)c3ccc(Oc4ccc(C(*)=O)cc4)cc3)cccc12,0.35298988,51,2,24,5,0,2,valid
1619,435176754,*C(=O)Nc1ccc(Oc2ccc(N3C(=O)c4ccc(*)cc4C3=O)cc2)cc1,0.3555696,50,2,21,4,2,3,valid
5588,1514572566,*c1ccc(Sc2ccc(Sc3ccc(Sc4ccc(N5C(=O)c6ccc(Sc7ccc(Sc8ccc(Sc9ccc%10c(c9)C(=O)N(*)C%10=O)cc8)cc7)cc6C5=O)cc4)cc3)cc2)cc1,0.37974001,116,2,46,4,2,4,valid
1874,506323355,*CCCCCOC(=O)NNC(=O)CCCCCCCCC(=O)NNC(=O)O*,0.33556239,41,2,17,6,4,4,valid
2482,675621867,*OC(=O)c1ccc(CCCCc2ccc(C(*)=O)cc2)cc1,0.35446575,37,2,18,3,0,2,valid
3615,982652113,*c1ccc(Oc2ccc(C(=O)c3ccc(Cc4ccc(C(=O)c5ccc(Oc6ccc(-c7nc(-c8ccccc8)[nH]c7*)cc6)cc5)cc4)cc3)cc2)cc1,0.39839746,97,2,48,4,2,2,valid
6979,1887902393,*Nc1cccc(NC(=O)c2ccc(C(=O)Nc3ccc(C(=O)NC(*)=S)cc3)cc2)c1,0.33864713,56,2,22,3,4,4,valid
3188,866279797,*Nc1ccc(C(=O)c2ccc(NC(=O)c3cc(C(*)=O)cc(C(C)(C)C)c3)cc2)cc1,0.36605303,59,2,25,3,2,3,valid
169,51223278,*C(=O)Oc1ccc(C(C)(C)c2ccc(OC(=O)c3ccc4c(c3)C(=O)N(c3cccc(N5C(=O)c6ccc(*)cc6C5=O)c3)C4=O)cc2)cc1,0.3563254,95,2,39,8,2,6,valid
3534,966953045,*CC(*)c1cc(C(=O)Oc2ccc(OCCCCCCCCCCCCCCCCCC)cc2)ccc1C(=O)Oc1ccc(OCCCCCCCCCCCCCCCCCC)cc1,0.39477312,86,2,58,6,0,2,valid
1789,480471385,*c1ccc(-c2ccc(N3C(=O)c4ccc(S(=O)(=O)c5ccc6c(c5)C(=O)N(*)C6=O)cc4C3=O)cc2C(F)(F)F)c(C(F)(F)F)c1,0.39039629,94,2,30,6,2,6,valid
4420,1190316839,*Oc1ccc(C(=O)OC(C)COC(=O)c2ccc(OC(=O)c3ccc(C(*)=O)cc3)cc2)cc1,0.33682987,61,2,25,8,0,4,valid
506,140415340,*C=CCCC*,0.41369555,8,2,5,0,0,1,valid
3299,903431099,*CC(*)(C)C(=O)OCc1ccc(Cl)cc1,0.35830867,28,2,11,2,0,1,valid
2082,559980070,*Oc1ccc(Oc2ccc(C(=Nc3ccc(N=C(c4ccccc4)c4ccc(*)cc4)cc3)c3ccccc3)cc2)cc1,0.38545938,70,2,38,2,2,2,valid
7211,1949061676,*C(=O)Nc1ccc(C2(c3ccc(N4C(=O)c5ccc(*)cc5C4=O)cc3)CC(C)CC(C)(C)C2)cc1,0.38283226,68,2,30,3,2,3,valid
2405,658598412,*N=P(*)(C)C,0.35255216,11,2,2,0,1,1,valid
911,253610686,*c1ccc(-c2ccc3nc(*)cc(-c4ccccc4)c3c2)cc1,0.41535856,40,2,21,0,1,0,valid
4888,1323245183,*Nc1ccc(C)c(C)c1-c1c(N*)ccc(C)c1C,0.36698246,33,2,16,0,2,0,valid
7435,2007994317,*CC(C)(C)COC(=O)Cc1ccc(C(=O)O*)cc1,0.35161343,34,2,14,4,0,2,valid
6156,1670434070,*c1ccc(-c2ccc(-c3ccc(-c4ccc(-c5cc(-c6ccccc6)c6cc(-c7ccc8nc(*)cc(-c9ccccc9)c8c7)ccc6n5)cc4)cc3)cc2)cc1,0.40260098,101,2,54,0,2,0,valid
1902,511605655,*Nc1cccc(-c2ccc(-c3ccc(-c4cccc(N*)c4)cc3)cc2)c1,0.34297147,47,2,24,0,2,0,valid
1276,344065840,*c1ccc(C(c2ccc(N3C(=O)c4ccc(Oc5cc6ccccc6cc5Oc5ccc6c(c5)C(=O)N(*)C6=O)cc4C3=O)cc2)(C(F)(F)F)C(F)(F)F)cc1,0.37439693,103,2,41,6,2,4,valid
2849,775478514,*C(=O)c1ccc2c(c1)C(=O)N(c1ccc(Oc3ccc(C(=O)c4ccc(C(=O)c5ccc(C(=O)c6ccc(Oc7ccc(N8C(=O)c9ccc(*)cc9C8=O)cc7)cc6)cc5)cc4)cc3)cc1)C2=O,0.37412723,128,2,56,10,2,8,valid
913,254267891,*CCCCSSCCCCO*,0.41742983,13,2,8,1,0,0,valid
1287,347389709,*CCOC(=O)C=CC(=O)NCCCCCCNC(=O)C=CC(=O)O*,0.31787399,40,2,16,6,2,6,valid
940,259074348,*Nc1cc(NC(=O)c2cccc(C(*)=O)c2)cc(C(=O)OCCOc2ccc(C=CC(=O)c3ccccc3)cc2)c1,0.34041504,71,2,32,6,2,5,valid
6718,1820965288,*CC(O)COc1ccc(S(=O)(=O)c2ccc(O*)cc2)cc1,0.34218345,39,2,15,5,0,2,valid
6130,1663257488,*C(=O)Nc1ccc(S(=O)(=O)c2ccc(NC(=O)c3ccc4c(c3)C(=O)N(c3cccc(P(=O)(c5ccccc5)c5cccc(N6C(=O)c7ccc(*)cc7C6=O)c5)c3)C4=O)cc2)cc1,0.36301636,122,2,48,9,4,9,valid
7621,2058169887,*c1ccc(OC(=O)c2ccc(C(=O)Oc3ccc(-c4nc5ccccc5nc4*)cc3)cc2)cc1,0.36797942,59,2,28,4,2,2,valid
2256,612139638,*CCN(CCOC(=O)Nc1ccc(C)c(NC(=O)O*)c1)c1ccc(C=Cc2cc[n+](CCCC)cc2)cc1,0.35814643,66,2,30,4,4,3,valid
1409,378853299,*CCCC(C)(C)CNC(=O)CCCCC(=O)N*,0.33764161,29,2,13,2,2,2,valid
1398,375389813,*Oc1ccc(S(=O)c2ccc(Oc3ccc(C=NN=Cc4ccc(*)cc4)cc3)cc2)cc1,0.37027564,55,2,26,3,2,3,valid
2883,784293016,*CC(CC(*)(C#N)C#N)c1ccc(CCl)cc1,0.3903293,31,2,13,0,2,0,valid
2644,720567395,*O*CCCCCCCCCC(=O)Oc1ccc(-c2ccc(C(=O)Oc3ccc(C(=O)OC)c(OC(=O)c4ccc(-c5ccc(OC(=O)CCCCCCCCC(*)CO*)cc5)cc4)c3)cc2)cc1,0.38046147,112,4,55,12,0,5,valid
2446,668621779,*Cc1cccc(CNC(=O)CCC2(CCC(=O)N*)c3ccccc3-c3ccccc32)c1,0.34266557,52,2,27,2,2,2,valid
4905,1330350980,*CC(O)COc1ccc(C(C)(C)c2ccc(OCC(O)COc3cccc(NC(=O)CCCCC(=O)Nc4cccc(O*)c4)c3)cc2)cc1,0.34097584,81,2,39,8,2,2,valid
2567,696705390,*Oc1ccc(S(=O)(=O)c2ccc(Oc3ccc(C(=O)c4cc(Br)cc(C(=O)c5ccc(*)cc5)c4)cc3)cc2)cc1,0.379535,77,2,32,6,0,4,valid
3294,901629107,*CCCCOC(=O)/C=C/C(=O)O*,0.32664054,23,2,8,4,0,3,valid
5567,1510690030,*C(=O)OCCN(CCOC(=O)c1ccc2c(c1)C(=O)N(c1c(C)cc(Cc3cc(C)c(N4C(=O)c5ccc(*)cc5C4=O)c(C)c3)cc1C)C2=O)c1ccc(N=Nc2ccc([N+](=O)[O-])cc2C#N)cc1,0.37188038,134,2,52,10,7,8,valid
4363,1175936826,*CCN(CCOC(=O)c1ccc(C(=O)O*)cc1)c1ccc(N=Nc2ccc(-c3nc4ccc([N+](=O)[O-])cc4n3CC)cc2)cc1,0.36628188,84,2,33,6,6,4,valid
1173,314354319,*CCN(CCOC(=O)NCCCCCCNC(=O)O*)c1ccc(N=Nc2ccc(P(=O)(c3ccccc3)c3ccccc3)cc2)cc1,0.36051644,75,2,36,5,5,4,valid
7886,2123073246,*CC(*)OC(=O)OC([2H])([2H])[2H],0.32119753,30,2,4,3,0,1,valid
5020,1362818896,*Oc1ccc(C2(c3ccc(Oc4ccc(C(=O)c5ccc(Oc6ccc(C(=O)c7ccc(*)cc7)cc6)cc5)cc4)cc3)c3ccccc3-c3ccccc32)cc1,0.39211202,97,2,51,5,0,2,valid
392,107562247,*Oc1ccc(C(=O)Nc2cc(C(c3ccc(C)c(NC(=O)c4ccc(OC(=O)c5cccc(C(*)=O)c5)cc4)c3)(C(F)(F)F)C(F)(F)F)ccc2C)cc1,0.34711182,101,2,39,6,2,4,valid
505,140168832,*Oc1ccc(CC(NC(=O)Cc2ccc(OC(=O)CCC(*)=O)cc2)C(=O)OCCCCCC)cc1,0.34533311,59,2,27,7,1,4,valid
743,208376671,*c1ccc(Oc2ccc(C(c3ccc(Oc4ccc(-c5nnc(*)c6c(-c7ccc(F)cc7)c(-c7ccc(F)cc7)c(-c7ccc(F)cc7)c(-c7ccc(F)cc7)c56)cc4)cc3)(C(F)(F)F)C(F)(F)F)cc2)cc1,0.40028133,138,2,59,2,2,0,valid
198,58312031,*C(=O)c1ccc(C(=O)N(*)c2ccccc2)c(Sc2ccccc2)c1,0.3849002,44,2,19,2,1,2,valid
1607,432947505,*C(=O)Nc1ccc(Sc2ccc(NC(=O)c3ccc4c(c3)C(=O)N(c3ccc(Oc5cccc6c(Oc7ccc(N8C(=O)c9ccc(*)cc9C8=O)cc7)cccc56)cc3)C4=O)cc2)cc1,0.36055336,117,2,51,8,4,6,valid
5852,1587454382,*C(=O)Nc1ccc(Oc2ccc(NC(=O)c3ccc4c(c3)C(=O)N(C3CCC(CC5CCC(N6C(=O)c7ccc(*)cc7C6=O)CC5)CC3)C4=O)cc2)cc1,0.36177897,100,2,43,7,4,6,valid
5130,1390880036,*Oc1ccc(-c2ccc(OC(=O)/C=C/c3ccc(/C=C/C(*)=O)cc3)cc2)cc1,0.34195777,55,2,24,4,0,4,valid
473,131486630,*Oc1ccc(CC(NC(=O)CCc2ccc(OC(=O)CCCCCCC(*)=O)cc2)C(=O)OCC(C)C)cc1,0.34979846,64,2,30,7,1,4,valid
3493,954258008,*CCCCCCN(CC(F)(F)C(F)(F)F)C(=O)C(F)(F)C(F)(F)C(F)(F)C(F)(F)C(=O)N(*)CC(F)(F)C(F)(F)F,0.33102861,84,2,18,2,2,2,valid
6518,1773451274,*CC(*)c1cc(C(=O)Oc2ccc(OCCCCCCCCCCCCCCCC)cc2)ccc1C(=O)Oc1ccc(OCCCCCCCCCCCCCCCC)cc1,0.38467794,82,2,54,6,0,2,valid
993,271080458,*CC(O)CN(C)S(=O)(=O)c1cccc(S(=O)(=O)N(C)CC(O)COc2ccc(Sc3ccc(O*)cc3)cc2)c1,0.3444038,73,2,25,8,2,4,valid
6875,1863818535,*CCN(CCOC(=O)c1ccc(C(=O)O*)c(OCCC)c1)c1ccc(C=C(C#N)C#N)cc1,0.35424563,58,2,25,5,3,3,valid
1434,384566125,*CC(*)(C)C(=O)OCC(=O)c1cc2cc(Br)ccc2o1,0.37116728,38,2,14,4,0,2,valid
3622,983359271,*Oc1ccc(C(c2ccc(OC3(F)C(*)(F)C(F)(F)C3(F)F)cc2)(C(F)(F)F)C(F)(F)F)cc1,0.34987919,69,2,19,2,0,0,valid
7767,2093549092,*c1ccc(Oc2ccc(C(c3ccccc3)(c3ccccc3)c3ccc(Oc4ccc(-c5nc(*)nc(-c6ccccc6)n5)cc4)cc3)cc2)cc1,0.42256432,87,2,46,2,3,0,valid
2781,756521912,*CCCC(C)(C)CNC(=O)CCCC(=O)N*,0.33531412,28,2,12,2,2,2,valid
4640,1250976105,*Oc1ccc(NC(=O)/C=C/c2ccc(/C=C/C(=O)Nc3ccc(*)cc3)cc2)cc1,0.33908362,55,2,24,3,2,4,valid
7423,2005551662,*C1C2CC(CCCCc3ccccc3)C(C2)C1*,0.36435732,29,2,17,0,0,0,valid
5899,1600783315,*Oc1ccc(S(=O)(=O)c2ccc(Oc3ccc(C(C)(C)c4ccc(*)cc4)cc3)cc2)c(N)c1,0.37235553,63,2,27,4,1,2,valid
113,32316139,*CCN(*)C(=O)c1cc(F)cc(F)c1F,0.33952456,27,2,9,1,1,1,valid
2715,738625870,*Nc1cccc(-c2cccc(-c3ccccc3)c2-c2ccccc2)c1N*,0.36058761,43,2,24,0,2,0,valid
4850,1313130081,*Oc1ccc(NC(=O)c2cc(NC(=O)C34CC5CC(CC(C5)C3)C4)cc(C(=O)Nc3ccc(*)cc3)c2)cc1,0.35628794,73,2,31,4,3,3,valid
7558,2041930704,*c1ccc(Oc2ccc(C(=O)c3ccc(C(=O)c4ccc(Oc5ccc(N6C(=O)c7ccc(-c8ccc9c(c8)C(=O)N(*)C9=O)cc7C6=O)cc5)cc4)cc3)cc2)cc1,0.37294801,109,2,48,8,2,6,valid
2702,735082604,*C(=O)c1ccc(Oc2ccc(C(C)(C)c3ccc(Oc4ccc(*)s4)cc3)cc2)s1,0.37910073,54,2,24,3,0,1,valid
2761,750893336,*CCCCCCCCOC(=O)c1ccc2cc(C(=O)O*)ccc2c1,0.35432247,38,2,20,4,0,2,valid
1817,490110901,*CC(O)CN(*)c1ccc(N=Nc2ccc(C(=O)O)cc2)cc1,0.3475583,40,2,16,3,3,2,valid
4037,1091045706,*Oc1ccc(-c2ccc(Oc3ccc(C(C)(C)c4ccc(*)cc4)cc3)cc2)cc1,0.37742789,52,2,27,2,0,0,valid
3922,1061842940,*Oc1cccc(OC2(F)C(*)(F)C(F)(F)C2(F)F)c1,0.33739946,38,2,10,2,0,0,valid
4781,1292415850,*C(Cl)=C(*)CCCCCC,0.40438433,17,2,8,0,0,1,valid
6587,1790709868,*Nc1ccc([C@H](CC)c2ccc(CCc3ccc([C@@H](CC)c4ccc(N*)cc4)cc3)cc2)cc1,0.36308628,65,2,32,0,2,0,valid
6106,1655220585,*c1ccc(N2C(=O)c3ccc(C(=O)c4ccc5c(c4)C(=O)N(c4ccc6[nH]c(*)nc6c4)C5=O)cc3C2=O)cc1,0.39105508,79,2,30,5,4,5,valid
151,45908417,*C(=O)c1cccc(C(=O)N(*)c2ccccc2)c1,0.38456711,33,2,14,2,1,2,valid
5965,1618749599,*c1ccc(OC(=O)c2cccc(C(=O)Oc3ccc(C4(*)OC(=O)c5ccccc54)cc3C)c2)c(C)c1,0.37167757,67,2,30,6,0,3,valid
4281,1154938499,*CCCP(CCCNC(=O)CCCCC(=O)N*)CC(C)C,0.35350822,33,2,16,2,2,2,valid
4221,1142382691,*c1ccc(Cc2ccc(N3C(=O)C(Cl)=C(Oc4ccc(C(c5ccc(OC6=C(Cl)C(=O)N(*)C6=O)cc5)(C(F)(F)F)C(F)(F)F)cc4)C3=O)cc2)cc1,0.36436728,106,2,36,6,2,6,valid
7155,1932242031,*c1ccc(Oc2ccc(Oc3ccc(Oc4ccc(N5C(=O)c6ccc(Oc7ccc(-c8ccc(Oc9ccc%10c(c9)C(=O)N(*)C%10=O)cc8)cc7)cc6C5=O)cc4)cc3)cc2)cc1,0.36829952,116,2,52,9,2,4,valid
7400,2001829595,*Nc1ccc([C@@H](C)CC(C)(C)c2ccc(N*)cc2)cc1,0.35096863,41,2,18,0,2,0,valid
5672,1537088176,*CCCCCCCC(c1ccc(O)cc1)C(*)c1ccc(O)cc1C,0.36937148,38,2,22,2,0,0,valid
7909,2129332781,*CCCCCCNC(=O)CCCCCCCCC(=O)N*,0.35371267,28,2,16,2,2,2,valid
1983,534605075,*Oc1cc(CCCCCCCCCCC)cc(OC(=O)c2cccc(C(*)=O)c2)c1,0.37154084,47,2,25,4,0,2,valid
6922,1872607825,*c1ccc(OC(=O)c2ccc([Si](C)(C)c3ccc(C(=O)Oc4ccc(C5(*)c6ccccc6C(=O)N5c5ccccc5)cc4)cc3)cc2)cc1,0.39364264,91,2,42,5,1,3,valid
3930,1065435792,*CC(*)(C)C(=O)OCCCCCCCCCCn1c2ccccc2c2cc(N=Nc3ccc([N+](=O)[O-])cc3[N+](=O)[O-])ccc21,0.36431526,83,2,31,6,4,4,valid
5385,1462748332,*c1ccc(-c2nc3ccc(-c4ccc5nc(*)c(-c6ccccc6)nc5c4)cc3nc2-c2ccccc2)cc1,0.53276928,66,2,34,0,4,0,valid
2863,780388384,*c1ccc([Si](c2ccccc2)(c2ccccc2)c2ccc(-c3nnc(-c4ccc(-c5nnc(*)o5)cc4)o3)cc2)cc1,0.48674163,77,2,34,2,4,0,valid
910,253518655,*CCC=C(*)CCCCCCC,0.41315553,16,2,11,0,0,1,valid
517,143809812,*Nc1cccc(C2=C(c3ccccc3)C(c3ccccc3)=C[C@@H](c3ccccc3)[C@@]2(c2ccccc2)c2cccc(N*)c2)c1,0.38536846,83,2,42,0,2,2,valid
990,270468068,*c1ccc(Oc2ccc(S(=O)(=O)c3ccc(Oc4ccc(N5C(=O)c6ccc(S(=O)(=O)c7ccc8c(c7)C(=O)N(*)C8=O)cc6C5=O)cc4)cc3)cc2)cc1,0.36832614,106,2,40,10,2,8,valid
7032,1899839615,*Nc1ccc(-c2ccc(N*)c(O)c2)cc1O,0.31809801,29,2,12,2,2,0,valid
3202,871001883,*Nc1ccc(-c2ccc(NC(=O)c3cccc(C(*)=O)c3)c(O)c2)cc1O,0.32620307,49,2,20,4,2,2,valid
5996,1626278445,*Nc1ccc([C@@]23CC4C[C@@](c5ccc(N)cc5)(C2)C[C@](c2ccc(N*)cc2)(C4)C3)cc1,0.36179754,70,2,28,0,3,0,valid
7481,2021383868,*c1ccc2c(c1)C(=O)N(c1ccc(Oc3cccc(-c4cc(-c5ccccc5)cc(-c5cccc(Oc6ccc(N7C(=O)c8ccc(C(*)(C(F)(F)F)C(F)(F)F)cc8C7=O)cc6)c5)n4)c3)cc1)C2=O,0.3772372,132,2,54,6,3,4,valid
2963,806311584,*Nc1cc(NC(=O)c2ccc(C(*)=O)cc2)cc(C(=O)OCCOC(=O)C=Cc2ccc(N(C)C)cc2)c1,0.34026095,68,2,28,6,3,5,valid
901,250039671,*C(=O)Nc1ccc(Oc2ccc(C3(c4ccc(Oc5ccc(NC(=O)c6ccc7c(c6)C(=O)N(c6ccc(Oc8ccc(S(=O)(=O)c9ccc(Oc%10ccc(N%11C(=O)c%12ccc(*)cc%12C%11=O)cc%10)cc9)cc8)cc6)C7=O)cc5)cc4)NC(=O)c4ccccc43)cc2)cc1,0.36225862,182,2,74,13,5,9,valid
397,109313016,*c1cc(N2C(=O)c3ccc(Oc4ccc5c(c4)C(=O)N(*)C5=O)cc3C2=O)c(O)cc1O,0.36149499,61,2,22,7,2,4,valid
7440,2009816260,*Nc1ccc2ccc3c(N*)c(-c4ccccc4)c(-c4ccccc4)c4ccc1c2c34,0.36314793,52,2,28,0,2,0,valid
1225,328387168,*Nc1ccccc1C(CC)(c1ccccc1N)c1ccccc1N*,0.3617022,36,2,21,0,3,0,valid
6984,1888603184,*Oc1ccc(C(=O)c2ccc(NC(=O)c3cccc(C(=O)Nc4ccc(C(=O)c5ccc(*)cc5)cc4)c3)cc2)cc1,0.35450759,75,2,34,5,2,4,valid
6923,1872649544,*CC(COC(=O)CCCCCN1C(=O)C2C3C=CC(C3)C2C1=O)O*,0.33852716,44,2,18,5,1,4,valid
162,49062920,*CCOCCOCCOC(=O)c1cc(N=Nc2ccc(OCC)cc2)ccc1-c1ccc(N=Nc2ccc(OCC)cc2)cc1C(=O)O*,0.36389929,75,2,36,8,4,4,valid
426,117726673,*Oc1ccc(OC(=O)c2ccc(C(*)=O)cc2Oc2ccc(C(C)(C)c3ccccc3)cc2)cc1,0.35725227,60,2,29,5,0,2,valid
1537,411815101,*c1ccc(Oc2ccc(-c3cnc4ccc(-c5ccc6ncc(*)nc6c5)cc4n3)cc2)cc1,0.40181263,57,2,28,1,4,0,valid
2703,735143665,*CCCCCCCCCCOC(=O)NNC(=O)CCCCCCCCC(=O)NNC(=O)O*,0.35290149,46,2,22,6,4,4,valid
4910,1330844840,*CC(COCOCC(C)([N+](=O)[O-])[N+](=O)[O-])O*,0.44890128,42,2,7,7,2,2,valid
134,40146140,*C(=O)Nc1cc(NC(=O)c2ccc3c(c2)C(=O)N(c2cc(-c4nc5ccccc5o4)cc(N4C(=O)c5ccc(*)cc5C4=O)c2)C3=O)cc(-c2nc3ccccc3[nH]2)c1,0.37477933,113,2,44,7,7,6,valid
4211,1139097399,*c1ccc(Oc2ccc(S(=O)(=O)c3ccc(Oc4ccc(-c5c6c(c(*)c7ccccc57)C(=O)N(CCCCCCCCCCCC)C6=O)cc4)cc3)cc2)cc1,0.37826557,97,2,48,6,1,4,valid
1932,520233682,*CCCCCC(*)CCCCCCCC,0.40682888,18,2,14,0,0,0,valid
1558,418211347,*C(F)(F)C(*)(F)OC(F)(F)C(F)(F)C(F)(F)C(F)(F)F,0.34587055,45,2,6,1,0,0,valid
468,131086449,*c1ccc(Oc2ccc(N3C(=O)c4ccc(Oc5c(C)cc(-c6cc(C)c(Oc7ccc8c(c7)C(=O)N(*)C8=O)c(C)c6)cc5C)cc4C3=O)cc2)cc1,0.39388382,100,2,44,7,2,4,valid
4085,1104783164,*c1ccc(-c2ccc(-c3ccc(-c4ccc(-c5ccc6c(c5)C(=O)N(c5ccc(Oc7ccc(C(C)(C)c8ccc(Oc9ccc(N%10C(=O)c%11ccc(*)cc%11C%10=O)cc9)cc8)cc7)cc5)C6=O)cc4)cc3)cc2)cc1,0.37765587,147,2,67,6,2,4,valid
7687,2072955704,*CC(*)(C)OC,0.34572991,11,2,4,1,0,0,valid
1738,469302506,*c1cccc(C(=O)Nc2ccc(Oc3cccc(Oc4ccc(NC(=O)c5cccc(N6C(=O)c7ccc(-c8cccc9c8C(=O)N(*)C9=O)cc7C6=O)c5)cc4)c3)cc2)c1,0.34972728,109,2,48,8,4,6,valid
4712,1268212088,*NC1=C(/C=C/c2ccc(N*)cc2)C=C(Cc2ccccc2)C(N)(N)[C@@H]1Cc1ccccc1,0.34133831,62,2,28,0,4,3,valid
6862,1860871285,*c1ccc(Oc2ccc(S(=O)(=O)c3ccc(C)cc3)cc2)c(N2C(=O)c3ccc(-c4ccc5c(c4)C(=O)N(*)C5=O)cc3C2=O)c1,0.38583152,90,2,35,7,2,6,valid
6762,1835012454,*CC(*)(CCCCCCCC)C(=O)OC,0.38929213,23,2,12,2,0,1,valid
2342,638889974,*Nc1ccc(-c2ccc(N*)cc2Cc2ccc(C)cc2)c(Cc2ccc(C)cc2)c1,0.35865855,51,2,28,0,2,0,valid
619,172004497,*c1c(C)cc(Cc2cc(C)c(N3C(=O)c4ccc(Oc5ccc6ccc(Oc7ccc8c(c7)C(=O)N(*)C8=O)cc6c5)cc4C3=O)c(C)c2)cc1C,0.39303801,95,2,43,6,2,4,valid
2314,631598953,*CCOCCOC(=O)c1ccc(-c2ccc(C(=O)O*)cc2)cc1,0.33590503,40,2,18,5,0,2,valid
3993,1080857742,*c1ccc(C(c2ccccc2)c2ccc(N3C(=O)c4ccc(Oc5ccc6c(c5)C(=O)N(*)C6=O)cc4C3=O)cc2)cc1,0.39612833,78,2,35,5,2,4,valid
2383,648079347,*CC1CCCC(CN2C(=O)c3ccc(-c4ccc5c(c4)C(=O)N(*)C5=O)cc3C2=O)C1,0.35269829,59,2,24,4,2,4,valid
1704,459959706,*c1cccc(C(=O)c2c(C)cc(C)c(N3C(=O)c4ccc(Oc5ccc6c(c5)C(=O)N(*)C6=O)cc4C3=O)c2C)c1,0.39121654,79,2,32,6,2,5,valid
5667,1536340511,*Nc1ccc(-c2ccc(N*)c(-c3ccccc3)c2-c2ccccc2)c(-c2ccccc2)c1-c1ccccc1,0.37552726,65,2,36,0,2,0,valid
1456,391808404,*CCCCSSCCCCOCO*,0.40349527,15,2,9,2,0,0,valid
7718,2080614685,*Nc1ccc(C2(c3ccc(N*)cc3)c3ccc(N)cc3-c3cc(N)ccc32)cc1,0.37760376,52,2,25,0,4,0,valid
1613,433899559,*c1ccc(*)cc1,0.37523864,12,2,6,0,0,0,valid
7067,1911532586,*Oc1ccc(Oc2ccc(C(=O)c3ccc(*)c(S(=O)(=O)O)c3)cc2S(=O)(=O)O)cc1S(=O)(=O)O,0.3508676,71,2,19,12,0,7,valid
7273,1964792280,*c1ccc(OCCN(CCOc2ccc(-c3cc(-c4ccccc4)c4cc(Oc5ccc6nc(*)cc(-c7ccccc7)c6c5)ccc4n3)cc2)c2ccc(C(C#N)=C(C#N)C#N)cc2)cc1,0.38278631,113,2,57,3,6,1,valid
1686,455575558,*Nc1ccc(-c2ccc(-c3ccc(N*)c(-c4ccccc4)c3-c3ccccc3)cc2)cc1,0.3636002,56,2,30,0,2,0,valid
2998,814967191,*c1c(C)cc(Cc2cc(C)c(N3C(=O)c4cccc(Oc5c(C)cc(-c6cc(C)c(Oc7cccc8c7C(=O)N(*)C8=O)c(C)c6)cc5C)c4C3=O)c(C)c2)cc1C,0.3975525,108,2,49,6,2,4,valid
6226,1687858276,*c1ccc2c(c1)C(=O)N(c1cccc(Oc3ccc(S(=O)(=O)c4ccc(Oc5cccc(N6C(=O)c7ccc(C(*)(C(F)(F)F)C(F)(F)F)cc7C6=O)c5)cc4)cc3)c1)C2=O,0.36843914,118,2,43,8,2,6,valid
4097,1106849268,*c1ccc(Oc2ccc(-c3ccc(Oc4ccc(N5C(=O)c6cccc(Oc7c(C)cc(Cc8cc(C)c(Oc9cccc%10c9C(=O)N(*)C%10=O)c(C)c8)cc7C)c6C5=O)cc4)cc3)cc2)cc1,0.3774632,124,2,57,8,2,4,valid
6373,1726627716,*Nc1cccc(NC(=O)c2cc(NC(=O)c3ccccc3)cc(C(*)=O)c2)c1,0.3335926,50,2,21,3,3,3,valid
5448,1478638391,*CC(*)(C)C(=O)OCCOCCOCCOCCOc1ccc(N=Nc2ccc(C#N)cc2)cc1,0.35894931,53,2,25,6,3,2,valid
2402,656702107,*Oc1ccc(P(C)(=O)c2ccc(Oc3ccc(C(c4ccc(*)cc4)(C(F)(F)F)C(F)(F)F)cc3)cc2)cc1,0.37833818,73,2,28,3,0,1,valid
4440,1195485493,*c1cc(N2C(=O)c3ccc(-c4ccc5c(c4)C(=O)N(*)C5=O)cc3C2=O)c(O)cc1O,0.36305869,61,2,22,6,2,4,valid
6455,1751963173,*O[Si](C)(C)c1ccc([Si](C)(C)O[SiH](*)C)cc1,0.43447128,42,2,11,2,0,0,valid
3235,881699959,*Nc1c2ccccc2c(-c2c3ccccc3c(N*)c3ccc(-c4ccc(C)cc4)c(-c4ccc(C)cc4)c23)c2c(-c3ccc(C)cc3)c(-c3ccc(C)cc3)ccc12,0.38407296,105,2,56,0,2,0,valid
7482,2021473660,*CCOC(=O)CCCCCCCCCCC(=O)OCCOC(=O)c1ccc(C(=O)O*)cc1,0.34409739,50,2,24,8,0,4,valid
1121,299618473,*C(=O)Nc1ccc(C(=O)Nc2ccc(NC(=O)c3ccc4[nH]c(-c5cccc(-c6nc7cc(*)ccc7[nH]6)c5)nc4c3)cc2)cc1,0.3655908,88,2,35,3,7,3,valid
6755,1832963659,*Nc1ccc(-c2ccc(N*)c(-c3ccccc3)c2-c2ccccc2)cc1,0.36015628,45,2,24,0,2,0,valid
7919,2132767837,*Nc1ccc(C2(c3ccc(N*)cc3)c3ccccc3-c3ccccc32)cc1,0.36811921,46,2,25,0,2,0,valid
3656,991734116,*c1ccc(Oc2ccc(Oc3ccc(N4C(=O)C5CCC(C6CCC7C(=O)N(*)C(=O)C7C6)CC5C4=O)cc3)cc2)cc1,0.36741646,78,2,34,6,2,4,valid
7013,1894705136,*CC(*)(CC(=O)OCCCl)C(=O)OCCCl,0.35304556,29,2,9,4,0,2,valid
1451,390859311,*c1ccc(Oc2cccc(Oc3ccc(N4C(=O)CC(=O)N(*)C4=S)cc3)c2)cc1,0.36549422,54,2,22,4,2,3,valid
464,130236950,*c1ccc(Oc2ccc(N3C(=O)c4ccc(Oc5cccc6c(Oc7ccc8c(c7)C(=O)N(*)C8=O)cccc56)cc4C3=O)cc2)cc1,0.37077884,85,2,38,7,2,4,valid
307,86909617,*Nc1ccc2c(c1)C1(c3ccccc3-2)c2ccccc2-c2ccc(N*)cc21,0.37643744,49,2,25,0,2,0,valid
5100,1384565570,*CCCCCCCCOc1ccc(CCc2ccc(O*)cc2C)cc1,0.37561448,35,2,23,2,0,0,valid
734,205078323,*O[Si](*)(C)CCCCCCCCCCC(=O)Oc1ccc(-c2ccc(OC(=O)c3ccc(OCC)cc3)cc2)cc1,0.36210675,68,2,33,6,0,2,valid
2915,793067604,*OC(COC(=O)c1ccc(-c2ccc(C(*)=O)cc2)cc1)COc1ccc(N=Nc2ccc(C#N)cc2)cc1,0.35920375,67,2,30,5,3,3,valid
3988,1079254349,*Nc1ccc(Cc2ccc(NC(=O)c3cc(C(*)=O)cc(N4C(=O)C5C6CCC(C6)C5C4=O)c3)cc2)cc1,0.36179092,71,2,30,4,3,4,valid
6277,1701689653,*Nc1ccc([C@]23C[C@@H]4C[C@@H]5[C@H]2C[C@@H]2C[C@H]3[C@H](C4)[C@@]5(c3ccc(N*)cc3)C2)cc1,0.36708387,86,2,26,0,2,0,valid
5552,1507772517,*c1ccc(Cc2ccc(N3C(=O)C4CCC(C5CCC6C(=O)N(*)C(=O)C6C5)CC4C3=O)cc2)cc1,0.38536816,67,2,29,4,2,4,valid
2925,795837749,*C(=O)Nc1ccc(C(c2ccc(NC(=O)c3ccc4c(c3)C(=O)N(c3c(C)cc(-c5cc(C)c(N6C(=O)c7ccc(*)cc7C6=O)c(C)c5)cc3C)C4=O)cc2)(C(F)(F)F)C(F)(F)F)cc1,0.37779724,130,2,49,6,4,6,valid
5937,1610776533,*Nc1cccc(/C(=C(\c2ccccc2)c2cccc(N*)c2)c2ccccc2)c1,0.37286645,49,2,26,0,2,1,valid
873,243290882,*Nc1ccc2c(c1)-c1ccccc1C21c2ccccc2-c2cc(N*)ccc21,0.38182575,47,2,25,0,2,0,valid
2760,750805819,*Oc1ccc(CC(NC(=O)CCc2ccc(OC(=O)CCCCCCCCC(*)=O)cc2)C(=O)OCC(C)C)cc1,0.35420645,66,2,32,7,1,4,valid
659,183910750,*CC(OC(=O)C(=O)OCC)C(COC(=O)O*)OC(=O)C(=O)OCC,0.31291135,45,2,13,11,0,5,valid
3275,895302963,*O[Si](*)(CCCOCCOCCOC)CCCOCCOCCOC,0.37166513,33,2,16,7,0,0,valid
2398,652803633,*Nc1ccc(/C=C/c2c3ccccc3c(/C=C/c3ccc(N*)cc3)c3ccccc23)cc1,0.3630577,56,2,30,0,2,2,valid
7296,1969835968,*C(=O)Nc1ccc(C2(c3ccc(N4C(=O)c5ccc(*)cc5C4=O)cc3)CCC(C(C)(C)C)CC2)cc1,0.38391661,69,2,31,3,2,3,valid
4053,1095118388,*Nc1cc(NC(=O)CCCCCCCCC(*)=O)cc(-c2nnc(-c3ccccn3)o2)c1,0.36358328,53,2,23,3,5,2,valid
5170,1400204987,*OC(CCl)COC(=O)C1=C(C(=O)OCC(CCl)OC(=O)c2ccc(C(*)=O)cc2)C2C=CC1C2,0.35028816,65,2,23,8,0,6,valid
5096,1383097828,*CC(*)(C)C(=O)OC(F)(F)C(F)(F)C(F)(F)C(F)(F)C(F)(F)C(F)(F)C(F)(F)C(F)(F)F,0.32884638,72,2,12,2,0,1,valid
2782,756721321,*C(=O)OCCOC(=O)N1CCN(*)CC1,0.31625475,26,2,8,4,2,2,valid
2139,578503320,*c1ccc(Oc2ccc(C(=O)c3cccc(C(=O)c4ccc(Oc5ccc(N6C(=O)c7ccc(-c8ccc9c(c8)C(=O)N(*)C9=O)cc7C6=O)cc5)cc4)c3)cc2)cc1,0.36351703,109,2,48,8,2,6,valid
791,223538531,*Nc1cc(NC(=O)c2ccc(-c3ccc(C(*)=O)cc3)cc2)cc(C(=O)OCCOc2ccc(C=CC(=O)c3ccccc3)cc2)c1,0.34446761,82,2,38,6,2,5,valid
4575,1235772628,*Nc1ccc(-c2ccccc2)c(-c2c(CC)cccc2CC)c1N*,0.3607122,40,2,22,0,2,0,valid
2825,765976138,*c1ccc(Oc2ccc(C(=O)c3cccc(C(=O)c4ccc(Oc5ccc(-c6cc(*)[nH]n6)cc5)cc4)c3)cc2)cc1,0.37462428,77,2,35,4,2,2,valid
4774,1290242331,*Oc1ccc(C(=C(Cl)Cl)c2ccc(OC(*)=O)cc2)cc1,0.37391919,40,2,15,3,0,2,valid
759,213771383,*Oc1ccc(Oc2ccc(C(=O)c3cccc(NC(=O)CCCCCCCCC(=O)Nc4cccc(C(=O)c5ccc(*)cc5)c4)c3)cc2)cc1,0.35474585,84,2,42,6,2,4,valid
7768,2093679226,*CCCCC(=O)NCc1ccc(CNC(=O)CCCCS*)cc1,0.35168032,35,2,18,2,2,2,valid
5324,1447287020,*CCCOC(=O)c1ccc(C(=O)O*)cc1,0.33381899,27,2,11,4,0,2,valid
4356,1174292255,*O[Si](C)(CCC(F)(F)F)CCC(F)(F)C(F)(F)C(F)(F)C(F)(F)C(F)(F)C(F)(F)CC[Si](*)(C)CCC(F)(F)F,0.37288957,87,2,18,1,0,0,valid
2645,720781054,*C(=O)c1ccc2c(c1)C(=O)N(c1ccc(Oc3cc4ccccc4cc3Oc3ccc(N4C(=O)c5ccc(*)cc5C4=O)cc3)cc1)C2=O,0.37047012,87,2,39,7,2,5,valid
4592,1239672440,*CCCOc1ccc(C(=O)OC(=O)c2ccc(O*)cc2)cc1,0.34021913,38,2,17,5,0,2,valid
782,219718402,*Nc1ccc(CCc2cc(CCc3ccc(N)cc3)cc(CCc3ccc(N*)cc3)c2)cc1,0.35342866,53,2,30,0,3,0,valid
1737,469170848,*COC(=O)OCC1OC(OCC)OC1*,0.32726581,23,2,8,6,0,1,valid
6915,1871349402,*Oc1ccc(S(=O)(=O)c2ccc(Oc3ccc(C=NN=Cc4ccc(*)cc4)cc3)cc2)cc1,0.37217659,59,2,26,4,2,4,valid
6902,1869058674,*Nc1ccc(C(C)(Cc2ccccc2)c2ccc(N*)cc2)cc1,0.35508856,39,2,21,0,2,0,valid
6994,1891219046,*Nc1ccc(-c2cccc(-c3ccccc3N*)c2)cc1C1=CCCCC1,0.35958468,43,2,24,0,2,1,valid
121,35399593,*N=P(*)(Oc1ccc(C)cc1)Oc1ccc(C)cc1,0.39264145,33,2,14,2,1,1,valid
3440,942234134,*Oc1ccc(C(c2ccc(OP3(Oc4ccc(C(=O)OC)cc4)=NP(Oc4ccc(C(=O)OC)cc4)(Oc4ccc(C(=O)OC)cc4)=NP(*)(Oc4ccc(C(=O)OC)cc4)=N3)cc2)(C(F)(F)F)C(F)(F)F)cc1,0.34107289,138,2,47,14,3,7,valid
7946,2141743526,*C=Cc1ccc2c(c1)Sc1cc(-c3ccc(-c4ccc(-c5ccc6c(c5)Sc5cc(*)ccc5N6c5ccc(OCCCCCCCCCCCC)cc5)s4)s3)ccc1N2c1ccc(OCCCCCCCCCCCC)cc1,0.42062022,120,2,68,2,2,1,valid
3574,974977615,*CCCCCC(=O)Oc1ccc(C2(c3ccc(OC(=O)c4ccc5c(c4)C(=O)N(*)C5=O)cc3)CCCCC2)cc1,0.35101165,72,2,33,6,1,4,valid
4887,1323225597,*c1cccc(N2C(=O)c3cccc(Oc4ccc(S(=O)(=O)c5ccc(Oc6cccc7c6C(=O)N(*)C7=O)cc5)cc4)c3C2=O)c1,0.36430041,85,2,34,8,2,6,valid
2196,594803927,*OC(C)C(=O)OCC(*)=O,0.31804756,19,2,5,4,0,2,valid
2614,709886400,*Nc1cc(NC(=O)c2ccc(C(*)=O)cc2)cc(-c2nc3ccccc3[nH]2)c1,0.35887119,53,2,21,2,4,2,valid
963,263279017,*c1ccc(OC(=O)c2cccc(C(=O)Oc3ccc(C4(*)C(=O)Nc5ccccc54)cc3)c2)cc1,0.35442058,63,2,28,5,1,3,valid
7665,2068084714,*C(=O)NCC(C)(C)CNC(=O)c1ncn(C)c1*,0.33746625,33,2,11,2,4,2,valid
5215,1415337639,*CCOCCOCCOCCOC(=O)c1ccc(-c2ccc(-c3ccc(C(=O)O*)cc3)cc2)cc1,0.3414643,57,2,28,7,0,2,valid
6062,1644429324,*CCCCCCCCOc1ccc(C=Cc2cc(OCCCCCCCC)c(C=Cc3ccc(O*)cc3)cc2OCCCCCCCC)cc1,0.38771383,68,2,46,4,0,2,valid
5211,1413610901,*Oc1ccc(OC(=O)c2cc(OCCCCCCCOCC3CCCN3c3ccc([N+](=O)[O-])cc3)c(C(*)=O)cc2OCCCCCCCOCC2CCCN2c2ccc([N+](=O)[O-])cc2)cc1,0.35542806,114,2,50,12,4,4,valid
6983,1888415409,*c1cccc(N2C(=O)C(=O)N(c3ccc(Cc4ccc(N5C(=O)C(=O)N(*)C5=O)cc4)cc3)C2=O)n1,0.36326196,71,2,24,6,5,6,valid
7245,1956893558,*c1ccc(Oc2ccc(-c3nnc(*)o3)cc2)cc1,0.40011627,33,2,14,2,2,0,valid
4950,1340852987,*CC(*)(C)C(=O)OCC[N+](C)(C)CCCCS(=O)(=O)O,0.45104433,41,2,12,5,1,3,valid
2016,543958331,*CCN(CCOC(=O)Nc1ccc(C)c(NC(=O)O*)c1)c1ccc(N=Nc2ccc([N+](=O)[O-])cc2C)cc1,0.35345752,72,2,26,6,6,4,valid
3637,987280139,*c1ccc(Oc2ccc(S(=O)(=O)c3ccc(Oc4ccc(-c5nc(-c6ccccc6)[nH]c5*)cc4)cc3)cc2)cc1,0.39015986,75,2,33,4,2,2,valid
3612,982448073,*CCCCCCOC(=O)C(=O)O*,0.33558333,20,2,8,4,0,2,valid
7932,2137189788,*CCCCCCOC(=O)Nc1ccc(NC(=O)OCCCCCCOc2ccc(-c3ccc(O*)cc3)cc2)c(C)c1,0.34994782,64,2,33,6,2,2,valid
6799,1845417873,*c1cccc(P(C)(=O)c2cccc(N3C(=O)c4ccc(NC(=O)OCCOc5c(Br)cc(C(C)(C)c6cc(Br)c(OCCOC(=O)Nc7ccc8c(c7)C(=O)N(*)C8=O)c(Br)c6)cc5Br)cc4C3=O)c2)c1,0.37581743,135,2,50,11,4,7,valid
3420,936563267,*C(=O)c1ccc(Oc2ccc(-c3ccc(Oc4ccc(C(=O)c5ccc6c(c5)C(=O)N(c5ccc(Cc7ccc(N8C(=O)c9ccc(*)cc9C8=O)cc7)cc5)C6=O)cc4)cc3)cc2)cc1,0.37592453,120,2,55,8,2,6,valid
6738,1827383703,*Nc1ccc(C(c2ccc(NC(=O)c3ccc(-c4ccc(C(*)=O)c(C)c4)cc3C)cc2)(C(F)(F)F)C(F)(F)F)cc1,0.36225344,80,2,31,2,2,2,valid
1681,454048621,*Nc1ccc(/C=C/c2ccc3cc(/C=C/c4ccc(N*)cc4)ccc3c2)cc1,0.35285493,50,2,26,0,2,2,valid
5861,1588749798,*CC(=C)COCC(=C)COC(=O)O*,0.3369446,24,2,9,4,0,3,valid
3168,860722279,*O[Si](C)(CCC(F)(F)F)O[Si](C)(CCC(F)(F)F)O[Si](C)(CCC(F)(F)F)CCC(F)(F)C(F)(F)C(F)(F)C(F)(F)C(F)(F)C(F)(F)CC[Si](*)(C)CCC(F)(F)F,0.38225238,127,2,26,3,0,0,valid
6975,1887357028,*C=Cc1ccc(*)c(OCc2cc(OCCC(C)CCCC(C)C)cc(OCC(CC)CCCC)c2)c1,0.38283188,57,2,33,3,0,1,valid
4381,1180333206,*CCCCNC(=O)CCCCC(=O)N*,0.32958527,22,2,10,2,2,2,valid
4071,1100790418,*Oc1ccc(-c2ccc(Oc3ccc(Oc4ccc(S(=O)(=O)c5ccc(Oc6ccc(*)cc6)cc5)cc4)cc3)c3ccccc23)c2ccccc12,0.3844144,88,2,44,6,0,2,valid
118,34546505,*Oc1cccc(Oc2ccc(C(=O)c3ccc(P(=O)(c4ccccc4)c4ccc(C(=O)c5ccc(*)cc5)cc4)cc3)cc2)c1,0.37794539,79,2,38,5,0,3,valid
30,6259923,*NC1=C(c2ccc(O)cc2OC)[C@@H](N*)c2c(N)ccc(N)c21,0.32877014,46,2,16,2,4,1,valid
6207,1683593138,*C(=O)c1ccc2c(c1)C(=O)N(c1ccc(-c3ccccc3N3C(=O)c4ccc(*)cc4C3=O)cc1)C2=O,0.37532508,70,2,29,5,2,5,valid
4112,1112220366,*CC(*)(C)C(=O)OCc1cccc(Cl)c1Cl,0.35611555,30,2,11,2,0,1,valid
4251,1148967455,*Nc1ccc2ccc3c(-c4ccc5ccc6ccccc6c5c4N*)cccc3c2c1,0.35015279,47,2,28,0,2,0,valid
4319,1162303824,*Oc1ccc(C(=O)c2cccc(NC(=O)c3cccc(C(=O)Nc4ccc(C(=O)c5ccc(*)cc5)cc4)c3)c2)cc1,0.35641643,75,2,34,5,2,4,valid
7479,2021130143,*Nc1ccc([C@]2(C)CC(C)(C)c3cc(N*)c(N)c(N)c32)c(N)c1N,0.35556128,51,2,18,0,6,0,valid
847,235587729,*c1ccc(CC(=O)Nc2ccc(S(=O)(=O)c3ccc(NC(=O)Cc4ccc(-c5sc(*)c(-c6ccccc6)c5-c5ccccc5)cc4)cc3)cc2)cc1,0.37882713,95,2,44,4,2,4,valid
4487,1208748565,*CC(*)C(=O)OCCN(CC)c1ccc(N=Nc2ccc([N+](=O)[O-])cc2)cc1,0.36721657,54,2,19,4,4,3,valid
654,182042962,*C=CC(*)(C)c1ccccc1,0.37130723,19,2,10,0,0,1,valid
1391,373831673,*CCCC(=O)N*,0.31089518,11,2,4,1,1,1,valid
2958,803775586,*CC(*)C1CCC(C)CC1,0.39863974,17,2,9,0,0,0,valid
2066,555506282,*Oc1c(C)cc(C2(c3cc(C)c(Oc4ccc(C(=O)c5ccc(*)cc5)cc4)c(C)c3)CCC3CCCCC3C2)cc1C,0.41226899,75,2,39,3,0,1,valid
3262,890286804,*c1ccc2c(c1)C(=O)N(c1ccc(Oc3ccc4ccc(Oc5ccc(N6C(=O)c7ccc(C(*)(C(F)(F)F)C(F)(F)F)cc7C6=O)cc5)cc4c3)cc1)C2=O,0.38094303,105,2,41,6,2,4,valid
6844,1855109187,*OC(C)C#CC#CC(C)OC(=O)c1ccc(C(*)=O)cc1,0.39611075,38,2,16,4,0,2,valid
611,169582663,*CC(*)(C)C(=O)OCCN(C)c1ccc(N=Nc2ccc([N+](=O)[O-])cc2)cc1,0.36754584,56,2,19,4,4,3,valid
6167,1673426681,*CC(*)(C)C(=O)OCCS(=O)CC,0.3575264,24,2,8,3,0,2,valid
2142,579371916,*Nc1ccc(C2(c3ccc(N*)cc3)CCC(C)CC2)cc1,0.35879292,37,2,19,0,2,0,valid
5470,1483068354,*Nc1ccc(-c2cccc3ccccc23)c(-c2cccc3ccccc23)c1N*,0.36015799,46,2,26,0,2,0,valid
7404,2002425196,*CC(*)(C)C(=O)OCCCCCCCCCCn1c2ccccc2c2cc(C=C(C#N)c3ccc([N+](=O)[O-])cc3)ccc21,0.3617365,76,2,34,4,2,3,valid
4491,1209050565,*CC(O)C(O)CN(*)c1ccc(N(C)C)cc1,0.36101121,30,2,12,2,2,0,valid
2586,701980913,*Sc1cccc(Sc2ccc(Sc3ccc(*)cc3)cc2)c1,0.39236432,35,2,15,0,0,0,valid
7683,2071858672,*Nc1cc(C)c(Cc2ccc(CCCCCCCCCCCCCCCCCCc3ccc(Cc4c(C)cc(N*)cc4C)cc3)cc2)c(C)c1,0.36539585,74,2,48,0,2,0,valid
7800,2102738323,*Oc1ccc(C(=O)c2ccc(OC(=O)c3ccc(C(C)(C)c4ccc(C(*)=O)cc4)cc3)cc2)cc1,0.35881201,66,2,30,5,0,3,valid
4066,1099611212,*CC(C)(C)CO*,0.38553594,12,2,5,1,0,0,valid
5581,1513913960,*CC(*)(C)C(=O)OCCCCCCOc1ccc(OC(=O)c2ccc(-c3ccc(OC)cc3)cc2)cc1,0.34280149,61,2,30,6,0,2,valid
7046,1905028152,*Nc1ccc(Cc2ccc(-c3ccccc3Cc3ccc(N*)cc3)cc2)cc1,0.35309577,45,2,26,0,2,0,valid
387,106795224,*CCCCCCCCCCCC(=O)Oc1ccc(C2(c3ccc(OC(=O)c4ccc5c(c4)C(=O)N(*)C5=O)cc3)CCCCC2)cc1,0.35744625,78,2,39,6,1,4,valid
4879,1321705347,*OP(=O)(Oc1ccccc1)OC(CCl)COc1ccc(S(=O)(=O)c2ccc(OCC(*)CCl)cc2)cc1,0.35156893,65,2,24,8,0,3,valid
5950,1613873087,*c1cccc(NC(=O)CCCCCCCCC(=O)Nc2cccc(S(*)(=O)=O)c2)c1,0.34846813,51,2,22,4,2,4,valid
1811,487601527,*Oc1ccc(S(=O)(=O)c2ccc(Oc3ccc(-c4ccc(Oc5ccc(C(=O)c6ccc(*)cc6)cc5)cc4)cc3)cc2)cc1,0.37208574,80,2,37,6,0,3,valid
6816,1849374402,*Oc1cc(Br)cc(Br)c1*,0.446758,19,2,6,1,0,0,valid
7473,2020299176,*Oc1ccc(C(=O)Nc2ccc(Cc3ccc(NC(=O)c4ccc(Oc5ccc(C(=O)c6ccc(S(=O)(=O)c7ccc(C(=O)c8ccc(*)cc8)cc7)cc6)cc5)cc4)cc3)cc2)cc1,0.36431498,116,2,53,8,2,6,valid
3435,940977758,*c1ccc(Oc2ccc(-c3cc(-c4ccccc4)c4cc(C5(c6ccc7nc(*)cc(-c8ccccc8)c7c6)c6ccccc6-c6ccccc65)ccc4n3)cc2)cc1,0.42211202,100,2,55,1,2,0,valid
6539,1778806349,*OC(CCCCCC)CC(*)=O,0.37673739,18,2,9,2,0,1,valid
2302,626677373,*Nc1ccc2c(C)cc(N*)c(C)c2c1,0.3446566,26,2,12,0,2,0,valid
7061,1908228365,*CCCCCCC(=O)NCc1ccc(CNC(=O)CCCCCCS*)cc1,0.36267887,39,2,22,2,2,2,valid
2432,664999383,*CCCCCCCCCCCCOc1ccc(C(C)Cc2ccc(-c3ccc(O*)cc3)cc2)cc1,0.38201502,52,2,33,2,0,0,valid
100,26995134,*Nc1ccc(/C=C/c2ccc(N*)cc2)cc1,0.34415534,29,2,14,0,2,1,valid
3225,879566898,*Cc1c(C)c(C)c(CNC(=O)CCCC(=O)N*)c(C)c1C,0.33742347,39,2,17,2,2,2,valid
4898,1328109466,*CCCC1CC(=O)N(*)C(=O)C1,0.32853402,23,2,8,2,1,2,valid
6615,1796975944,*Nc1ccc(NC(=O)c2cc(-c3ccc(C(=O)OCC)c(C(*)=O)c3)ccc2C(=O)OCC)cc1,0.34355176,63,2,26,6,2,4,valid
2541,689573357,*CC(*)c1ccc([Si](O[Si](C)(C)C)(O[Si](C)(C)C)O[Si](C)(C)C)cc1,0.48916637,60,2,17,3,0,0,valid
3321,908812975,*Oc1ccc(N(c2ccc(OC)cc2)c2ccc3ccc(N(c4ccc(*)cc4)c4ccc(OC)cc4)cc3c2)cc1,0.41219974,69,2,36,3,2,0,valid
699,195040498,*Oc1ccc(C2(c3ccc(Oc4ccc(C(=O)c5ccc(*)cc5)cc4)cc3)CCC3CCCCC3C2)cc1,0.387972,65,2,35,3,0,1,valid
77,20273521,*CC(CN1C(=O)C2C3C=CC(C3)C2C1=O)O*,0.34392035,33,2,12,3,1,3,valid
1003,273593115,*c1ccc(-c2ccc(N3C(=O)c4ccc(-c5cccc6c5C(=O)N(*)C6=O)cc4C3=O)cc2C)c(C)c1,0.39155142,70,2,30,4,2,4,valid
3787,1027925897,*CCOCCOCCOC(=O)CCSCCC(=O)O*,0.34274002,27,2,12,6,0,2,valid
6041,1638921879,*Oc1ccc(CC(NC(=O)CCc2ccc(OC(=O)COCCOCC(*)=O)cc2)C(=O)OCC(C)C)cc1,0.3422569,64,2,28,9,1,4,valid
5123,1389236508,*CC(*)(C)C(=O)OC(COc1cc2ccccc2c2ccccc12)COc1cc2ccccc2c2ccccc12,0.34422999,62,2,35,4,0,1,valid
6728,1824329781,*Oc1ccc(-c2ccc(Oc3ccc(C(=O)c4ccc(*)cc4)cc3)cc2)cc1,0.37378543,50,2,25,3,0,1,valid
4407,1186744234,*CCCc1ccc(-c2c(-c3ccccc3)cc(-c3cccc(-c4cc(-c5ccccc5)c(-c5ccc(*)cc5)c(-c5ccccc5)c4-c4ccccc4)c3)c(-c3ccccc3)c2-c2ccccc2)cc1,0.4003854,121,2,69,0,0,0,valid
4374,1178789985,*Nc1ccc(-c2ccccc2Cc2ccccc2-c2ccc(N*)cc2)cc1,0.351946935,43,2,25,0,2,0,valid
1076,291499422,*CC(CCCC)COC(=O)NC(=O)c1cccc(C(=O)NC(=O)O*)c1,0.32018631,45,2,17,6,2,4,valid
988,269527017,*CCN(CCOC(=O)c1cccc(C(=O)O*)c1)c1ccc(N=Nc2ccc(-c3nc4ccc([N+](=O)[O-])cc4n3CC)cc2)cc1,0.36042586,84,2,33,6,6,4,valid
5292,1438275910,*c1ccc(Oc2ccc(-c3csc(N=Cc4ccc(OCCCCCCCCOc5ccc(C=Nc6nc(*)cs6)cc5)cc4)n3)cc2)cc1,0.37304106,78,2,40,3,4,2,valid
7437,2008605500,*CC(C)(CO*)COCCC#N,0.38263098,18,2,8,2,1,0,valid
5772,1565790126,*CCCCCCOC(=O)OCCCCCOC(=O)OCCCCCCOc1ccc(Oc2ccc(O*)cc2)cc1,0.35226204,56,2,31,9,0,2,valid
334,92946122,*C(=O)Nc1ccc(Oc2ccc(NC(=O)c3ccc4c(c3)C(=O)N(c3ccc(Oc5ccc(N6C(=O)c7ccc(*)cc7C6=O)cc5-c5ccccc5)c(-c5ccccc5)c3)C4=O)cc2)cc1,0.36600725,120,2,54,8,4,6,valid
5520,1498613996,*c1ccc2c(c1)C(CCCCCC)(CCCCCC)c1cc(-c3cc(CCCCCCCC)c(*)cc3CCCCCCCC)ccc1-2,0.41835338,71,2,47,0,0,0,valid
3267,890993359,*CCCCCCC(=O)Oc1ccc(OC(=O)c2ccc3c(c2)C(=O)N(*)C3=O)c(C)c1,0.3439212,56,2,23,6,1,4,valid
498,138809640,*CC(*)OC(=O)c1ccccc1Cl,0.35127788,22,2,9,2,0,1,valid
4519,1217226410,*CC(*)C(=O)c1ccc(OC)cc1,0.34949255,23,2,10,2,0,1,valid
3531,965608760,*Oc1ccc(NC(=O)CCCCCC(=O)Nc2ccc(*)cc2)cc1,0.33920775,40,2,19,3,2,2,valid
4070,1100342042,*Nc1ccc2c(c1)[C@]1(c3ccccc3-2)c2cc(N*)ccc2-c2ccc(C(C)(C)C)cc21,0.3907835,62,2,29,0,2,0,valid
3346,915909655,*CC(*)(CC(=O)OC)C(=O)OC12CC3CC(CC(C3)C1)C2,0.37783312,42,2,16,4,0,2,valid
6595,1792336093,*O[Si](C)(C)O[Si](C)(C)O[Si](C)(C)O[Si](C)(C)O[Si](C)(C)C#Cc1ccc(C#C[Si](*)(C)C)cc1,0.46291081,83,2,22,5,0,0,valid
5871,1591544351,*C(C#N)=Cc1cc(OCCCCCCCCCCCCCCCC)c(C=C(C#N)c2cc(OCCCCCCCCCCCCCCCC)c(*)cc2OC)cc1OC,0.39805364,80,2,52,4,2,2,valid
7836,2111449660,*Nc1ccc(-c2ccc(-c3ccc(N*)c(-c4cc(C)ccc4C)c3-c3cc(C)ccc3C)cc2)cc1,0.37917526,64,2,34,0,2,0,valid
3234,881286368,*c1ccc2c(c1)C(=O)N(c1cc(C(c3ccc(OCCN(CC)c4ccc(N=Nc5ccc([N+](=O)[O-])cc5)cc4)c(N4C(=O)c5ccc(C(*)(C(F)(F)F)C(F)(F)F)cc5C4=O)c3)(C(F)(F)F)C(F)(F)F)ccc1OCCN(CC)c1ccc(N=Nc3ccc([N+](=O)[O-])cc3)cc1)C2=O,0.37188256,196,2,66,10,10,8,valid
4708,1267231154,*C(=O)Nc1cccc(NC(=O)c2ccc3c(c2)C(=O)N(c2cc(-c4nc5ccccc5s4)cc(N4C(=O)c5ccc(*)cc5C4=O)c2)C3=O)n1,0.36524921,94,2,36,6,6,6,valid
5272,1432698021,*CC(*)OC(=O)c1ccc([Si](C)(C)C)cc1,0.40244256,33,2,12,2,0,1,valid
4960,1344066127,*CCCCCCCCCCOc1ccc(CCc2ccc(O*)cc2C)cc1,0.3784776,37,2,25,2,0,0,valid
5682,1541529952,*c1ccc(C2(c3ccc(N4C(=O)C(c5ccccc5)=C(c5ccc(C6=C(c7ccccc7)C(=O)N(*)C6=O)cc5)C4=O)cc3)c3ccccc3-c3ccccc32)cc1,0.42593569,106,2,51,4,2,6,valid
5557,1508323114,*OC1CCC(OC(=O)CCCCCCCCC(*)=O)CC1,0.35688418,32,2,16,4,0,2,valid
412,113181684,*C/C=C\C[Si](*)(C)C,0.41205158,19,2,6,0,0,1,valid
3846,1044295958,*OC(=O)C(Cc1ccccc1)NC(=O)CCCCC(=O)NC(Cc1ccccc1)C(=O)OC1COC2C(*)COC12,0.33895751,68,2,30,8,2,4,valid
7034,1900387245,*Oc1ccc(-c2ccc(-c3ccc(Oc4ccc(C(C)(C)c5ccc(*)cc5)cc4)c(C(F)(F)F)c3)cc2)cc1C(F)(F)F,0.37983546,81,2,35,2,0,0,valid
2865,780752652,*Nc1cc2c(cc1N*)[C@@]1(C)c3cc(N)c(N)cc3[C@@]3(C)c4cc(N)c(N)cc4[C@]2(C)[C@]31C,0.40071937,76,2,26,0,6,0,valid
7303,1971998855,*Cc1cccc(COC(=O)Nc2ccc(Cc3ccc(NC(=O)O*)cc3)cc2)c1,0.34243796,49,2,23,4,2,2,valid
3820,1036443335,*NNC(=O)C=CC(=O)NCCCCCCNC(=O)C=CC(*)=O,0.30930644,38,2,14,4,4,6,valid
5832,1581284687,*Nc1ccc(C2(c3ccc(N*)cc3)CC2)cc1,0.35420303,31,2,15,0,2,0,valid
7300,1971561670,*CCCCCCNC(=O)CCCCC(=O)N*,0.33903345,24,2,12,2,2,2,valid
7491,2024808471,*CC(F)(F)C(F)(F)C(F)(F)COC(=O)c1cccc(-c2cccc(C(=O)O*)c2)c1,0.33493908,58,2,19,4,0,2,valid
2616,711711106,*c1ccc(Oc2c(C)cc(Cc3cc(C)c(Oc4ccc(N5C(=O)c6ccc(-c7ccc8c(c7)C(=O)N(*)C8=O)cc6C5=O)cc4)c(C)c3)cc2C)cc1,0.3857049,100,2,45,6,2,4,valid
3696,1001439258,*c1ccc(Oc2cccc(Oc3ccc(N4C(=O)c5ccc(Oc6ccc(C(C)(C)c7ccc(Oc8ccc9c(c8)C(=O)N(*)C9=O)cc7)cc6)cc5C4=O)cc3)c2C#N)cc1,0.37485348,110,2,50,8,3,4,valid
3996,1081296468,*O[Si](*)(C)OCCOCCOCCOCCOCCOCCOCCOCCOC,0.36497131,38,2,18,10,0,0,valid
2159,584442637,*CC(OC)C(C(=O)O)C(*)C(=O)O,0.27178974,26,2,7,5,0,2,valid
5606,1519364280,*CCC(C)O[Si](C)(C)O*,0.39779568,20,2,6,2,0,0,valid
5051,1370228225,*CCCCC(c1ccc(O)cc1)C(*)c1ccc(O)cc1C,0.35379237,35,2,19,2,0,0,valid
3385,926490158,*c1ccc2c(c1)C(CCCCCC)(CCCCCC)c1cc(-c3ccc4c(c3)c3cc(*)ccc3n4-c3ccccc3)ccc1-2,0.39925527,75,2,43,0,1,0,valid
2190,593363809,*C(F)(F)C(=O)NCCCCCCNS(*)(=O)=O,0.33449777,31,2,8,3,2,3,valid
1352,366967975,*Nc1ccc(Cc2ccccc2-c2ccccc2Cc2ccc(N*)cc2)cc1,0.35066059,43,2,26,0,2,0,valid
3333,913368014,*CC(OC)C(C(=O)OC)C(*)C(=O)OC,0.33997342,28,2,9,5,0,2,valid
2573,699007218,*C#CC#Cc1cc(C(C)(C)C)cc2c3cc(C(C)(C)C)cc(*)c3n(CCCCCCCCCCCCCCCC)c12,0.41367738,67,2,40,0,1,0,valid
7790,2101703893,*N=P(*)(OCCCCC)OCCCCC,0.4064028,21,2,10,2,1,1,valid
6638,1804539920,*c1ccc(Sc2cc3c(cc2Sc2ccc(N4C(=O)c5ccc(Oc6ccc7c(c6)C(=O)N(*)C7=O)cc5C4=O)cc2)C(=O)N(c2ccc(CC)cc2)C3=O)cc1,0.38009761,104,2,42,7,3,6,valid
6052,1640890711,*c1ccc(Oc2ccc(N3C(=O)c4ccc(Oc5ccc6c(c5)C(=O)N(*)C6=O)cc4C3=O)cc2)cc1,0.37216457,68,2,28,6,2,4,valid
7801,2102908349,*C1=C(c2ccc(-c3ccc4c(c3)C(CCCCCC)(CCCCCC)c3cc(-c5ccc(*)cc5)ccc3-4)cc2)C(=O)N(CCCC)C1=O,0.39850334,86,2,45,2,1,3,valid
171,51939851,*c1ccc(Oc2ccc(C(c3ccc(Oc4ccc(-c5nnc(*)n5-c5ccccc5)cc4)cc3)(C(F)(F)F)C(F)(F)F)cc2)cc1,0.38673273,84,2,35,2,3,0,valid
2126,575252558,*Oc1cccc(C(F)(F)C(F)(F)C(F)(F)c2cccc(OC(*)=O)c2)c1,0.33862324,50,2,16,3,0,1,valid
5986,1623930170,*c1ccc(Oc2ccc(-c3ccc(Oc4ccc(N5C(=O)c6ccc(Oc7ccc(C(c8ccc(Oc9ccc%10c(c9)C(=O)N(*)C%10=O)cc8)(C(F)(F)F)C(F)(F)F)cc7)cc6C5=O)cc4)cc3)cc2)cc1,0.36693527,136,2,55,8,2,4,valid
1180,315696598,*CCOCCOC(=O)C(CCC)C(=O)O*,0.3478015,25,2,10,5,0,2,valid
1581,427272579,*CC(*)C(=O)OC1CCCCCCCCCCC1,0.37215946,26,2,15,2,0,1,valid
1033,283523819,*C(C#N)=Cc1cc(OCCCCCCCC)c(C=C(C#N)c2cc(OCCCCCCCC)c(*)cc2OC)cc1OC,0.39126569,64,2,36,4,2,2,valid
1496,401382872,*CC(C)(C)COC(=O)c1ccc(-c2ccc(-c3ccc(C(=O)O*)cc3)cc2)cc1,0.35328142,55,2,25,4,0,2,valid
3261,890273694,*C1Oc2ccccc2C1*,0.40215636,15,2,8,1,0,0,valid
2811,764326592,*C=CCC(C*)(C(=O)OC12CC3CC(CC(C3)C1)C2)C(=O)OC12CC3CC(CC(C3)C1)C2,0.379025,64,2,27,4,0,3,valid
7575,2046956333,*Nc1ccc(-c2ccc(N*)c(C(c3cc(-c4ccc(N)cc4)ccc3N)(c3cc(-c4ccc(N)cc4)ccc3N)c3cc(-c4ccc(N)cc4)ccc3N)c2)cc1,0.34585373,101,2,49,0,8,0,valid
568,156526173,*CC(*)(C)C(=O)OCCCCCCCCCCn1c2ccccc2c2cc(C=CC3=C(C#N)C(=C(C#N)C#N)OC3(C)C)ccc21,0.37456116,78,2,37,3,3,4,valid
2604,707792324,*CC(*)(C)C(=O)OC(COc1ccc(-c2ccccc2)cc1)COc1ccc(-c2ccccc2)cc1,0.34956652,60,2,31,4,0,1,valid
6511,1770296397,*Nc1ccc(C(C)(CC[C@](C)(c2ccc(N*)cc2)c2cccc(N)c2)c2ccc(N)cc2)cc1,0.36112201,63,2,30,0,4,0,valid
7445,2012503945,*CC(*)OCCOc1ccc(C=C(C#N)C(=O)OC)cc1,0.34910915,35,2,15,4,1,2,valid
4331,1166324163,*c1ccc(Oc2ccc(Oc3ccc(N4C(=O)C5CCC6C(=O)N(*)C(=O)C6C5C4=O)cc3)cc2)cc1,0.36688453,68,2,28,6,2,4,valid
2502,679930104,*Oc1ccc(NC(=O)c2cc(-c3ccc(C(=O)O)c(C(=O)Nc4ccc(*)cc4)c3)ccc2C(=O)O)cc1,0.32759097,70,2,28,7,2,4,valid
5221,1417054451,*Nc1ccc(/C=C/c2ccc(N*)c(-c3ccccc3)c2-c2ccccc2)cc1,0.36615587,49,2,26,0,2,1,valid
844,234741357,*CCCCCCOC(=O)NNC(=O)CCCCCCCCC(=O)NNC(=O)O*,0.34015211,42,2,18,6,4,4,valid
5117,1388167094,*C1c2cccc3cccc(c23)C1*,0.40696221,22,2,12,0,0,0,valid
4580,1236698324,*c1cccc(C(c2cccc(N3C(=O)c4ccc(Oc5ccc6c(c5)C(=O)N(*)C6=O)cc4C3=O)c2)(C(F)(F)F)C(F)(F)F)c1,0.36984267,88,2,31,5,2,4,valid
3237,882891483,*C(=O)Nc1cc(NC(=O)c2cccc(*)n2)cc(-c2nnc(-c3ccccn3)o2)c1,0.38275614,55,2,20,3,6,2,valid
1501,402151358,*Nc1ccc(C2(c3ccc(NC(=O)c4cc(NC(=O)C56CC7CC(CC(C7)C5)C6)cc(C(*)=O)c4)cc3)c3ccccc3-c3ccccc32)cc1,0.37622142,94,2,44,3,3,3,valid
1849,499947957,*Oc1ccc(C(c2ccc(Oc3ccc(C(=O)c4ccc(*)cc4)cc3)cc2)c2ccccc2C(=O)O)cc1,0.37386948,66,2,33,5,0,2,valid
2229,604209273,*Nc1c2ccccc2c(-c2c3ccccc3c(N*)c3cccc(-c4cccc5ccccc45)c23)c2c(-c3cccc4ccccc34)cccc12,0.37421726,83,2,48,0,2,0,valid
1029,281920156,*CC(*)C(=O)OCCCCCC(=O)Oc1ccc(-c2ccc(C#N)cc2)cc1,0.34688893,47,2,22,4,1,2,valid
3008,816729790,*Nc1ccc(C(c2ccc(N)cc2)(c2ccc(N)cc2)c2ccc(N*)cc2)cc1,0.36920269,51,2,25,0,4,0,valid
4348,1171030201,*Oc1ccc(C(C#N)(c2ccccc2)c2ccc(OC(*)=O)cc2)cc1,0.36601192,45,2,21,3,1,1,valid
2660,722996762,*C(=O)Nc1ccc(C(=O)Nc2ccc(NC(=O)c3ccc4[nH]c(-c5ccc(-c6nc7cc(*)ccc7[nH]6)cc5)nc4c3)cc2)cc1,0.37298287,88,2,35,3,7,3,valid
4456,1201779173,*Nc1ccc(C2(c3ccc(N*)cc3)C=CC(c3ccccc3)C=C2)cc1,0.3550972,46,2,24,0,2,2,valid
5763,1563303704,*Nc1ccc2c(c1)c(-c1ccc(C)cc1)c(-c1ccc(C)cc1)c1c3cccc(N*)c3c3ccc4ccccc4c3c21,0.37838795,74,2,40,0,2,0,valid
3020,819812613,*Nc1ccc(Cc2ccc(N*)c(-c3ccccc3)c2-c2ccccc2)c(-c2ccccc2)c1-c1ccccc1,0.37242731,65,2,37,0,2,0,valid
6933,1876018160,*c1ccc(Oc2ccc(C(C)(C)c3ccc(Oc4ccc(-c5nnc(*)n5-c5ccccc5)cc4)cc3)cc2)cc1,0.38502718,70,2,35,2,3,0,valid
526,146221251,*c1ccc2c(c1)C(=O)N(c1ccc(Oc3ccc(N4C(=O)c5ccc(C(*)O[Si](C)(C)C)cc5C4=O)cc3)cc1)C2=O,0.41117013,82,2,32,6,2,4,valid
1102,296474292,*C(F)(F)C(*)(F)OC(F)(F)C(F)(F)F,0.3417127,31,2,4,1,0,0,valid
5747,1560564433,*Nc1ccc2c(c1)[C@@H]1c3cc(N*)ccc3[C@@H]3c4ccccc4[C@H]2[C@@]31C,0.3710363,61,2,23,0,2,0,valid
6536,1778072997,*c1ccc(Oc2ccc(S(=O)(=O)c3ccc(Oc4ccc(C5(*)OC(=O)c6ccccc65)cc4C)cc3)cc2)c(C)c1,0.38660473,76,2,34,6,0,3,valid
5188,1406114427,*Nc1ccc([C@H](C=C)c2ccc(C3(c4ccc([C@@H](C=C)c5ccc(N*)cc5)cc4)CCC(CCCC)CC3)cc2)cc1,0.36703684,81,2,40,0,2,2,valid
3217,875508039,*Nc1ccc(-c2ccc(N*)c(-c3ccc4ccccc4c3)c2-c2ccc3ccccc3c2)c(-c2ccc3ccccc3c2)c1-c1ccc2ccccc2c1,0.3677538,89,2,52,0,2,0,valid
7523,2033646210,*Nc1cccc(-c2cc(-c3ccccc3C)c(-c3ccccc3C)c(-c3ccccc3)c2-c2ccccc2)c1N*,0.3749928,67,2,38,0,2,0,valid
4289,1156161130,*Nc1ccc(C2=CC[C@@](N*)(c3ccccc3)C=C2)cc1,0.34164757,40,2,18,0,2,2,valid
1011,277986602,*Oc1ccc(Oc2ccc(C=NCCCCCCCCCCN=Cc3ccc(*)cc3)cc2)cc1,0.37760079,50,2,30,2,2,2,valid
6029,1635294822,*c1ccc(Oc2ccc(Sc3ccc(Oc4ccc(N5C(=O)c6ccc(Oc7ccc(Sc8ccc(Oc9ccc%10c(c9)C(=O)N(*)C%10=O)cc8)cc7)cc6C5=O)cc4)cc3)cc2)cc1,0.36662186,116,2,50,8,2,4,valid
4830,1305829895,*CCCCCCCCNC(=O)C(OC)C(OC)C(=O)N*,0.3476494,32,2,14,4,2,2,valid
5767,1564406631,*c1ccc(Oc2ccc(N3C(=O)c4cccc(Oc5ccc(S(=O)(=O)c6ccc(Oc7cccc8c7C(=O)N(*)C8=O)cc6)cc5)c4C3=O)cc2)cc1,0.36611669,96,2,40,9,2,6,valid
2034,549125416,*Oc1ccc(-c2ccc(OC(*)(Oc3ccccc3)Oc3ccccc3)cc2)cc1,0.36489769,48,2,25,4,0,0,valid
3727,1012240056,*c1ccc(C(c2ccc(N3C(=O)c4ccc(Oc5ccc6c(c5)C(=O)N(*)C6=O)cc4C3=O)cc2)(C(F)(F)F)C(F)(F)F)cc1,0.38527977,88,2,31,5,2,4,valid
289,82633177,*C1Cc2ccccc2C1*,0.42698874,15,2,9,0,0,0,valid
1379,371572748,*CCCC(C)(C)CNC(=O)c1cccc(C(=O)N*)c1,0.34209913,35,2,15,2,2,2,valid
6308,1707460536,*Nc1ccc(-c2ccc(N*)c(-c3cccc4ccccc34)c2)cc1,0.34848599,42,2,22,0,2,0,valid
4368,1177484221,*c1cc(C(=O)Nc2ccc(-c3nnc(*)o3)cc2)cc(N2C(=O)c3ccccc3C2=O)c1,0.3700457,59,2,23,4,4,3,valid
3307,905076848,*CC(*)(C)C(=O)Oc1ccc(N=Nc2ccc(C#N)cc2)cc1,0.37991064,41,2,17,2,3,2,valid
4796,1295880392,*NCCCNCCNCCCN*,0.33492047,14,2,8,0,4,0,valid
4016,1085767747,*Oc1ccc(C2(c3ccc(OC(*)=O)c(Cl)c3)CC3CCC2C3)cc1Cl,0.37867206,48,2,20,3,0,1,valid
1286,347361170,*c1ccc(Oc2ccc(C(=O)c3cccc(-c4cccc(C(=O)c5ccc(Oc6ccc(-c7nc(-c8cccc(-c9nc(*)c(-c%10ccccc%10)[nH]9)c8)[nH]c7-c7ccccc7)cc6)cc5)c4)c3)cc2)cc1,0.39209457,136,2,62,4,4,2,valid
3257,889509807,*c1ccc(Oc2ccccc2Oc2ccc(N3C(=O)c4ccc(S(=O)(=O)c5ccc6c(c5)C(=O)N(*)C6=O)cc4C3=O)cc2C(F)(F)F)c(C(F)(F)F)c1,0.3732598,103,2,36,8,2,6,valid
5560,1509674504,*Oc1cccc(OC(=O)c2ccc(OC(=O)c3cccc(C(=O)Oc4ccc(C(*)=O)cc4)c3)cc2)c1,0.33712765,66,2,28,8,0,4,valid
1830,494165732,*c1ccc2c(c1)C(=O)N(C1CCC(CC3CCC(N4C(=O)c5ccc(C(*)(C(F)(F)F)C(F)(F)F)cc5C4=O)C(C)C3)CC1C)C2=O,0.39920256,92,2,34,4,2,4,valid
6253,1696594426,*Nc1cc2c(cc1N*)[C@H]1CC[C@@H]2C1,0.35993676,32,2,11,0,2,0,valid
5733,1556370617,*Oc1ccc(CC(NC(=O)CCc2ccc(OC(=O)CCCC(*)=O)cc2)C(=O)OCCCC)cc1,0.3441071,59,2,27,7,1,4,valid
65,17114758,*Oc1ccc(Cc2ccc(OC(=O)c3ccc(C(C)(C)c4ccc(C(*)=O)cc4)cc3)cc2)cc1,0.36534872,62,2,30,4,0,2,valid
1948,523947346,*Oc1cc(C)cc(OC(=O)c2cccc(C(*)=O)c2)c1,0.35222541,37,2,15,4,0,2,valid
1517,407026307,*CCN(CCOC(=O)Nc1ccc(C)c(NC(=O)O*)c1)c1ccc(N=Nc2cc(OC)c(N=Nc3ccc([N+](=O)[O-])cc3)cc2OC)cc1,0.35078628,90,2,33,8,8,5,valid
202,59671897,*C(=O)c1ccc2c(c1)C(=O)N(c1ccc(Oc3ccc(C(C)(C)c4ccc(Oc5ccc(N6C(=O)c7ccc(*)cc7C6=O)cc5)cc4)cc3)cc1)C2=O,0.37897847,100,2,44,7,2,5,valid
3587,977724395,*CC(*)C(=O)OCCCCCCOc1ccc(C(=O)Oc2ccc(C#N)cc2)cc1,0.35501894,48,2,23,5,1,2,valid
2545,690444653,*c1cccc(-c2nc3cc(-c4ccc5[nH]c(*)nc5c4)ccc3[nH]2)c1,0.41970878,50,2,20,0,4,0,valid
7533,2036221295,*Nc1ccc(C(c2ccc(N)cc2)c2ccc(N*)cc2)cc1,0.35715159,38,2,19,0,3,0,valid
7923,2134740083,*O[Si](C)(C)O[Si](C)(C)c1c(F)c(F)c(F)c([Si](*)(C)C)c1F,0.41170032,54,2,12,2,0,0,valid
3980,1077770059,*C(=O)Nc1c(CC)cc(Cc2cc(CC)c(NC(=O)c3ccc4c(c3)C(=O)N(c3ccc(N=Nc5ccc(C)cc5)c(N5C(=O)c6ccc(*)cc6C5=O)c3)C4=O)c(CC)c2)cc1CC,0.3890601,119,2,52,6,6,7,valid
333,92922401,*c1ccc2c(c1)C(=O)N(c1ccc(C(=O)Nc3ccc(C(c4ccc(NC(=O)c5ccc(N6C(=O)c7ccc(C(*)(C(F)(F)F)C(F)(F)F)cc7C6=O)c(C)c5)cc4)(C(F)(F)F)C(F)(F)F)cc3)cc1C)C2=O,0.36870251,144,2,50,6,4,6,valid
1302,351987442,*c1ccc(C(=O)Nc2cccc(S(=O)(=O)c3cccc(NC(=O)c4ccc(N5C(=O)c6ccc(-c7ccc8c(c7)C(=O)N(*)C8=O)cc6C5=O)cc4)c3)c2)cc1,0.35305375,108,2,42,8,4,8,valid
3483,951933381,*C=CC1CC(*)C2C(=O)N(CCCCCCCCCCCC)C(=O)C12,0.3769725,41,2,21,2,1,3,valid
3690,999774546,*c1ccc(OCCCCCCOc2ccc(C3C4C(=O)N(c5ccc(N6C(=O)C7ON(C)C(*)C7C6=O)cc5)C(=O)C4ON3C)cc2)cc1,0.35427898,86,2,36,8,4,4,valid
209,61414691,*OC(CCC)COC(*)=O,0.35170263,16,2,6,3,0,1,valid
1333,360768817,*CC(*)(C)C(=O)OCCc1ccc(N=Nc2ccccc2)cc1,0.3677443,38,2,18,2,2,2,valid
7075,1912518216,*CCCCCCCCCCCCOC(=O)c1ccc2cc(C(=O)O*)ccc2c1,0.361536,42,2,24,4,0,2,valid
2271,617741611,*C(=O)c1ccc(C(=O)c2ccc3c(c2)C(=O)N(c2ccc(C(=O)c4ccc(C(=O)c5ccc(N6C(=O)c7ccc(*)cc7C6=O)cc5)cc4)cc2)C3=O)cc1,0.37260592,106,2,44,8,2,8,valid
7234,1953803634,*C(=O)Nc1ccc(Cc2ccc(NC(=O)c3ccc4c(c3)C(=O)N(c3ccc(NC(=O)Nc5ccc(N6C(=O)c7ccc(*)cc7C6=O)cc5)cc3)C4=O)cc2)cc1,0.34861514,106,2,44,7,6,7,valid
7534,2036690814,*C(CC)=C(*)c1ccccc1,0.40534286,19,2,10,0,0,1,valid
5875,1592713963,*Oc1ccc(CC(NC(=O)CCc2ccc(OC(=O)COCCOCC(*)=O)cc2)C(=O)OCCCCCCCC)cc1,0.34916517,66,2,32,9,1,4,valid
7503,2027806037,*C[Si](*)(C)CCCn1c2ccccc2c2ccccc21,0.36146235,34,2,16,0,0,0,valid
1242,333446735,*c1ccc(Oc2ccc(N3C(=O)c4cccc(Oc5cccc(Oc6cccc7c6C(=O)N(*)C7=O)c5)c4C3=O)cc2)cc1,0.35735202,77,2,34,7,2,4,valid
7113,1920671231,*C(=O)Nc1ccccc1NC(=O)c1ccc(N2C(=O)c3ccc(*)cc3C2=O)cc1,0.33896532,53,2,22,4,3,4,valid
4630,1248082530,*C(=Cc1cc(OCCCCCCCC)c(C=C(c2ccccc2)c2ccc3c(c2)Sc2ccc(*)cc2S3)cc1OCCCCCCCC)c1ccccc1,0.39856806,82,2,49,2,0,2,valid
1335,360959263,*CCNC(=O)c1ccc(-c2ccc(O*)cc2)cc1,0.33621674,32,2,15,2,1,1,valid
2837,770593247,*C(=O)c1ccc2c(c1)C(=O)N(c1cccc(C#Cc3cccc(N4C(=O)c5ccc(*)cc5C4=O)c3)c1)C2=O,0.39815997,74,2,31,5,2,5,valid
2795,760704971,*c1ccc([Si](*)(C)C)s1,0.42057371,21,2,6,0,0,0,valid
5706,1548803977,*CC(*)(F)C(=O)OCC(F)(F)C(F)(F)C(F)(F)C(F)(F)F,0.31898609,45,2,8,2,0,1,valid
5684,1542132482,*Nc1ccccc1-c1c(N)c(N)c(-c2ccccc2N)c(-c2ccccc2N)c1-c1ccccc1N*,0.31405732,60,2,30,0,6,0,valid
2415,661822184,*CC(=O)C(*)c1ccccc1,0.36460846,19,2,9,1,0,1,valid
5576,1512069165,*O*CCCCCCCCCC(=O)Oc1ccc(-c2ccc(C(=O)Oc3ccc(C(=O)OC)c(OC(=O)c4ccc(-c5ccc(OC(=O)CCCCCCCCC(*)CO*)cc5)cc4)c3[N+](=O)[O-])cc2)cc1,0.38046147,124,4,55,14,1,6,valid
5024,1363602163,*CCCCc1ccc(-c2c(-c3ccccc3)cc(-c3cccc(-c4cc(-c5ccccc5)c(-c5ccc(*)cc5)c(-c5ccccc5)c4-c4ccccc4)c3)c(-c3ccccc3)c2-c2ccccc2)cc1,0.39697678,122,2,70,0,0,0,valid
5339,1450851242,*Oc1ccc(CC(NC(=O)CCc2ccc(OC(=O)CCCC(*)=O)cc2)C(=O)OC)cc1,0.33262746,56,2,24,7,1,4,valid
2919,794405907,*Oc1ccc(-c2ccc(OC(=O)c3ccc(C(*)=O)cc3)cc2)cc1-c1ccccc1,0.35661176,54,2,26,4,0,2,valid
2866,781281190,*Oc1ccc(NC(=O)c2cc(NC(=O)c3ccc(OC(C)=O)cc3)cc(C(=O)Nc3ccc(Oc4ccc(-c5ccc(*)cc5)cc4)cc3)c2)cc1,0.34777733,92,2,41,7,3,4,valid
4000,1082266101,*CCCCCCCCOC(=O)NCCCCCCNC(=O)O*,0.35264374,30,2,16,4,2,2,valid
5923,1607608174,*CCCCCCNC(=O)Cc1ccc(CC(=O)N*)cc1,0.33740451,32,2,16,2,2,2,valid
2231,604677160,*c1ccc(Oc2ccc3ccc(Oc4ccc(-c5nc(*)nc(-c6ccccc6)n5)cc4)cc3c2)cc1,0.40348828,62,2,31,2,3,0,valid
687,190870051,*CC(*)c1ccc(Cn2c3ccccc3c3ccccc32)cc1,0.36892883,36,2,20,0,0,0,valid
3251,887026171,*O[Si](C)(C)O[Si](C)(C)OC(C)CCC(*)C,0.42518322,35,2,10,3,0,0,valid
3293,901361482,*CC(*)c1cc(C(=O)Oc2ccc(OCCCCCCCC)cc2)ccc1C(=O)Oc1ccc(OCCCCCCCC)cc1,0.3687618,66,2,38,6,0,2,valid
2947,800998431,*CC(=O)Nc1ccc(NC(=O)COc2ccc3ccccc3c2Sc2c(O*)ccc3ccccc23)cc1,0.33977149,59,2,29,4,2,2,valid
4201,1135838417,*Oc1ccc(NC(=O)c2cc(C(=O)Nc3ccc(*)cc3)cc(C(F)(F)C(F)(F)C(F)(F)C(F)(F)F)c2)cc1,0.34392183,76,2,24,3,2,2,valid
1635,440459365,*CC(*)(C)C(=O)OCCn1c2ccccc2c2cc(N=Nc3ccc([N+](=O)[O-])cc3[N+](=O)[O-])ccc21,0.37693372,75,2,23,6,4,4,valid
6272,1700926472,*c1cccc(-c2nc3ccc(Oc4ccc5nc(*)c(-c6ccccc6)nc5c4)cc3nc2-c2ccccc2)c1,0.43473817,66,2,34,1,4,0,valid
2146,580099798,*CC(*)C(=O)Oc1ccc([N+](=O)[O-])cc1,0.38054744,34,2,9,4,1,2,valid
2004,540769722,*Nc1ccc2c3c4ccccc4c(c2c1N*)CC3,0.35026083,30,2,16,0,2,0,valid
7178,1939581854,*C1CCC(CC2CCC(N3C(=O)c4ccc(Oc5ccc6c(c5)C(=O)N(*)C6=O)cc4C3=O)CC2)CC1,0.36158829,68,2,29,5,2,4,valid
563,154881704,*c1cc(C(=O)O)cc(N2C(=O)CC(C3CC4C(=O)N(*)C(=O)C4c4ccccc43)C2=O)c1,0.3520042,64,2,23,6,2,5,valid
465,130348754,*CCC(C)CCC(=O)S*,0.38621425,16,2,7,1,0,1,valid
3322,908837792,*Nc1ccc(CCCCCCc2ccc(N*)cc2)cc1,0.34643324,30,2,18,0,2,0,valid
311,88136935,*C=CC1CC(*)C2C(=O)N(c3ccccc3C)C(=O)C12,0.36253604,38,2,16,2,1,3,valid
3312,907119862,*CCC(C)CC(C)(C)CNC(=O)c1ccc(C(=O)N*)cc1,0.3423688,39,2,17,2,2,2,valid
1955,526647748,*Nc1ccc(-c2cc3ccc2CCc2ccc(c(-c4ccc(N*)cc4)c2)CC3)cc1,0.35898594,52,2,28,0,2,0,valid
3340,915222222,*C1C2CC(C(=O)OCCc3ccc(N(c4ccccc4)c4ccccc4)cc3)C(C2)C1*,0.37725216,54,2,28,2,1,1,valid
5914,1605023913,*CCCCCCCCCCOc1ccc(C=Cc2ccc(OCCCCCCCCCCOP(=O)(O*)OCCCCCCCCCCOc3ccc(N=Nc4ccc(-c5ccccc5)cc4)cc3)cc2)cc1,0.37252491,100,2,62,7,2,3,valid
3162,859606185,*Cc1ccc(CNC(=O)c2cc(C(=O)N*)cc(C(C)(C)C)c2)cc1,0.34874019,46,2,20,2,2,2,valid
5266,1430315937,*CC(O)COc1cccc(O*)c1,0.33076501,20,2,9,3,0,0,valid
6656,1807233855,*CCCCCCCCCCCOC(=O)c1cc(OCCCCCCCCCCOc2ccc(N=Nc3ccc(OC)cc3)cc2)cc(C(=O)OCCCCCCCCCCCOc2ccc(-c3ccc(O*)cc3)cc2)c1,0.36806216,108,2,65,9,2,3,valid
4438,1194503224,*CC(*)C(=O)Oc1cccc(N(C)C)c1,0.36366436,27,2,11,2,1,1,valid
117,34234994,*c1ccc2c(c1)C(=O)N(c1cccc(C(=O)Nc3ccc(Oc4ccc(C(c5ccc(Oc6ccc(NC(=O)c7cccc(N8C(=O)c9ccc(C(*)(C(F)(F)F)C(F)(F)F)cc9C8=O)c7)cc6)cc5)(C(F)(F)F)C(F)(F)F)cc4)cc3)c1)C2=O,0.36162895,162,2,60,8,4,6,valid
1541,413548295,*Nc1ccc(CCc2ccc(N*)cc2C)c(C)c1,0.348463,30,2,16,0,2,0,valid
7715,2079708609,*CC(*)OC(=O)CC(C)(C)c1ccccc1,0.35480602,28,2,13,2,0,1,valid
4404,1185913675,*c1ccc(Oc2ccc(N3C(=O)CC(C4C=C(C)C5C(=O)N(*)C(=O)C5C4)C3=O)cc2)cc1,0.36657642,65,2,25,5,2,5,valid
7086,1915755051,*Nc1cccc(-c2cc(-c3ccc(C)cc3)c(-c3ccc(C)cc3)c(-c3ccc(C)cc3)c2-c2ccc(C)cc2)c1N*,0.37998545,77,2,40,0,2,0,valid
3507,958992897,*CCOc1ccc(C=C2CCC(=Cc3ccc(OCCOP(=O)(O*)OC)c(OC)c3)C2=O)cc1OC,0.34158729,60,2,26,9,0,4,valid
6333,1715966441,*CC(*)(C)C(=O)OCCCCl,0.35991969,20,2,7,2,0,1,valid
1081,292300264,*Nc1ccc(Nc2ccc(C(=O)c3ccc(C(=O)c4ccc(*)cc4)cc3)cc2)cc1,0.3913528,54,2,26,2,2,2,valid
2403,657146499,*CCCCCCCCCCCCN1C(=O)c2ccc(-c3ccc(-c4ccc5c(c4)C(=O)N(*)C5=O)cc3)cc2C1=O,0.35494054,70,2,34,4,2,4,valid
2916,793720253,*Nc1cccc(NC(=O)c2cccc(C(=O)Nc3cccc(NC(=S)NC(=O)CCCCCCCCC(=O)NC(*)=S)c3)c2)c1,0.34654,76,2,32,4,6,6,valid
4224,1142759458,*c1c(C)cc(-c2cc(C)c(N3C(=O)c4cccc(Oc5ccc(C(C)(C)c6ccc(Oc7cccc8c7C(=O)N(*)C8=O)cc6)cc5)c4C3=O)c(C)c2)cc1C,0.38334817,104,2,47,6,2,4,valid
1728,467415058,*NNc1ccc2ccccc2c1-c1c(NN*)ccc2ccccc12,0.36169901,37,2,20,0,4,0,valid
6944,1878179811,*Oc1ccc(CC(*)=O)cc1,0.3454687,19,2,8,2,0,1,valid
7929,2136774388,*C(=O)c1ccc2c(c1)C(=O)N(c1cccc(Cc3ccc(Cc4cccc(N5C(=O)c6ccc(*)cc6C5=O)c4)cc3)c1)C2=O,0.36986106,83,2,37,5,2,5,valid
7860,2116023272,*O[Si](C)(C=C)O[Si](C)(C)c1ccc([Si](*)(C)C)cc1,0.42501353,46,2,13,2,0,1,valid
3181,864842890,*CCCCCCCCCCCCOc1ccc(C=NN=Cc2ccc(O*)cc2O)c(O)c1,0.36634153,46,2,26,4,2,2,valid
2419,663037039,*Oc1ccc(C(C)(C)c2ccc(Oc3ccc4c(=O)n5c6cc(Oc7ccc8c(c7)nc7c9ccc(*)c%10cccc(c(=O)n87)c%109)ccc6nc5c5cccc3c45)cc2)cc1,0.38434287,112,2,51,5,4,2,valid
1279,344924762,*Nc1cc2cc3ccc4cccc5ccc(c2cc1N*)c3c45,0.33084477,36,2,20,0,2,0,valid
4293,1156796148,*Nc1ccc(C2=CC[C@H](c3ccc(N*)cc3)[C@H]2c2ccccc2)cc1,0.35771822,50,2,23,0,2,1,valid
6166,1673102109,*c1ccc(C2(c3ccc(-c4cc(-c5ccccc5)c5cc(C6(c7ccc8nc(*)cc(-c9ccccc9)c8c7)c7ccccc7C(=O)c7ccccc76)ccc5n4)cc3)c3ccccc3C(=O)c3ccccc32)cc1,0.43993459,129,2,70,2,2,2,valid
3669,994176414,*Oc1ccc2c(c1)C1(CC2(C)C)CC(C)(C)c2ccc(OC(=O)c3cccc(C(*)=O)c3)cc21,0.38372241,65,2,29,4,0,2,valid
1169,313842947,*c1ccc(C2(c3ccc(-c4cc(-c5ccccc5)c5cc(-c6ccc7nc(*)cc(-c8ccccc8)c7c6)ccc5n4)cc3)c3ccccc3-c3ccccc32)cc1,0.42784564,100,2,55,0,2,0,valid
3327,910389413,*Nc1cc(C)c2c(N*)cccc2c1,0.34129811,23,2,11,0,2,0,valid
3070,834236236,*Nc1ccc2c(c1)C(C)(C)c1cc3c(N*)c4ccccc4c(N)c3cc1-2,0.38120825,49,2,23,0,3,0,valid
6036,1637714713,*CC(*)F,0.35585104,7,2,2,0,0,0,valid
5955,1614865951,*OC(=O)Cc1ccc(CC(*)=O)cc1,0.32669712,25,2,10,3,0,2,valid
6561,1784319633,*CC(*)C(=O)OC12CC3CC(C)(CC(C)(C3)C1)C2,0.37551115,38,2,15,2,0,1,valid
466,130603875,*Nc1ccc(-c2ccc(N*)c3cc4ccccc4cc23)c2cc3ccccc3cc12,0.3627942,49,2,28,0,2,0,valid
2519,684755734,*OP(=O)(Oc1ccccc1)Oc1ccc(-c2ccc(*)cc2)cc1,0.34952529,41,2,18,4,0,1,valid
5206,1412120720,*Nc1cccc(NC(=O)c2cccc(C(=O)Nc3ccc(C(=O)NC(*)=S)cc3)c2)c1,0.33903798,56,2,22,3,4,4,valid
3989,1079860530,*OC(CCOc1ccccc1)CC(*)=O,0.34230265,23,2,11,3,0,1,valid
7062,1908364684,*Nc1ccc(-c2cccc3ccccc23)c(-c2ccccc2)c1N*,0.35996757,40,2,22,0,2,0,valid
630,175985223,*CC(*)C(=O)OCCCCCCSCC#N,0.39181191,23,2,11,2,1,1,valid
534,148616974,*CCCOC(=O)C(C)O*,0.34983248,16,2,6,3,0,1,valid
2766,751554332,*Nc1cccc2cc3c(N*)cccc3cc12,0.34156849,26,2,14,0,2,0,valid
6882,1864529364,*C[Si](*)(CCC)CCC,0.40187734,17,2,7,0,0,0,valid
1373,370727281,*Nc1ccc([C@@H](CCCCCCCCCCC)c2ccc(C3(c4ccc([C@@H](CCCCCCCCCCC)c5ccc(N*)cc5)cc4)CCCCC3)cc2)cc1,0.36981871,92,2,54,0,2,0,valid
1396,375346790,*C(=O)N1C(=S)N(C(=O)c2ccc3c(c2)C(=O)N(c2ccc(Oc4ccc(N5C(=O)c6ccc(*)cc6C5=O)cc4)cc2)C3=O)C(C)=C(C(=O)OCC)C1c1ccc(OC)cc1OC,0.37126454,119,2,46,11,4,9,valid
160,48554956,*c1ccc(NC=Nc2ccc(S(*)(=O)=O)cc2)cc1,0.39082082,35,2,13,2,2,3,valid
2517,683188751,*Oc1ccc(CC(NC(=O)CCc2ccc(OC(=O)CCCCCCC(*)=O)cc2)C(=O)OC(C)CC)cc1,0.35282718,64,2,30,7,1,4,valid
5114,1387678477,*c1ccc(-c2cnc3cc4ncc(*)nc4cc3n2)cc1,0.44896941,35,2,16,0,4,0,valid
4552,1225921990,*Oc1ccc(C(=O)Nc2cc(SCCC#N)c(NC(=O)c3ccc(*)cc3)cc2SCCC#N)cc1,0.36223788,59,2,26,3,4,2,valid
4739,1278963276,*c1ccc(Oc2cccc(NC(=O)c3cc(C(=O)Nc4cccc(Oc5ccc(-c6nnc(*)o6)cc5)c4)cc(N4C(=O)c5c(Cl)c(Cl)c(Cl)c(Cl)c5C4=O)c3)c2)cc1,0.3655579,113,2,42,7,5,4,valid
2565,695940452,*CCCCCSS*,0.45235831,9,2,5,0,0,0,valid
6494,1764580479,*C=Cc1ccc2c(c1)Sc1cc(-c3cc(CCCCCC)c(-c4sc(-c5ccc6c(c5)Sc5cc(*)ccc5N6c5ccc(OCCCCCCCCCCCC)cc5)cc4CCCCCC)s3)ccc1N2c1ccc(OCCCCCCCCCCCC)cc1,0.39742745,134,2,80,2,2,1,valid
7185,1941491710,*c1ccc(C(c2ccc(OCCCC)cc2)c2ccc(N(*)c3ccc(C)cc3)cc2)cc1,0.42901003,54,2,30,1,1,0,valid
677,189385552,*CC(*)(F)C(=O)OCCC(F)(F)C(F)(F)C(F)(F)C(F)(F)F,0.32470853,46,2,9,2,0,1,valid
2284,622295554,*CCCCCCCCC(*)Cl,0.40010889,15,2,9,0,0,0,valid
1360,367944221,*Cc1cc2cc(C(=O)Nc3ccc(Oc4ccc(NC(=O)c5cc6cc(*)c(OC(=O)COc7ccc8ccc(=O)oc8c7)cc6oc5=O)cc4)cc3)c(=O)oc2cc1OC(=O)COc1ccc2ccc(=O)oc2c1,0.32641041,128,2,55,17,2,8,valid
6619,1797791168,*CCC(=O)NCc1cc(C)c(CNC(=O)CCO*)cc1C,0.32886329,35,2,16,3,2,2,valid
2014,543539170,*C1C2CC(C(=O)OCCc3ccc(N(c4ccccc4)c4cccc(C)c4)cc3)C(C2)C1*,0.38569582,57,2,29,2,1,1,valid
555,153647431,*Cc1cc2cc(C(=O)Nc3ccc(C(c4ccc(NC(=O)c5cc6cc(*)c(OC(=O)COc7ccc8ccc(=O)oc8c7)cc6oc5=O)cc4)(C(F)(F)F)C(F)(F)F)cc3)c(=O)oc2cc1OC(=O)COc1ccc2ccc(=O)oc2c1,0.32655452,148,2,58,16,2,8,valid
6157,1670881683,*Nc1ccc2cc(C)ccc2c1-c1c(N*)ccc2cc(C)ccc12,0.36235466,41,2,22,0,2,0,valid
7797,2102234224,*CC(*)(C#N)C(=O)OCCCCCCC,0.38098493,24,2,11,2,1,1,valid
5429,1474888709,*CC(*)(C)C(=O)OCc1ccc(OCCOCCOCC)c(OCCOCCOCC)c1,0.35596618,46,2,23,8,0,1,valid
813,228347866,*CCCCCNC(=O)c1ccc(C(=O)N*)cc1,0.32982991,29,2,13,2,2,2,valid
5792,1572134392,*CC(*)c1c(F)c(F)c(OC)c(F)c1F,0.34990398,28,2,9,1,0,0,valid
3972,1075922952,*Nc1ccc(-c2cc(C)c(-c3ccc(N*)cc3)c(C)c2N)cc1,0.36789723,43,2,20,0,3,0,valid
1719,463490376,*OC(c1ccco1)C(OC(=O)Nc1ccc(Cc2ccc(NC(*)=O)cc2)cc1)c1ccco1,0.35498307,57,2,25,6,2,2,valid
5903,1601815856,*C(F)(F)C(*)(F)OC(F)C(F)F,0.33442051,25,2,4,1,0,0,valid
1746,471167389,*C(=O)Oc1c(C)cc(C(c2cc(C)c(OC(=O)c3ccc4c(c3)C(=O)N(c3c(C)cc(-c5cc(C)c(N6C(=O)c7ccc(*)cc7C6=O)c(C)c5)cc3C)C4=O)c(C)c2)(C(F)(F)F)C(F)(F)F)cc1C,0.39965257,140,2,53,8,2,6,valid
5858,1588466256,*CC(*)c1ccc(CC)cc1,0.4044765,18,2,10,0,0,0,valid
2993,813214787,*Nc1ccc2c(c1N*)-c1ccccc1-c1ccccc1-c1ccccc1-2,0.36739742,44,2,24,0,2,0,valid
7026,1898882612,*c1ccc(Oc2ccc(C(c3ccc(Oc4ccc(-c5nnc(*)n5-c5ccc(S(=O)(=O)c6ccccc6)cc5)cc4)cc3)(C(F)(F)F)C(F)(F)F)cc2)cc1,0.38778693,103,2,41,4,3,2,valid
2953,802299717,*Oc1ccc(NC(=O)c2ccc(Oc3ccc(C(C)(C)c4cccc(C(C)(C)c5ccc(Oc6ccc(C(=O)Nc7ccc(Oc8ccc(C(C)(C)c9ccc(*)cc9)cc8)cc7)cc6)cc5)c4)cc3)cc2)cc1,0.36924917,129,2,65,6,2,2,valid
6418,1740996788,*c1ccc(Oc2ccc(C(=O)c3cccc(C(=O)c4ccc(Oc5ccc(-c6nc(-c7ccccc7)[nH]c6*)cc5)cc4)c3)cc2)cc1,0.38321715,86,2,41,4,2,2,valid
119,35288312,*c1ccc(C=Nc2ccc(C(c3ccccc3)c3ccc(N=Cc4ccc(-c5ccc(*)s5)cc4)cc3)cc2)cc1,0.40126347,69,2,37,0,2,2,valid
2012,543084242,*c1ccc2c3ccc(-c4sc(-c5ccc(-c6cc(CCCCCC)c(*)s6)c6nsnc56)cc4CCCCCC)cc3n(C(CCCCCCCC)CCCCCCCC)c2c1,0.42631402,94,2,55,0,3,0,valid
5559,1508770794,*c1ccc(C2(c3ccc(N4C(=O)c5ccc(Oc6ccc7c(c6)C(=O)N(*)C7=O)cc5C4=O)cc3)c3ccccc3-c3ccccc32)cc1,0.41356417,89,2,41,5,2,4,valid
1548,415110926,*C(=O)Nc1ccc(Oc2ccc(C(c3ccc(Oc4ccc(NC(=O)c5ccc6c(c5)C(=O)N(c5ccc(Oc7cccc8c(Oc9ccc(N%10C(=O)c%11ccc(*)cc%11C%10=O)cc9)cccc78)cc5)C6=O)cc4)cc3)(C(F)(F)F)C(F)(F)F)cc2)cc1,0.36565404,167,2,67,10,4,6,valid
5143,1393430812,*Nc1ccc(CC[C@H](c2ccccc2)c2ccc(N*)cc2)cc1,0.34550971,41,2,21,0,2,0,valid
7024,1898005321,*Oc1ccc(OC(=O)c2cc(OCCCCCCCCCCOCC3CCCN3c3ccc([N+](=O)[O-])cc3)c(C(*)=O)cc2OCCCCCCCCCCOCC2CCCN2c2ccc([N+](=O)[O-])cc2)cc1,0.35740991,120,2,56,12,4,4,valid
5203,1411415365,*CCOC(=O)c1cc(C(=O)O*)cc(C(C)(C)C)c1,0.35812909,36,2,14,4,0,2,valid
2251,610467941,*c1ccc(Oc2ccc(-c3nc4cc(Oc5ccc(NC(=O)c6cc(C(=O)Nc7ccc(Oc8ccc9nc(-c%10ccccc%10)c(*)nc9c8)cc7)cc(N7C(=O)c8ccccc8C7=O)c6)cc5)ccc4nc3-c3ccccc3)cc2)cc1,0.37759682,145,2,68,7,7,4,valid
378,104905382,*Oc1ccc(S(=O)(=O)c2ccc3cc(S(=O)(=O)c4ccc(Oc5c(C)cc(-c6cc(C)c(*)c(C)c6C)c(C)c5C)cc4)ccc3c2)cc1,0.39776859,93,2,40,6,0,4,valid
7685,2072452393,*c1ccc2c(c1)C(=O)N(c1ccc(OCCOCCOCCOc3ccc(N4C(=O)c5ccc(C(*)(C(F)(F)F)C(F)(F)F)cc5C4=O)cc3)cc1)C2=O,0.34535563,97,2,37,8,2,4,valid
6810,1848203526,*c1cc(C(=O)NCCCCCCCCCC)cc(N2C(=O)c3ccc(-c4ccc5c(c4)C(=O)N(*)C5=O)cc3C2=O)c1,0.36805739,75,2,33,5,3,5,valid
2589,702860275,*c1ccc2c(c1)C(=O)N(c1ccc(Sc3ccc(Sc4ccc(N5C(=O)c6ccc(C(*)(C(F)(F)F)C(F)(F)F)cc6C5=O)cc4)cc3)cc1)C2=O,0.38497663,99,2,35,4,2,4,valid
7284,1967479741,*Oc1ccc(S(=O)(=O)c2ccc(Oc3c(C)cc(C(c4cc(C)c(*)c(C)c4)(C(F)(F)F)C(F)(F)F)cc3C)c(Br)c2)cc1Br,0.41274823,90,2,31,4,0,2,valid
816,228992973,*c1ccc(N(c2ccc(OC)cc2)c2ccc(N3C(=O)c4ccc(S(=O)(=O)c5ccc6c(c5)C(=O)N(*)C6=O)cc4C3=O)cc2)cc1,0.40284317,90,2,35,7,3,6,valid
864,241371117,*c1ccc2c(c1)Sc1cc(-c3ccc(-c4ccc(*)s4)s3)ccc1N2CCCCCCCCCC,0.47689077,56,2,29,0,1,0,valid
4283,1155257724,*Nc1ccc(Oc2ccc(C(C)(C)c3ccc(Oc4ccc(N*)cc4)cc3)cc2)cc1,0.35032863,53,2,27,2,2,0,valid
7426,2006448599,*c1ccc2c(c1)C(=O)N(c1c(C)cc(C3(c4cc(C)c(N5C(=O)c6ccc(C(*)(C(F)(F)F)C(F)(F)F)cc6C5=O)c(C)c4)c4ccccc4-c4ccccc43)cc1C)C2=O,0.44643789,119,2,48,4,2,4,valid
348,98585154,*c1ccc(-c2cnc3cc(S(=O)(=O)c4ccc5nc(*)cnc5c4)ccc3n2)cc1,0.43056013,54,2,22,2,4,2,valid
4535,1220908034,*Nc1ccc(NC(=O)c2ccc(NC(=O)CCCCCCCCC(=O)Nc3ccc(C(*)=O)cc3)cc2)cc1C(=O)OCCCCCCCCCCCCCCCCCC,0.36094499,88,2,49,6,4,5,valid
6664,1809334970,*CC(*)(C)C(=O)OCCCCC(F)(F)C(F)(F)C(F)(F)C(F)(F)F,0.34226697,48,2,12,2,0,1,valid
5483,1485862700,*c1ccc(-c2nc3cc(Oc4ccc(NC(=O)c5ccc6c(c5)C(=O)N(c5ccc(C(c7ccc(N8C(=O)c9ccc(C(=O)Nc%10ccc(Oc%11ccc%12nc(-c%13ccccc%13)c(*)nc%12c%11)cc%10)cc9C8=O)cc7)(C(F)(F)F)C(F)(F)F)cc5)C6=O)cc4)ccc3nc2-c2ccccc2)cc1,0.38075733,200,2,79,8,8,6,valid
6673,1810490415,*Oc1ccc(CC(NC(=O)CCc2ccc(OC(=O)CCC(C)CC(*)=O)cc2)C(=O)OC)cc1,0.33698176,60,2,26,7,1,4,valid
2876,783176072,*C(=O)OCCCSCCCCCCSCCCOC(=O)c1ccc(N2C(=O)c3ccc(*)cc3C2=O)cc1,0.35879978,59,2,28,6,1,4,valid
7213,1949212177,*C(=O)Nc1ccc(-c2sc(-c3ccc(NC(=O)c4ccc5c(c4)C(=O)N(c4ccc(Oc6ccc7ccc(Oc8ccc(N9C(=O)c%10ccc(*)cc%10C9=O)cc8)cc7c6)cc4)C5=O)cc3)c(-c3ccccc3)c2-c2ccccc2)cc1,0.38350821,151,2,68,8,4,6,valid
2056,554199455,*c1ccc2c(c1)C(=O)N(c1cc(C(c3ccc(O)c(N4C(=O)c5ccc(C(*)(C(F)(F)F)C(F)(F)F)cc5C4=O)c3)(C(F)(F)F)C(F)(F)F)ccc1O)C2=O,0.37227168,112,2,34,6,2,4,valid
3949,1070036927,*c1ccc(Oc2ccc(-c3ccc(Oc4ccc(N5C(=O)c6ccc(Oc7ccc8c(c7)C(=O)N(*)C8=O)cc6C5=O)cc4)cc3)cc2)cc1,0.37048176,90,2,40,7,2,4,valid
5744,1560086845,*CC(C)(CCC)C(=O)O*,0.36777777,18,2,7,2,0,1,valid
5580,1513366860,*O[Ca]OC(=O)c1ccccc1C(=O)OCCCCCOC(=O)NCCCCCCNC(=O)OCCCCCOC(=O)c1ccccc1C(*)=O,0.3810089,76,2,34,12,2,6,valid
2337,637512395,*c1ccc(-c2cc(C(C)(C)C)c(Oc3ccc(N4C(=O)c5ccc(-c6ccc7c(c6)C(=O)N(*)C7=O)cc5C4=O)cc3C(F)(F)F)c(C(C)(C)C)c2)cc1,0.40636639,107,2,43,5,2,4,valid
7951,2142712159,*Oc1ccc(CC(NC(=O)CCc2ccc(OC(=O)CCCCCCCCC(*)=O)cc2)C(=O)OC)cc1,0.34491037,61,2,29,7,1,4,valid
79,20883601,*Cc1cc(C)c(CNC(=O)c2ccc(C(=O)N*)cc2)cc1C,0.33875515,40,2,18,2,2,2,valid
2979,810570947,*C(=O)c1ccc(C(C)(CC)c2ccc(C(=O)N3CCN(*)CC3)cc2)cc1,0.37489095,50,2,22,2,2,2,valid
5218,1416739755,*Nc1cccc(C2(c3cccc(N*)c3C)c3ccccc3-c3ccccc32)c1C,0.371195595,48,2,27,0,2,0,valid
1443,388880540,*CC(*)c1cc(C(=O)OCCCCCCCC)ccc1-c1ccc(OCCCCCCCC)cc1,0.38484165,50,2,31,3,0,1,valid
1913,515010874,*Oc1ccc(CC(NC(=O)CCc2ccc(OC(=O)CCCCC(*)=O)cc2)C(=O)OC)cc1,0.33673792,57,2,25,7,1,4,valid
7033,1900067504,*CCCCOC(=O)c1ccc(NC=Nc2ccc(C(=O)O*)cc2)cc1,0.35909112,42,2,19,4,2,3,valid
7819,2105289986,*CC(*)c1ccc(OC(C)(C)C)cc1,0.38657315,25,2,12,1,0,0,valid
4919,1333567417,*Nc1ccc(C2(c3ccc(N*)cc3)C=C(C(C)C)C=C[C@@H]2C(C)C)cc1,0.37150212,53,2,24,0,2,2,valid
3118,845322563,*CCCCCCC(=O)N*,0.35135573,14,2,7,1,1,1,valid
7588,2049372451,*CCC([2H])C(*)([2H])C,0.40087335,21,2,5,0,0,0,valid
1944,523250559,*OC(C)CCCC(C)C(*)=O,0.36757334,19,2,8,2,0,1,valid
1251,336148935,*Oc1ccc(CC(C#N)(C#N)Cc2ccc(*)cc2)cc1,0.38321738,36,2,17,1,2,0,valid
7337,1981136743,*OC(COCCOC)COC(*)=O,0.33674194,19,2,7,5,0,1,valid
4446,1198345617,*OP(=O)(Oc1ccc(C(C)(C)c2ccc(*)cc2)cc1)Oc1c(Cl)cccc1Cl,0.36463475,53,2,21,4,0,1,valid
3827,1037933162,*Oc1ccc(OC(=O)c2ccc(OC(=O)c3ccc(C(=O)Oc4ccc(C(*)=O)cc4)cc3)cc2)cc1,0.33585548,66,2,28,8,0,4,valid
1870,505372159,*Nc1ccc(C2(c3ccc(N*)cc3)C3=C(C=CCC3)c3ccccc32)cc1,0.3719327,49,2,25,0,2,2,valid
4602,1242192055,*CCCCOC(=O)NCC(F)(F)C(F)(F)C(F)(F)C(F)(F)CNC(=O)O*,0.31017139,50,2,12,4,2,2,valid
2151,581609876,*c1ccc(Oc2ccc(-c3cnc4cc5nc(*)cnc5cc4n3)cc2)cc1,0.4131264,46,2,22,1,4,0,valid
5311,1444001096,*CC(*)C(=O)OCCCOc1ccc(-c2ccc(C#N)cc2)cc1,0.35282472,40,2,19,3,1,1,valid
1850,500257329,*C(=O)Nc1ccc(C2(c3ccc(NC(=O)c4ccc5c(c4)C(=O)N(c4ccc(Sc6ccc(Oc7ccc(Sc8ccc(N9C(=O)c%10ccc(*)cc%10C9=O)cc8)cc7)cc6)cc4)C5=O)cc3)c3ccccc3-c3ccccc32)cc1,0.38040953,147,2,65,7,4,6,valid
1115,298173145,*NC(=O)NCCCCCCNC(=O)Nc1cccc(*)n1,0.32647685,32,2,13,2,5,2,valid
3476,950984280,*c1ccc(OCCOc2ccc(C=Cc3ccc([N+](=O)[O-])cc3)c(OCCOc3ccc(-c4nc5ccc(Oc6ccc7nc(*)c(-c8ccccc8)nc7c6)cc5nc4-c4ccccc4)cc3)c2)cc1,0.37078887,121,2,58,7,5,2,valid
5637,1528618359,*Nc1ccc(C(C)(C)c2ccc(N*)cc2-c2ccccc2)cc1,0.35615321,40,2,21,0,2,0,valid
2906,790828475,*Nc1ccc(C(c2ccc(NC(=O)c3cccc(C(*)=O)c3)cc2)(C(F)(F)F)C(F)(F)F)cc1,0.3504904,65,2,23,2,2,2,valid
955,261334701,*Nc1ccc(-c2ccc(-c3c(-c4ccc5ccccc5c4)c(-c4ccc5ccccc5c4)c(N*)c(-c4ccc5ccccc5c4)c3-c3ccc4ccccc4c3)cc2)cc1,0.37406348,102,2,58,0,2,0,valid
3285,898827717,*C/C=C\COC(=O)CCCCCCCCC(=O)O*,0.35027613,29,2,14,4,0,3,valid
7405,2002464485,*Nc1ccc(-c2c(N*)ccc3ccccc23)cc1,0.34543683,31,2,16,0,2,0,valid
4397,1183565625,*C=CCCCCCCCCCC(CCCCCCCCC*)COCCOCCOCCOCCOCCCCCC,0.39011499,46,2,36,5,0,1,valid
5671,1536803717,*CC(C)(C)COC(=O)O*,0.35059905,18,2,6,3,0,1,valid
53,12724819,*C=Cc1ccc2c(c1)Sc1cc(-c3ccc4c(c3)Sc3cc(*)ccc3N4c3ccc(OCCCCCCCCCCCC)cc3)ccc1N2c1ccc(OCCCCCCCCCCCC)cc1,0.400601,100,2,60,2,2,1,valid
4931,1336441380,*CCCOC(=O)c1cccc(C(=O)O*)c1,0.3342418,27,2,11,4,0,2,valid
1547,414910324,*CCCCCC(*)CCCCCCCCCC,0.40749823,20,2,16,0,0,0,valid
2704,735307697,*CCC(CC)CC(C)CNC(=O)c1ccc(C(=O)N*)cc1,0.34406893,37,2,17,2,2,2,valid
499,139085360,*CCCC(*)(C)C(=O)O,0.31720928,17,2,6,2,0,1,valid
1999,539017358,*C(=O)c1ccc2nc(-c3ccc(-c4nc5ccc(*)cc5nc4-c4ccccc4)cc3)c(-c3ccccc3)nc2c1,0.44667573,71,2,35,1,4,1,valid
950,260201518,*OC(F)(F)COC(=O)c1cc(OCCCCC)cc(C(=O)OCC(*)(F)F)c1,0.33975909,49,2,17,6,0,2,valid
3397,930567238,*c1ccc(Oc2ccc(N3C(=O)c4ccc(Oc5c(Oc6ccc7c(c6)C(=O)N(*)C7=O)cc(C(C)(C)C)cc5C(C)(C)C)cc4C3=O)cc2)cc1,0.39862825,97,2,42,7,2,4,valid
5461,1481191612,*Nc1cc(C)c(Cc2ccc(CCCCCCCCCCCCCCCCCCCCc3ccc(Cc4c(C)cc(N*)cc4C)cc3)cc2)c(C)c1,0.3609597,76,2,50,0,2,0,valid
4208,1138097304,*CC(*)c1ccc(CCCCCCCCCCCCCCCCCC)cc1,0.40382331,34,2,26,0,0,0,valid
2969,807875474,*Oc1ccc(C(C)(C)c2ccc(OC(=O)c3ccc(Cc4ccc(C(*)=O)cc4)cc3)cc2)cc1,0.36538681,62,2,30,4,0,2,valid
7037,1901756978,*C(=O)Nc1ccc(-c2ccc(NC(=O)c3ccc4c(c3)C(=O)N(c3cccc(P(=O)(c5ccccc5)c5cccc(N6C(=O)c7ccc(*)cc7C6=O)c5)c3)C4=O)cc2)cc1,0.36549109,114,2,48,7,4,7,valid
1484,398381683,*C(=Cc1cc(OC)c(C=C(c2ccc(F)cc2)c2ccc(-c3ccc(*)cc3)cc2)cc1OC)c1ccc(F)cc1,0.38687983,71,2,36,2,0,2,valid
5223,1417768053,*Nc1ccc([Si](c2ccccc2)(c2ccccc2)c2ccc(NC(=O)c3ccc4c(c3)Cc3cc(C(*)=O)ccc3-4)cc2)cc1,0.37694297,82,2,39,2,2,2,valid
4310,1160560393,*c1cccc(NC(=O)CCCCCCCC(=O)Nc2cccc(S(*)(=O)=O)c2)c1,0.34373731,50,2,21,4,2,4,valid
7439,2009603005,*Nc1cccc(-c2cccc3ccccc23)c1N*,0.34900624,29,2,16,0,2,0,valid
5679,1540110087,*C(=O)Nc1ccc(Oc2ccc(C3(c4ccc(Oc5ccc(NC(=O)c6ccc7c(c6)C(=O)N(c6cccc(N8C(=O)c9ccc(*)cc9C8=O)c6)C7=O)cc5)cc4)NC(=O)c4ccccc43)cc2)cc1,0.36739248,129,2,56,9,5,7,valid
7045,1904729380,*Nc1ccc2c(C)c3c(C)c(C)c(N*)c(C)c3cc2c1,0.3506461,38,2,18,0,2,0,valid
1268,342537511,*Oc1ccccc1C(=O)OC(=O)c1ccccc1OC(=O)C(CC)C(CC)C(*)=O,0.33445863,51,2,22,7,0,4,valid
876,243711331,*Oc1cc(CCCCCCCCC)cc(OC(=O)c2cccc(C(*)=O)c2)c1,0.36723846,45,2,23,4,0,2,valid
7531,2035749307,*CC(*)OC(=O)c1ccc(OC(=O)CC)cc1,0.34337593,30,2,12,4,0,2,valid
5392,1464019841,*Oc1ccc(NC(=O)c2ccc(-c3ccc(C(=O)Nc4ccc(Oc5ccc(C6(c7ccc(*)cc7)CC7CCC6C7)cc5)cc4)cc3)cc2)cc1,0.3665982,90,2,45,4,2,2,valid
6203,1682832675,*CCCCCCOC(=O)C(C(=O)OCCCCCCOc1ccc(-n2on2-c2ccc(O*)cc2)cc1)c1ccccc1,0.35801462,66,2,33,7,2,2,valid
2767,751973346,*N=Nc1ccc([Te]c2ccc(*)cc2)cc1,0.35960485,29,2,12,0,2,1,valid
5092,1382529497,*O[Si](C)(C)O[Si](C)(C)C#Cc1ccc(C#C[Si](*)(C)C)cc1,0.4683381,50,2,16,2,0,0,valid
3843,1043405335,*c1ccc(-c2sc(-c3ccc(-c4cc(CCCCCCCC)c(*)s4)cc3)cc2CCCCCCCC)cc1,0.44716761,61,2,36,0,0,0,valid
2119,573601315,*Oc1ccc(C(C)(C)c2ccc(OC(=O)c3ccc(CC(*)=O)cc3)cc2)cc1,0.36097789,52,2,24,4,0,2,valid
2239,606742148,*CCN*,0.40888608,5,2,2,0,1,0,valid
6834,1852734307,*Nc1cc(N*)c(OC(=O)[C@H]2CC[C@@H](C(=O)Oc3cc(N)c(N)c(C)c3N)CC2)c(C)c1N,0.33922468,69,2,22,4,6,2,valid
4613,1245028222,*Oc1ccc(Oc2ccc(NC(=C(C#N)C#N)c3ccc(C(Nc4ccc(*)cc4)=C(C#N)C#N)cc3)cc2)cc1,0.39351854,72,2,32,2,6,2,valid
7709,2078494815,*CC(*)(Cl)C(=O)OCCOc1ccc(C(=O)Oc2ccc(OCCCC)cc2)cc1,0.34720014,50,2,22,6,0,2,valid
542,151009154,*Oc1cc(Oc2cccc(NC(=O)c3cc(Oc4ccc(C(=O)O)c(C(=O)Nc5cccc(*)c5)c4)ccc3C(=O)O)c2)ccc1C#N,0.33806241,84,2,35,9,3,4,valid
2722,740224734,*Nc1cc2c(cc1N*)[C@]1(C)c3c(ccc(N)c3N)[C@]3(C)c4cc(N)c(N)cc4[C@@]2(C)[C@@H]31,0.39437895,76,2,25,0,6,0,valid
5507,1495114099,*Nc1ccc(Cc2ccccc2Cc2ccc(N*)c(C)c2)cc1C,0.35364083,38,2,22,0,2,0,valid
6412,1738776210,*CC(*)P(=O)(N(C)C)N(C)C,0.37118508,23,2,6,1,2,1,valid
31,6645418,*CCCCCNC(=O)CCCCC(=O)N*,0.3327408,23,2,11,2,2,2,valid
2149,580687337,*CC(O)COC(=O)CCCCC(=O)OCC(O)COc1ccc(C=C(C)c2ccc(O*)cc2)cc1,0.34074081,58,2,27,8,0,3,valid
2605,707895073,*c1ccc(Oc2ccc(C(=O)c3ccc(Oc4ccc(-c5c6c(c(*)c7ccccc57)C(=O)N(c5cccc(C(F)(F)F)c5)C6=O)cc4)cc3)cc2)cc1,0.37753065,99,2,44,5,1,3,valid
7828,2108285261,*CCCCCNC(=O)Cc1ccc(C(=O)N*)cc1,0.33164611,30,2,14,2,2,2,valid
7813,2104394110,*Nc1ccc(-c2ccc(N*)c(C/C=C/c3ccccc3)c2C/C=C/c2ccccc2)cc1,0.35337188,55,2,30,0,2,2,valid
5110,1387474634,*c1cc(C(c2ccc(OCCN(C)c3ccc(C=CC4=CC(=C(C#N)C(=O)OCc5ccc(Oc6c(F)c(F)c(F)c(F)c6F)cc5)CC(C)(C)C4)cc3)c(N3C(=O)c4ccc(Oc5ccc6c(c5)C(=O)N(*)C6=O)cc4C3=O)c2)(C(F)(F)F)C(F)(F)F)ccc1OCCN(c1ccccc1)c1ccc(C=CC2=CC(=C(C#N)C(=O)OCc3ccc(Oc4c(F)c(F)c(F)c(F)c4F)cc3)CC(C)(C)C2)cc1,0.36411083,263,2,106,13,6,12,valid
5419,1472271341,*CCCCCCCCCCCCOc1ccc(C(C)(C)c2ccc(OCOc3ccc(C(C)(C)c4ccc(O*)cc4)cc3)cc2)cc1,0.36755988,73,2,43,4,0,0,valid
7328,1978759933,*CCC1C(=O)N(CCCCCCCCCCCCCC)C(=O)C1*,0.38602412,35,2,20,2,1,2,valid
712,199573915,*CC(*)c1c(F)c(F)c(OCC(F)(F)C(F)(F)F)c(F)c1F,0.35026517,43,2,11,1,0,0,valid
6003,1629034930,*Nc1ccc([C@]2(C)c3ccccc3C(C)(C)C2(N)N*)cc1,0.36227751,42,2,18,0,3,0,valid
3860,1047573880,*c1ccc(Oc2ccc(C(c3ccc(Oc4ccc(N5C(=O)c6ccc(-c7ccc8c(c7)C(=O)N(*)C8=O)cc6C5=O)cc4C(F)(F)F)cc3)(C(F)(F)F)C(F)(F)F)cc2)c(C(F)(F)F)c1,0.3742406,128,2,45,6,2,4,valid
1238,331170381,*CC(*)(F)C(=O)OCCC(F)(F)C(F)(F)C(F)(F)C(F)(F)C(F)(F)C(F)(F)F,0.32650351,60,2,11,2,0,1,valid
968,264939963,*CC(*)(CC(=O)Oc1ccc(OCC)cc1)C(=O)Oc1ccc(OCC)cc1,0.35102684,47,2,21,6,0,2,valid
4134,1116644924,*Nc1ccc(C2(c3ccc(N*)cc3)CCC(C(C)(C)CC)CC2)cc1,0.36254494,45,2,23,0,2,0,valid
1019,279624532,*O[Si](*)(C)CCCOc1ccc(C(=O)Oc2ccc(-c3ccc(OC(=O)c4cc(OCCCCCCCCCCCC)c(OCCCCCCCCCCCC)c(OCCCCCCCCCCCC)c4)cc3)cc2)cc1,0.38445052,112,2,66,9,0,2,valid
4258,1150286039,*Nc1ccc2c(c1N*)[C@H](c1ccccc1)c1ccccc1-2,0.35924295,40,2,19,0,2,0,valid
120,35380876,*c1ccc(Oc2ccc(-n3c(=O)c4cc5c(=O)n(-c6ccc(Oc7ccc(-c8nc9cc%10sc(*)nc%10cc9s8)cc7)cc6)c(=O)c5cc4c3=O)cc2)cc1,0.422749,105,2,42,6,4,4,valid
7674,2070649419,*Oc1ccc(C2(c3ccc(OC(=O)c4ccc(C(*)=O)cc4)cc3)CCC(C(C)(C)C)CC2)cc1,0.37035787,64,2,30,4,0,2,valid
4816,1300646660,*c1ccc(Oc2ccc(-c3cccc(-c4ccc(Oc5ccc(-c6c7c(c(*)c8ccccc68)C(=O)N(c6ccccc6)C7=O)cc5)c(C(F)(F)F)c4)c3)cc2C(F)(F)F)cc1,0.38085344,114,2,50,4,1,2,valid
2852,777245562,*Nc1ccc2cc3cccc(N*)c3cc2c1,0.33634853,26,2,14,0,2,0,valid
6114,1656633508,*CCCOC(=O)Nc1cc(NC(=O)O*)ccc1C,0.32689509,30,2,12,4,2,2,valid
6687,1814313694,*Oc1ccc(CC(NC(=O)CCc2ccc(OC(=O)COCC(*)=O)cc2)C(=O)OCCCC)cc1,0.33911271,59,2,26,8,1,4,valid
7049,1905422493,*c1ccc(Oc2ccc(C(C)(C)c3ccc(Oc4ccc(-c5ccc(*)s5)cc4C(F)(F)F)cc3)cc2)c(C(F)(F)F)c1,0.41103531,79,2,33,2,0,0,valid
4355,1173729020,*CC=C(C)CS(*)(=O)=O,0.37474397,19,2,5,2,0,3,valid
2096,564916558,*CC(*)(C)C(=O)OCCCCCCOc1ccc(OC(=O)c2ccc(OCCCCCC)cc2)cc1,0.35590587,55,2,29,6,0,2,valid
3601,980411522,*CC(CCCCCCCCCCCCCCCC)C1C(=O)N(CCCCCCCCCCCC)C(=O)C1*,0.39088075,51,2,34,2,1,2,valid
883,244913940,*Oc1ccc(C(=O)c2ccc(NC(=O)c3ccc(C(=O)Nc4ccc(C(=O)c5ccc(*)cc5)cc4)cc3)cc2)cc1,0.35794829,75,2,34,5,2,4,valid
7789,2100810597,*c1ccc(-c2nc3cc(C)ccc3o2)c(*)c1,0.42938572,31,2,14,1,1,0,valid
3756,1018492887,*Oc1ccc(C2(c3ccc(OC(=O)c4ccc(Oc5ccc(C6(c7ccc(Oc8ccc(C(*)=O)cc8)cc7)CCC(C(C)(C)C)CC6)cc5)cc4)cc3)CCCCCCCCCCC2)cc1,0.38180644,112,2,60,6,0,2,valid
7690,2073505666,*c1ccc(Oc2ccc(C(=O)c3ccc(Oc4ccc(-c5nc6ccccc6n5-c5ccc(-n6c(*)nc7ccccc76)cc5)cc4)cc3)cc2)cc1,0.3799322,90,2,45,3,4,1,valid
6287,1703879338,*Nc1ccc([C@@H](CCCCCCCCC)c2ccc(C[C@H](CC)c3ccc([C@@H](CCCCCCCCC)c4ccc(N*)cc4)cc3)cc2)cc1,0.36788809,88,2,48,0,2,0,valid
2090,563697228,*CC(*)OCCOc1ccc(N=Nc2ccc(C#N)cc2)cc1,0.36910342,36,2,17,2,3,1,valid
1250,335867964,*c1ccc(-c2sc(-c3cc(SCCCCCCCC)c(*)s3)cc2SCCCCCCCC)cc1,0.46090001,52,2,30,0,0,0,valid
5563,1509773761,*CC(*)(C)C(=O)OCc1ccc2c(c1)c1ccccc1n2CCCCCCCCCC,0.37281948,47,2,27,2,1,1,valid
7822,2106014739,*CC(*)(CC(=O)OC1CCC1)C(=O)OC1CCC1,0.38532463,33,2,13,4,0,2,valid
3670,994235992,*c1ccc(Oc2cccc(Oc3ccc(N4C(=O)c5cccc(Oc6ccc(C(=O)c7ccc(Oc8cccc9c8C(=O)N(*)C9=O)cc7)cc6)c5C4=O)cc3)c2)cc1,0.36092418,103,2,47,9,2,5,valid
4805,1298577403,*c1cccc(Oc2cccc(Oc3cccc(N4C(=O)C5C6C=CC(C7C(=O)N(*)C(=O)C67)C5C4=O)c3)c2)c1,0.37016836,75,2,30,6,2,5,valid
6351,1720848416,*Nc1c(N)c(O)c(N)c(N2CCCCC2)c1N*,0.33028423,31,2,11,1,5,0,valid
3881,1052403305,*CC(*)C(=O)OCCCCCn1c2ccccc2c2ccccc21,0.3540605,36,2,19,2,0,1,valid
1898,510665412,*OC(=O)C(CCSC)NC(=O)CCCCCCCCC(=O)NC(CCSC)C(=O)OC1COC2C(*)COC12,0.35394584,62,2,26,8,2,4,valid
6515,1772221241,*c1ccc(-c2ccc(Oc3ccc(C4(C)CC(C)(C)c5ccc(Oc6ccc(-c7ccc(N8C(=O)c9ccc(Oc%10ccc(C(C)(C)c%11ccc(Oc%12ccc%13c(c%12)C(=O)N(*)C%13=O)cc%11)cc%10)cc9C8=O)cc7)cc6C(F)(F)F)cc54)cc3)c(C(F)(F)F)c2)cc1,0.37902457,187,2,75,8,2,4,valid
6103,1654272225,*Oc1c(Cl)cc(*)cc1Cl,0.40066645,19,2,6,1,0,0,valid
2657,722671179,*CCCCCCNC(=O)NCc1ccc(CNC(=O)N*)cc1,0.32915874,34,2,16,2,4,2,valid
4313,1161122757,*Oc1ccc(CC(NC(=O)Cc2ccc(OC(=O)CCCC(*)=O)cc2)C(=O)OCCCCCCCC)cc1,0.34547985,62,2,30,7,1,4,valid
5153,1396173463,*NC(=O)O[C@@H]1/C=C\C=C/[C@H](C)[C@@H](/C(C)=C/C(N)(N*)C(N)(N)C[C@]2(O)CC(=O)O[C@@H](CC)[C@H]2C)OC(=O)CC/C=C(\C)[C@H](C)[C@H](O)[C@@H]1C,0.30358477,136,2,34,8,5,7,valid
4279,1154018955,*CC(*)n1c2ccccc2c2c3ccccc3ccc21,0.36652293,31,2,18,0,1,0,valid
4942,1337696117,*CCCCCCCCCCCNC(=O)CCCCCCCCCCC(=O)N*,0.37340882,35,2,23,2,2,2,valid
6383,1729640187,*CCCCCC(=O)Oc1ccc(C(C)(C)c2ccc(C(C)(C)c3ccc(OC(=O)c4ccc5c(c4)C(=O)N(*)C5=O)cc3)cc2)cc1,0.35751263,86,2,39,6,1,4,valid
4860,1315505306,*Oc1ccc(OC(=O)c2ccc(OCCCCCCCCOc3ccc(C(*)=O)cc3)cc2)cc1C(=O)CC,0.35362648,61,2,31,7,0,3,valid
4399,1184109682,*OC(=O)C(NC(=O)CCCCC(=O)NC(C(=O)OC1COC2C(*)COC12)C(C)CC)C(C)CC,0.34256683,62,2,24,8,2,4,valid
5009,1359050753,*NC1=C(CC=C)[C@H](CCCCC)c2cccc3ccc(N*)c1c23,0.3464462,43,2,21,0,2,2,valid
1374,370833911,*CCSSSS*,0.52820271,8,2,2,0,0,0,valid
2494,679096847,*c1cc(-c2sc(-c3cc(CCCCCCCCCCCCCC)c(*)s3)cc2CCCCCCCCCCCCCC)c2cccccc1-2,0.42191423,69,2,46,0,0,0,valid
2982,811102498,*CC(OC)C1C(=O)N(c2ccc(N(C)C)cc2)C(=O)C1*,0.36226319,40,2,15,3,2,2,valid
3706,1004036255,*c1ccc(Oc2ccc(N3C(=O)C4C5C=CC(C6C(=O)N(*)C(=O)C56)C4C3=O)cc2)cc1,0.40046874,64,2,24,5,2,5,valid
6143,1668423016,*Cc1cc(C)c(CNC(=O)CCCCC(=O)N*)cc1C,0.33390015,34,2,16,2,2,2,valid
2735,746006701,*CC(C#N)C(CCC(C)(O)C=C)C(*)(C)C,0.3589437,31,2,13,1,1,1,valid
7930,2136777400,*Oc1ccc(C(C)(C)c2ccc(Oc3ccc(C(=O)c4ccc(*)c(S(=O)(=O)O)c4)cc3S(=O)(=O)O)cc2)cc1,0.36520818,78,2,28,9,0,5,valid
2030,547602790,*OC(=O)Nc1ccc(C)c(NC(=O)OC2CCN(c3ccc(C=CC4=CC(=C(C#N)C#N)C=C(C=Cc5ccc(N6CCC(*)CC6)s5)O4)s3)CC2)c1,0.37611035,97,2,39,5,6,7,valid
934,258160847,*c1cccc(C(=O)Nc2ccc(Oc3ccc(Oc4ccc(Oc5ccc(NC(=O)c6cccc(N7C(=O)c8ccc(-c9cccc%10c9C(=O)N(*)C%10=O)cc8C7=O)c6)cc5)cc4)cc3)cc2)c1,0.36051806,124,2,54,9,4,6,valid
6197,1680789160,*C(=O)Nc1ccc(C2(c3ccc(N4C(=O)c5ccc(*)cc5C4=O)cc3)CCC(C(C)(C)CC)CC2)cc1,0.37936354,70,2,32,3,2,3,valid
4940,1337375382,*C(=O)Nc1ccc(Oc2ccc(NC(=O)c3ccc4c(c3)C(=O)N(c3ccc(S(=O)(=O)c5ccc(N6C(=O)c7ccc(*)cc7C6=O)cc5)cc3)C4=O)cc2)cc1,0.35862232,108,2,42,9,4,8,valid
702,195585477,*C(=O)c1ccc(N(*)CCC)cc1,0.39207045,23,2,10,1,1,1,valid
7939,2139764431,*c1ccc(Oc2ccc(Oc3ccc(Oc4ccc(-c5cnc6ccc(-c7ccc8nc(*)cnc8c7)cc6n5)cc4)cc3)cc2)cc1,0.38627985,79,2,40,3,4,0,valid
1046,286702486,*Nc1ccc(CC(C)(Cc2ccc(N)cc2)Cc2ccc(N*)cc2)cc1,0.34821769,44,2,23,0,3,0,valid
336,93319116,*COCOc1ccc(C(=O)OC(=O)c2ccc(O*)cc2)cc1,0.32347655,38,2,16,6,0,2,valid
1203,322065979,*c1ccc(Oc2c(C)cc(C(c3cccnc3)c3cc(C)c(Oc4ccc(N5C(=O)CC(Nc6ccc(NC7CC(=O)N(*)C7=O)cc6)C5=O)cc4)c(C)c3)cc2C)cc1,0.37995335,107,2,48,6,5,4,valid
2813,764478101,*C=Cc1ccc(OC(=O)CCCCCCCCC(=O)Oc2cccc(-c3nnc(*)s3)c2)cc1,0.35845216,55,2,26,4,2,3,valid
4014,1085625486,*CCCCCCCCN(C)c1ccc(C(=O)c2ccc(N(*)C)cc2)cc1,0.38912701,43,2,23,1,2,1,valid
2529,687545221,*CCC=C(*)c1ccccc1,0.38403531,17,2,10,0,0,1,valid
1073,290300802,*CC(F)(F)C(F)(F)C(F)(F)COC(=O)NCC(F)(F)C(F)(F)C(F)(F)C(F)(F)CNC(=O)O*,0.29982078,69,2,13,4,2,2,valid
6481,1758001941,*CCCP(=O)(CCCNC(=O)CCCCC(=O)N*)c1ccccc1,0.34157753,39,2,18,3,2,3,valid
6598,1792997917,*OC(CC(*)=O)C(Cl)(Cl)Cl,0.34337601,23,2,4,2,0,1,valid
13,3128201,*C(=O)c1ccc2c(c1)C(=O)N(c1ccc(C(=O)c3ccc(Cc4ccc(C(=O)c5ccc(N6C(=O)c7ccc(*)cc7C6=O)cc5)cc4)cc3)cc1)C2=O,0.36956078,102,2,44,7,2,7,valid
1274,343355330,*CCCCCCCCCCCCCCc1ccc(-c2c(-c3ccccc3)cc(-c3cccc(-c4cc(-c5ccccc5)c(-c5ccc(*)cc5)c(-c5ccccc5)c4-c4ccccc4)c3)c(-c3ccccc3)c2-c2ccccc2)cc1,0.40045418,132,2,80,0,0,0,valid
5799,1573828532,*Cc1ccc(CNC(=O)CC(C)(C)CC(C)C(=O)N*)cc1,0.33698788,39,2,17,2,2,2,valid
6555,1783262113,*Oc1c(C)cc(C(C)(C)c2cc(C)c(OC(=O)c3cccc(C(*)=O)c3)c(C)c2)cc1C,0.39532424,61,2,27,4,0,2,valid
7385,1995899423,*Oc1ccc(CC(NC(=O)Cc2ccc(OC(=O)COCCOCC(*)=O)cc2)C(=O)OCC)cc1,0.33327297,59,2,25,9,1,4,valid
4212,1139542368,*Nc1ccc(NC(=O)c2ccc(NC(=O)c3ccc([Si](C)(C)c4ccc(C(=O)Nc5ccc(C(*)=O)cc5)cc4)cc3)cc2)cc1,0.35485235,86,2,36,4,4,4,valid
1514,406335515,*Sc1ccc(C(=O)CNCCCCCCCCNCC(=O)c2ccc(*)cc2)cc1,0.37618331,45,2,23,2,2,2,valid
4437,1194500574,*Nc1cc2c3c(c1N*)C(C)(C)C(C)(C)[C@@]3(C)C(C)(C)C2(C)C,0.36944886,52,2,20,0,2,0,valid
7795,2102097019,*Nc1ccc([C@H](CCCCCC)c2ccc(CCc3ccc([C@@H](CCCCCC)c4ccc(N*)cc4)cc3)cc2)cc1,0.36359418,73,2,40,0,2,0,valid
7529,2035696631,*Nc1ccccc1C1(c2cc(C(C)(C)C)ccc2N*)CCCCC1,0.37402396,40,2,22,0,2,0,valid
3158,858364876,*Nc1cc2c(cc1N*)C(C)(C)CC2(C)C,0.36750858,29,2,13,0,2,0,valid
3278,896186812,*Nc1ccc(/C=C2\c3ccccc3-c3ccc(N*)cc32)cc1,0.352654845,40,2,20,0,2,1,valid
3576,975316837,*CCCCC=CCCCCC1CC(CCC2CC(*)OC2=O)C(=O)O1,0.35075006,39,2,20,4,0,3,valid
733,204849258,*CC(*)(C)C(=O)OCCCCCCCCCCOc1ccc(OC(=O)c2ccc(OCCCC)cc2)cc1,0.36120255,57,2,31,6,0,2,valid
4121,1113818194,*Nc1ccc2c(c1)C(C)(C)C[C@@]21CC(C)(C)c2ccc(N*)cc21,0.37806906,49,2,21,0,2,0,valid
5104,1386252295,*CC(CS(=O)(=O)CC)O*,0.36974777,19,2,5,3,0,2,valid
4477,1205814834,*O[Si](C)(C)O[Si](C)(C)O[Si](C)(C)O[Si](C)(C)OC(C)CCC(*)C,0.43174845,57,2,14,5,0,0,valid
7424,2005844572,*NC1=Cc2c(c3ccc(N*)cc3c3ccccc23)C[C@@H]1c1ccccc1,0.34384971,48,2,24,0,2,1,valid
7781,2098276804,*CCCCCCCCOc1c(OC)cc(C=Cc2cc(C(C)C)c(C=Cc3cc(OC)c(O*)c(OC)c3)cc2C(C)C)cc1OC,0.3769967,74,2,40,6,0,2,valid
3260,890037112,*CC(O)COc1ccc(C(C)(C)c2ccc(OCC(O)COc3cccc(NC(=O)Cc4cccc(CC(=O)Nc5cccc(O*)c5)c4)c3)cc2)cc1,0.3397353,89,2,43,8,2,2,valid
5082,1378557946,*N[C@H]1CC[C@H](C[C@H]2CC[C@H](N*)[C@@H](C)C2)C[C@@H]1C,0.36416977,55,2,15,0,2,0,valid
4126,1115283771,*O[Si](C)(C)O[Si](*)(C)c1c(F)c(F)c(F)c(F)c1F,0.38359544,44,2,9,2,0,0,valid
5802,1574744073,*c1ccc(Oc2ccc(C(=O)c3ccc(Oc4ccc(-c5c6c(c(*)c7ccccc57)C(=O)N(c5ccc(Cl)cc5)C6=O)cc4)cc3)cc2)cc1,0.38253331,93,2,43,5,1,3,valid
2628,714511257,*c1ccc(-c2nc3ccc(Oc4ccc5nc(*)c(-c6ccccc6)nc5c4)cc3nc2-c2ccccc2)cc1,0.45462761,66,2,34,1,4,0,valid
5510,1495695702,*c1ccc2c(c1)C(=O)N(c1ccc(C3(c4ccc(N5C(=O)c6ccc(C(*)(C(F)(F)F)C(F)(F)F)cc6C5=O)cc4)c4ccccc4-c4ccccc43)cc1)C2=O,0.42357892,109,2,44,4,2,4,valid
639,178586120,*C1C(=O)N(CCCCOc2ccc(-c3ccc(C#N)cc3)cc2)C(=O)C1*,0.34432797,48,2,21,3,2,2,valid
1658,445698643,*Oc1ccc(N=Nc2ccc(Oc3ccc(C(C)(C)c4ccc(*)cc4)cc3)cc2)cc1,0.3780172,54,2,27,2,2,1,valid
3688,999660395,*C(=O)NCCN(CCNC(=O)c1ccc2c(c1)C(=O)N(c1ccc(Oc3ccc(N4C(=O)c5ccc(*)cc5C4=O)cc3)cc1)C2=O)c1ccc(C=Cc2ccc([N+](=O)[O-])cc2)cc1,0.34863371,121,2,48,9,6,8,valid
4637,1250174161,*CC(C)C(*)(C)C,0.37444531,14,2,6,0,0,0,valid
2001,539590566,*CC(OCCCC)C(C(=O)OC)C(*)C(=O)OC,0.3557316,31,2,12,5,0,2,valid
6278,1701728451,*Oc1ccc(S(=O)(=O)c2ccc(Oc3ccc(C(C)(C)c4ccc(*)c(Cl)c4)cc3Cl)cc2)cc1,0.38291342,66,2,27,4,0,2,valid
6505,1768426283,*c1ccc2c(c1)C(=O)N(c1cccc(P(=O)(c3ccc(C(F)(F)F)cc3)c3cccc(N4C(=O)c5ccc(C(*)(C(F)(F)F)C(F)(F)F)cc5C4=O)c3)c1)C2=O,0.38899686,112,2,38,5,2,5,valid
327,91927958,*CC(*)(C)C(=O)OCCCN(C)c1ccc(N(C)C)cc1,0.36463818,37,2,16,2,2,1,valid
1994,538207206,*CC(c1ccccc1)C1C(=O)OC(=O)C1*,0.33148973,29,2,12,3,0,2,valid
5687,1542725530,*Nc1c(N*)c(-c2ccccc2)c2ccccc2c1-c1ccccc1,0.35701914,40,2,22,0,2,0,valid
7019,1896761463,*CC(*)(F)C(=O)OCC(Cl)(Cl)Cl,0.36380773,27,2,5,2,0,1,valid
5612,1522625717,*C(C)=C(*)CCCCCCC,0.40916746,17,2,10,0,0,1,valid
4306,1159254929,*CCCCCCCCCN1C(=O)c2ccc(C(c3ccc4c(c3)C(=O)N(*)C4=O)(C(F)(F)F)C(F)(F)F)cc2C1=O,0.35013256,76,2,28,4,2,4,valid
4718,1269889405,*CC(*)c1cc(Br)ccc1OCCCC,0.41686593,23,2,12,1,0,0,valid
3186,865879594,*CC(*)CNc1ccc([N+](=O)[O-])c(C(F)(F)F)c1,0.3854775,40,2,10,2,2,1,valid
4520,1217265261,*C(=O)Nc1ccc(C2(c3ccc(N4C(=O)c5ccc(*)cc5C4=O)cc3)CCCCC2)cc1,0.3710893,59,2,27,3,2,3,valid
1933,520243279,*Oc1ccc(OC(=O)c2ccc(-c3ccc(C(*)=O)cc3)cc2-c2ccccc2)c2ccccc12,0.36166198,60,2,30,4,0,2,valid
5940,1611579500,*CC(*)c1cc(Br)ccc1OCC,0.41409342,21,2,10,1,0,0,valid
1535,411320818,*c1ccc(C(=O)OCCCCCCCCCOC(=O)c2ccc(-c3nnc(*)s3)cc2)cc1,0.36418344,53,2,25,4,2,2,valid
3323,909382922,*Oc1ccccc1S(=O)(=O)c1ccc(*)cc1,0.36770444,30,2,12,3,0,2,valid
6736,1827057509,*CCCOCCCOC(=O)c1ccc(-c2ccc(C(=O)O*)cc2)cc1,0.3420761,42,2,20,5,0,2,valid
3372,923568845,*Oc1ccc(N(c2ccc(OCCCCCC)cc2)c2ccc(-c3ccc(N(c4ccc(*)cc4)c4ccc(OCCCCCC)cc4)cc3)cc2)cc1,0.40556896,84,2,48,3,2,0,valid
5367,1456134582,*CCCCCCNC(=O)CCP(=S)(CCC(=O)N*)c1ccccc1,0.34436665,39,2,18,2,2,3,valid
2556,692037059,*CC(*)c1cc(C)c(C)cc1C,0.40919806,21,2,11,0,0,0,valid
5987,1624065789,*c1ccc(C(=O)NCCCCCCCCCCCCNC(=O)c2ccc(-c3nc4ccccc4nc3*)cc2)cc1,0.36749027,61,2,34,2,4,2,valid
4793,1295510505,*CCC[Si](C)(C)O[Si](C)(C)CCCN1C(=O)c2ccc(C(=O)c3ccc4c(c3)C(=O)N(*)C4=O)cc2C1=O,0.37495768,78,2,27,6,2,5,valid
3441,942714544,*Nc1c(-c2ccccc2)cc(-c2ccccc2)cc1C1(c2cc(-c3ccccc3)cc(-c3ccccc3)c2N*)c2ccccc2-c2ccccc21,0.3863404,86,2,49,0,2,0,valid
7412,2003821691,*C1C(=O)N(c2cc(Br)c(O[Si](CC)(CC)CC)c(Br)c2)C(=O)C1*,0.42330372,52,2,16,3,1,2,valid
4086,1104839860,*c1ccc(Oc2ccc(Oc3ccc(N4C(=O)c5ccc(Oc6ccc7ccc(Oc8ccc9c(c8)C(=O)N(*)C9=O)cc7c6)cc5C4=O)cc3)cc2)cc1,0.36627913,96,2,44,8,2,4,valid
1797,483443678,*Nc1ccc(-c2ccc(N*)c(-c3ccc(C)cc3C)c2-c2ccc(C)cc2C)cc1,0.37968656,53,2,28,0,2,0,valid
6080,1649223775,*NC(C)CC(*)=O,0.32169997,13,2,4,1,1,1,valid
4377,1179272125,*c1ccc2c(c1)C(=O)N(c1cccc(C(F)(F)C(F)(F)C(F)(F)C(F)(F)C(F)(F)c3cccc(N4C(=O)c5ccc(C(F)(F)C(F)(F)C(*)(F)F)cc5C4=O)c3)c1)C2=O,0.34613604,122,2,36,4,2,4,valid
4038,1091424818,*Nc1ccc2c(C)c(-c3ccccc3)c(-c3ccccc3)c(N*)c2c1N,0.35215178,46,2,23,0,3,0,valid
2476,673883343,*C[Si](*)(CCCC)CCCC,0.40581493,19,2,9,0,0,0,valid
3373,924221537,*c1ccc(-c2nc3cc(-c4ccc5nc(*)c(-c6ccccc6)nc5c4)ccc3nc2-c2ccccc2)cc1,0.44967432,66,2,34,0,4,0,valid
1405,377905218,*CC(=O)NCCCCCCNC(=O)Cc1ccc(O*)cc1,0.33550386,33,2,16,3,2,2,valid
4979,1349126211,*CC(*)C(=O)Oc1cccc(C(=O)OC)c1,0.33263806,29,2,11,4,0,2,valid
1441,387982325,*Oc1ccc(C2(c3ccc(OC(*)=S)cc3)CCCCC2)cc1,0.36130705,39,2,19,2,0,1,valid
2552,691396928,*Oc1ccccc1C(=O)OC(=O)c1ccccc1OC(=O)c1ccc(C(*)=O)cc1,0.3307198,51,2,22,7,0,4,valid
2226,603788368,*c1cccc(C(=O)Nc2ccc(Oc3ccc(NC(=O)c4cccc(N5C(=O)c6ccc(-c7cccc8c7C(=O)N(*)C8=O)cc6C5=O)c4)cc3)cc2)c1,0.35298703,98,2,42,7,4,6,valid
7397,2000354912,*Nc1ccc([C@@]2(C)CC(C)(C)c3ccc(N*)c(C)c32)cc1C,0.37566233,46,2,20,0,2,0,valid
125,37511814,*Nc1ccc2c(c1)c1ccccc1c1c(-c3ccc(CCCCC)cc3)c(N*)c(-c3ccc(CCCCC)cc3)cc21,0.36461838,70,2,40,0,2,0,valid
6758,1834039585,*CCCCN1C(=O)c2ccc(C(=O)Oc3ccc(-c4ccc(OC(=O)c5ccc6c(c5)C(=O)N(*)C6=O)cc4)cc3)cc2C1=O,0.33870557,83,2,34,8,2,6,valid
6082,1649345915,*NCc1ccc(N*)cc1,0.322561555,15,2,7,0,2,0,valid
2970,808029389,*c1ccc2c(c1)C(=O)N(c1c(C)cc(Cc3cc(C)c(N4C(=O)c5ccc(C(*)(C(F)(F)F)C(F)(F)F)cc5C4=O)c(C)c3)cc1C)C2=O,0.41239714,98,2,36,4,2,4,valid
565,155701787,*C=CC(C(=O)OCC)C(*)C(=O)OCC,0.36320884,27,2,10,4,0,3,valid
3995,1081227608,*C[Si](*)(C)CCCN(CC)CC,0.38730657,22,2,9,0,1,0,valid
6853,1857351068,*c1ccc(Oc2ccc(Sc3ccc(Oc4ccc(-c5cccc(*)n5)cc4C(F)(F)F)cc3)cc2)c(C(F)(F)F)c1,0.39151592,74,2,30,2,1,0,valid
6905,1869593647,*C(=O)c1ccc(N(*)C)cc1,0.37772289,21,2,8,1,1,1,valid
7031,1899805345,*c1ccc(S(=O)(=O)c2ccc(N3C(=O)c4ccc(Oc5ccc(Oc6ccc7c(c6)C(=O)N(*)C7=O)cc5)cc4C3=O)cc2)cc1,0.37206613,87,2,34,8,2,6,valid
6676,1811086141,*CC(F)(F)C(F)(F)C(F)(F)COC(=O)NCCCCCCNC(=O)O*,0.32095446,45,2,13,4,2,2,valid
4606,1242973596,*CC(*)(C)C(=O)OC1(C)C2CC3CC(C2)CC1C3,0.37224912,36,2,15,2,0,1,valid
7493,2025206311,*NC1=C2C=CC=C[C@@H]2[C@@](N*)(c2c(C)cc(N)c3ccccc23)C(C)=C1,0.36137025,58,2,22,0,3,4,valid
393,108528555,*Nc1c(CCCCC)c2ccc3cccc4ccc(c1N*)c2c34,0.34744506,37,2,21,0,2,0,valid
4668,1256991095,*C=CC1CC(*)C2C(=O)N(CCCCCCCCC)C(=O)C12,0.37137448,38,2,18,2,1,3,valid
6554,1783173657,*CC(*)(CC(=O)OC(C)C)C(=O)OC12CC3CC(CC(C3)C1)C2,0.39313368,46,2,18,4,0,2,valid
4227,1143098154,*c1ccc(Sc2cc3c(cc2Sc2ccc(N4C(=O)c5ccc(Oc6ccc7c(c6)C(=O)N(*)C7=O)cc5C4=O)cc2)C(=O)N(CCCCCCCCCCCCCCCC)C3=O)cc1,0.37283494,108,2,50,7,3,6,valid
1270,343110199,*CCOC(=O)c1ccc(-c2ccc(C(=O)O*)cc2)cc1,0.3359349,37,2,16,4,0,2,valid
7004,1893396253,*CC(*)(C)C(=O)OCCCCCCCCCCCOc1ccc(C(=O)Oc2ccc(C#N)cc2)cc1,0.3618429,56,2,29,5,1,2,valid
339,94344742,*c1ccc(Oc2ccc(C(=O)c3ccc(Oc4ccc(-c5nnc(*)c6c(-c7ccccc7)c(-c7ccc8ccccc8c7)c(-c7ccc8ccccc8c7)c(-c7ccccc7)c56)cc4)cc3)cc2)cc1,0.39742985,122,2,65,3,2,1,valid
3739,1015530423,*CC(*)(F)C(=O)OCC(F)(F)C(F)F,0.31321391,28,2,6,2,0,1,valid
7736,2085100639,*Cc1ccccc1CN(CC)c1ccc(/C=C(\C#N)C(=O)Nc2cccc(NC(=O)/C(C#N)=C/c3ccc(N(*)CC)cc3)c2)cc1,0.36570128,84,2,38,2,6,4,valid
5693,1544534408,*CC(*)c1ccc([Si](C)(C)O[Si](C)(C)C)cc1,0.45403849,38,2,13,1,0,0,valid
6070,1646893921,*CC1CCC(COC(C)OC(=O)c2cccc(C(=O)OC(C)O*)c2)CC1,0.35679176,46,2,20,6,0,2,valid
7965,2145995824,*c1ccc(C)c(N2C(=O)c3ccc(S(=O)(=O)c4ccc5c(c4)C(=O)N(*)C5=O)cc3C2=O)c1,0.38486808,68,2,23,6,2,6,valid
6858,1860317687,*Nc1ccc(NC(=O)CCCCCCCCC(*)=O)cc1,0.34362682,32,2,16,2,2,2,valid
262,74865291,*OC(=O)OCCOCCOC(=O)OC1COC2C(*)COC12,0.31603172,35,2,12,9,0,2,valid
4123,1114394646,*c1ccc(-c2ccc(-c3ccc(-c4ccc([Si](*)(CCCC)CCCC)s4)s3)s2)s1,0.43213271,57,2,24,0,0,0,valid
5476,1484271204,*Nc1ccc2ccccc2c1-c1c(N*)c(-c2ccccc2)cc2ccccc12,0.35903974,46,2,26,0,2,0,valid
5504,1493656978,*c1ccc(Oc2ccc(C(=O)c3cccc(C(=O)c4ccc(Oc5ccc(-c6c7c(c(*)c8ccccc68)C(=O)N(c6ccc(F)cc6)C7=O)cc5)cc4)c3)cc2)cc1,0.37299965,107,2,50,6,1,4,valid
6717,1820800881,*Nc1ccc(C2(c3ccc(N*)c(C(C)C)c3)c3ccccc3-c3ccccc32)cc1C(C)C,0.39538255,58,2,31,0,2,0,valid
5094,1382706123,*Oc1c(F)c(F)c(S(=O)(=O)c2c(F)c(F)c(Oc3ccc(C(c4ccc(*)cc4)(C(F)(F)F)C(F)(F)F)cc3)c(F)c2F)c(F)c1F,0.36236981,94,2,27,4,0,2,valid
2391,650082699,*Oc1c(C)cc(*)cc1C(C)CCCCCC,0.41283959,26,2,15,1,0,0,valid
6265,1699735817,*Nc1ccc(C2(c3ccc(N*)c(C(C)(C)C)c3)c3ccccc3-c3ccccc32)cc1C(C)(C)C,0.39115319,64,2,33,0,2,0,valid
3614,982644871,*Nc1cccc(NC(=O)CCCCCCCCC(=O)Nc2ccc(C(=O)NC(*)=S)cc2)c1,0.34266836,54,2,24,3,4,4,valid
2881,783741919,*Nc1cc2c(cc1N*)C1(c3cc(N)c(N)cc3-c3cc(N)c(N)cc31)c1cc(N)c(N)cc1-2,0.37495313,65,2,25,0,8,0,valid
5293,1438410833,*Oc1ccc(CC(NC(=O)CCc2ccc(OC(=O)COCCOCC(*)=O)cc2)C(=O)OCCCC)cc1,0.34168737,62,2,28,9,1,4,valid
1852,501088576,*CC(*)(C)C(=O)OCCCCCCCCCCOc1ccc(OC(=O)c2ccc(OCCCCCCCC)cc2)cc1,0.36549965,61,2,35,6,0,2,valid
679,189637201,*CC(*)c1ccc(COC(C)CC)cc1,0.38400866,24,2,13,1,0,0,valid
3354,917837982,*c1ccc(Oc2cc(C(C)(C)C)c(Oc3ccc(N4C(=O)c5ccc(-c6ccc7c(c6)C(=O)N(*)C7=O)cc5C4=O)cc3)cc2C(C)(C)C)cc1,0.40671678,97,2,42,6,2,4,valid
1249,335695120,*CC(=O)Nc1ccc(S(=O)(=O)c2ccc(NC(=O)c3ccc4c(c3)C(=O)N(*)C4=O)cc2)cc1,0.33962097,67,2,23,6,3,6,valid
6445,1749285601,*CC(*)C(=O)n1c2ccccc2c2ccccc21,0.37111974,30,2,15,1,1,1,valid
7833,2110077418,*CCCC1(CCCNC(=O)CCCCCCCCC(=O)N*)c2ccccc2-c2ccccc21,0.35257757,50,2,29,2,2,2,valid
7565,2043894726,*c1ccc(Oc2ccc(NC(=O)c3ccc(C(=O)Nc4ccc(Oc5ccc(-c6nnc(*)o6)cc5)cc4)c(Oc4ccccc4)c3)cc2)cc1,0.36628379,87,2,40,6,4,2,valid
232,67637672,*C=CC1CC(*)C2C(=O)N(c3ccccc3Cl)C(=O)C12,0.39149217,39,2,15,2,1,3,valid
3221,877661391,*CC#CC(C#CCOC(=O)CCCCCCCCC(=O)O*)=Cc1ccc(C#Cc2ccc([N+](=O)[O-])cc2)cc1,0.37813011,70,2,32,6,1,4,valid
4454,1201572278,*c1ccc(-c2nnc(*)o2)c(OCCCCC)c1,0.42893237,30,2,13,2,2,0,valid
943,259345713,*Nc1ccc(C(c2ccc(N*)cc2)(C2CCCCC2)C2CCCCC2)cc1,0.3823599,45,2,25,0,2,0,valid
4749,1283103305,*CC(Cc1cccc2ccccc12)C[Si](*)(C)C,0.37233408,32,2,16,0,0,0,valid
1404,377845835,*c1ccc(-c2nc3cc(Oc4ccc(NC(=O)CN5C(=O)c6ccc(C(c7ccc8c(c7)C(=O)N(CC(=O)Nc7ccc(Oc9ccc%10nc(-c%11ccccc%11)c(*)nc%10c9)cc7)C8=O)(C(F)(F)F)C(F)(F)F)cc6C5=O)cc4)ccc3nc2-c2ccccc2)cc1,0.37297342,174,2,69,8,8,6,valid
6040,1638745393,*CC(*)(CC(=O)OCC)C(=O)OCC,0.34796844,25,2,9,4,0,2,valid
1847,499146119,*O[Sn](CCCC)(CCCC)OC(=O)c1ccc(C(*)=O)cc1,0.36080704,40,2,16,4,0,2,valid
4969,1345870350,*c1ccc(Oc2ccc(C(=O)c3ccc(C(=O)c4ccc(Oc5ccc(-c6nc7ccccc7n6-c6ccc(-n7c(*)nc8ccccc87)cc6)cc5)cc4)cc3)cc2)cc1,0.3802456,105,2,52,4,4,2,valid
6840,1854554359,*c1cc(C(c2ccc(OCc3cc(OCCN(C)c4ccc(C=CC5=CC(=C(C#N)C#N)CC(C)(C)C5)cc4)cc(OCCN(C)c4ccc(C=CC5=CC(=C(C#N)C#N)CC(C)(C)C5)cc4)c3)c(N3C(=O)c4ccc(Oc5ccc6c(c5)C(=O)N(*)C6=O)cc4C3=O)c2)(C(F)(F)F)C(F)(F)F)ccc1OCc1cc(OCCN(C)c2ccc(C=CC3=CC(=C(C#N)C#N)CC(C)(C)C3)cc2)cc(OCCN(C)c2ccc(C=CC3=CC(=C(C#N)C#N)CC(C)(C)C3)cc2)c1,0.37745339,306,2,133,11,14,16,valid
7001,1892522189,*Nc1ccc([C@]2(c3ccccc3)CC[C@H](N*)CC2)cc1,0.34589131,41,2,18,0,2,0,valid
5298,1439837660,*C(=O)Nc1ccc(C2(c3ccc(NC(=O)c4ccc5c(c4)C(=O)N(c4ccc(Oc6cccc(Oc7ccc(N8C(=O)c9ccc(*)cc9C8=O)cc7)c6)cc4)C5=O)cc3)c3ccccc3-c3ccccc32)cc1,0.36700382,132,2,61,8,4,6,valid
7970,2147191531,*c1cc(C(=O)NCCCCCCCC)cc(N2C(=O)c3ccc(-c4ccc5c(c4)C(=O)N(*)C5=O)cc3C2=O)c1,0.36941098,73,2,31,5,3,5,valid
3596,979464287,*c1ccc2c(c1)C(=O)N(c1cccc(Oc3cccc(N4C(=O)c5ccc(C(*)(C(F)(F)F)C(F)(F)F)cc5C4=O)c3)c1)C2=O,0.3736609,88,2,31,5,2,4,valid
2801,761886758,*O[Si](*)(C)CCCOc1ccc(C(=O)Oc2ccc(-c3ccc(OC(=O)c4cc(OCC(C)CC)c(OCC(C)CC)c(OCC(C)CC)c4)cc3)cc2)cc1,0.37208958,97,2,45,9,0,2,valid
6075,1647532424,*Oc1ccc(CC(NC(=O)CCc2ccc(OC(=O)CCC(*)=O)cc2)C(=O)OCC)cc1,0.33994048,56,2,24,7,1,4,valid
5844,1584609339,*O[Si](C)(C)c1ccc([Si](*)(C)C)c2ccccc12,0.41683838,39,2,14,1,0,0,valid
3495,954781354,*Nc1cc(N)c(-c2cccc3cc4ccc5cc6cc7ccccc7cc6cc5c4cc23)c(N*)c1,0.34724713,58,2,32,0,3,0,valid
737,206145001,*c1ccc(Oc2ccc(N3C(=O)c4ccc(Oc5ccc(C(=O)c6ccc(Oc7ccc8c(c7)C(=O)N(*)C8=O)cc6)cc5)cc4C3=O)cc2)cc1,0.37060642,94,2,41,8,2,5,valid
892,247866107,*C(=O)Nc1ccc(Oc2ccc(N3C(=O)CC(N4C(=O)c5ccc(*)cc5C4=O)C3=O)cc2)cc1,0.35047717,65,2,25,6,3,5,valid
4550,1224767743,*OCCON(OCCO*)c1ccc(N=Nc2cc([N+](=O)[O-])ccc2OCCOC(=O)Nc2ccc(Cc3ccc(NC(*)=O)cc3)cc2)cc1,0.33829793,86,3,33,10,6,4,valid
4804,1298446728,*c1ccc2c(c1)C(=O)N(c1ccc3c(c1)Cc1cc(N4C(=O)c5ccc(C(*)(C(F)(F)F)C(F)(F)F)cc5C4=O)ccc1-3)C2=O,0.40300966,91,2,32,4,2,4,valid
1557,417837947,*c1ccc(Oc2ccc(C(=O)c3ccc(Oc4ccc(C(=O)c5ccc(Oc6ccc(-c7nc8ccccc8n7-c7ccc(-n8c(*)nc9ccccc98)cc7)cc6)cc5)cc4)cc3)cc2)cc1,0.38408582,116,2,58,5,4,2,valid
5994,1626154089,*Oc1c(-c2ccccc2)cc(*)cc1-c1ccc(C)cc1,0.40218767,36,2,19,1,0,0,valid
2656,722657419,*CC(COc1ccc(C2CCCC(CC)(c3ccc(O*)cc3)C2)cc1)OC(C)=O,0.35641137,50,2,25,4,0,1,valid
5375,1459842972,*N[C@H]1OC(N)(N*)NC1=O,0.29071263,22,2,3,2,4,1,valid
2844,772591088,*Cc1ccc2oc(=O)c(C(=O)Nc3ccc(Oc4ccc(NC(=O)c5cc6cc(*)ccc6oc5=O)cc4)cc3)cc2c1,0.33664324,74,2,33,7,2,4,valid
6042,1639290741,*CCCCCCOc1ccc(-c2cc(-c3ccccc3)c(-c3ccc(NC(=O)c4ccc(C(=O)Nc5ccc(-c6c(-c7ccccc7)cc(-c7ccc(O*)cc7)cc6-c6ccccc6)cc5)cc4)cc3)c(-c3ccccc3)c2)cc1,0.37246219,138,2,74,4,2,2,valid
6951,1880766912,*Oc1ccc(CC(NC(=O)CCc2ccc(OC(=O)COCC(*)=O)cc2)C(=O)OCC(C)C)cc1,0.33925962,61,2,26,8,1,4,valid
3058,830475899,*CCCNC(=O)CNC(=O)C(Cc1ccccc1)NC(=O)CCCCCCCCC(=O)NC(Cc1ccccc1)C(=O)NCC(=O)NCCCOCCOCCO*,0.34027118,85,2,42,9,6,6,valid
3597,979533481,*CCCCCCCCCCNC(=N*)c1ccccc1,0.3881679,26,2,17,0,2,1,valid
6086,1650263868,*CC(*)(C)C(=O)OCCOCCOCCOCCOCCOCCOCCOCCOC,0.35087647,40,2,21,10,0,1,valid
3562,972642110,*Nc1ccc2ccc3c(N*)c(-c4ccc(C5(c6ccccc6)c6ccccc6-c6ccccc65)cc4)cc4ccc1c2c43,0.36945993,73,2,41,0,2,0,valid
5645,1531080761,*c1cccc(OCCCCCCCCCCCOC(=O)c2ccc(C(=O)OCCCCCCCCCCCOc3cccc(-c4nnc(*)s4)c3)cc2)c1,0.37334678,78,2,44,6,2,2,valid
7219,1950021660,*Oc1ccc(Oc2ccc(C(=O)Nc3ccc(Oc4ccc(-c5ccc(Oc6ccc(NC(=O)c7ccc(*)cc7)cc6)cc5)cc4)cc3)cc2)cc1-c1ccccc1,0.36433591,98,2,50,6,2,2,valid
2042,550796562,*C(=O)c1ccc2c(c1)C(=O)N(c1ccc(Oc3cc(C(C)(C)C)c(Oc4ccc(N5C(=O)c6ccc(*)cc6C5=O)cc4)cc3C(C)(C)C)cc1)C2=O,0.4050413,101,2,43,7,2,5,valid
3553,971170976,*Oc1ccccc1-c1ccccc1Oc1ccc2c(=O)n3c4cc(-c5ccc6c(c5)nc5c7ccc(*)c8cccc(c(=O)n65)c87)ccc4nc3c3cccc1c23,0.3792992,98,2,48,4,4,2,valid
905,252276774,*OC(=O)OCCCCCCCCCCOC(=O)OC1COC2C(*)COC12,0.34183349,40,2,18,8,0,2,valid
964,263293393,*Oc1ccc2ccc(Oc3ccc(C(=Nc4ccc(N=C(c5ccccc5)c5ccc(*)cc5)cc4)c4ccccc4)cc3)cc2c1,0.38174047,76,2,42,2,2,2,valid
4379,1179731134,*CCOCCOC(=O)CCCCCCCCCCC(=O)O*,0.35940014,29,2,16,5,0,2,valid
5669,1536452950,*Oc1ccc(Oc2ccc(C(=O)c3ccc(Oc4ccc(Oc5ccc(C(=O)c6ccc(*)c(C(C)C)c6)cc5)cc4)cc3)cc2C(C)C)cc1,0.3952199,88,2,44,6,0,2,valid
5601,1517401237,*CC(*)c1cc(C(=O)OCC)ccc1-c1ccc(OCCCCCCCC)cc1,0.38076446,44,2,25,3,0,1,valid
252,72192148,*C(=O)c1ccc2c(c1)C(=O)N(c1ccc(Cl)c(N3C(=O)c4ccc(*)cc4C3=O)c1)C2=O,0.38538463,65,2,23,5,2,5,valid
1478,396421326,*Oc1ccc(N=Nc2ccc(Cc3ccc(N=Nc4ccc(OC(=O)c5ccc(C(*)=O)cc5)cc4)cc3[N+](=O)[O-])c([N+](=O)[O-])c2)cc1,0.36334689,97,2,33,8,6,6,valid
652,181346795,*CCN(CCOC(=O)NCCCCCCNC(=O)O*)c1ccc(N=Nc2ccc([N+](=O)[O-])cc2)c(C)c1,0.35275364,67,2,25,6,6,4,valid
49,12265790,*CC(*)C(=O)OC(C)C,0.36594213,17,2,6,2,0,1,valid
1408,378754763,*CC1(*)CC(=O)N(c2ccccc2)C1=O,0.34449463,28,2,11,2,1,2,valid
2992,813149599,*Oc1ccc(C(c2ccccc2)(c2ccccc2)c2ccc(OC(=O)c3ccc(C(*)=O)cc3)cc2)cc1,0.38193072,65,2,33,4,0,2,valid
7720,2081117789,*Nc1ccc([C@H](C)Cc2ccc(C[C@@H](C)c3ccc(N*)cc3)cc2)cc1,0.36158847,53,2,24,0,2,0,valid
2163,585151885,*CCC(=O)Nc1ccc(Oc2cccc(NC(=O)CCN3C(=O)c4ccc(C(=O)c5ccc6c(c5)C(=O)N(*)C6=O)cc4C3=O)c2)cc1,0.33304131,88,2,35,8,4,7,valid
5233,1420812496,*OC(COC(=O)c1cc(C(*)=O)cc(C(C)(C)C)c1)COc1ccc(N=Nc2ccc(C#N)cc2)cc1,0.37044454,66,2,28,5,3,3,valid
6965,1883909955,*c1ccc(-c2cc(CCCCCCCC)c(-c3ccc(-c4ccc(-c5sc(-c6ccc([Si](C)(C)[Si](*)(C)C)s6)cc5CCCCCCCC)s4)s3)s2)s1,0.44805866,99,2,44,0,0,0,valid
5960,1617530326,*c1ccc(Cc2ccc(N3C(=O)c4c(c(-c5ccccc5)c(-c5ccc(Oc6ccc(-c7c(-c8ccccc8)c8c(c(-c9ccccc9)c7-c7ccccc7)C(=O)N(*)C8=O)cc6)cc5)c(-c5ccccc5)c4-c4ccccc4)C3=O)cc2)cc1,0.40959126,154,2,77,5,2,4,valid
6579,1788955118,*Oc1ccc(C(c2ccc(Oc3c(F)c(F)c(COC(c4cccc(C(OCc5c(F)c(F)c(*)c(F)c5F)(C(F)(F)F)C(F)(F)F)c4)(C(F)(F)F)C(F)(F)F)c(F)c3F)cc2)(C(F)(F)F)C(F)(F)F)cc1,0.34613414,141,2,41,4,0,0,valid
1223,328019914,*CC(*)(C)C(=O)OCCCCOc1ccc(OC(=O)c2ccc(OC)c(Br)c2)cc1,0.35295173,52,2,22,6,0,2,valid
810,227838325,*Oc1c(Cl)cc(C(c2cc(Cl)c(OC(*)=O)c(Cl)c2)C2CC3CCC2C3)cc1Cl,0.4079258,57,2,21,3,0,1,valid
2676,728252718,*Oc1ccc(C(C)(C)c2ccc(OC(=O)C3CCC(C(*)=O)CC3)cc2)cc1,0.3540751,51,2,23,4,0,2,valid
1729,467619338,*CC(C)C=C(*)C,0.40607353,13,2,6,0,0,1,valid
752,210914084,*CCCCCCCCCCOC(=O)Nc1ccc(C)c(NC(=O)O*)c1,0.35319666,39,2,19,4,2,2,valid
4464,1203525380,*CC(*)(CC)C(=O)OCC,0.36305897,18,2,7,2,0,1,valid
6370,1725823139,*CC(*)OC(=O)C(C)(C)C(C)C(C)C,0.37195961,28,2,11,2,0,1,valid
4530,1220036380,*Oc1ccc(S(=O)(=O)c2ccc(Oc3ccc(-c4ccc(*)cc4)cc3)cc2N)c(N)c1,0.36266828,58,2,24,4,2,2,valid
1012,278061089,*Oc1ccc(C2(c3ccc(Oc4ccc(C(=O)c5cccc6cccc(C(=O)c7ccc(*)cc7)c56)cc4)cc3)c3ccccc3-c3ccccc32)cc1,0.38951494,92,2,49,4,0,2,valid
6411,1738468386,*C(=O)Oc1ccc2ccc(OC(=O)c3ccc4c(c3)C(=O)N(c3ccc(Oc5ccc(N6C(=O)c7ccc(*)cc7C6=O)cc5)cc3)C4=O)cc2c1,0.35455535,95,2,40,9,2,6,valid
3854,1045667225,*CC(=O)NCCCCCCNC(=O)COC(=O)CCCCCCCCCCC(=O)O*,0.34246271,44,2,22,6,2,4,valid
4609,1243527935,*Nc1ccc(Oc2ccc(Nc3ccc4c(c3)c3cc(*)ccc3n4CC(CC)CCCC)cc2)cc1,0.38890239,58,2,32,1,3,0,valid
5885,1595837642,*Nc1ccc([C@@H](CC)c2ccccc2[C@H](CC)c2ccc(N*)cc2)cc1,0.36286788,51,2,24,0,2,0,valid
6359,1722752192,*c1ccc(Oc2ccc(N3C(=O)c4ccc(Oc5ccc(Oc6ccc7c(c6)C(=O)N(*)C7=O)cc5)cc4C3=O)cc2)cc1,0.36428259,79,2,34,7,2,4,valid
7696,2074469442,*CC(*)(C)C(=O)OCCCCCCCCCCCn1c2ccccc2c2ccccc21,0.36342293,45,2,26,2,0,1,valid
4005,1083208752,*C(=O)Nc1ccc(Oc2cccc3c(NC(=O)c4ccc5c(c4)C(=O)N(c4ccc(Oc6cccc7c(N8C(=O)c9ccc(*)cc9C8=O)cccc67)cc4)C5=O)cccc23)cc1,0.36673597,112,2,50,8,4,6,valid
3276,895368318,*c1ccc(Oc2ccc(N3C(=O)C4CCC(C5CCC6C(=O)N(*)C(=O)C6C5)CC4C3=O)cc2)cc1,0.37758601,67,2,28,5,2,4,valid
7151,1931410833,*CC(*)(C)C(=O)Oc1ccc(-c2nnc(-c3ccc(C(C)(C)C)cc3)o2)cc1,0.38550865,54,2,22,3,2,1,valid
6074,1647212497,*Nc1ccc(C2(c3ccc(N*)cc3)CCCc3ccccc32)cc1,0.35799942,40,2,22,0,2,0,valid
2144,579662449,*C(=O)Nc1ccc(NC(=O)c2ccc(NC(=O)c3ccc(-c4nc5cc(*)ccc5[nH]4)cc3)cc2)cc1,0.355364,69,2,28,3,5,3,valid
2682,730173328,*CC(*)(C)C(=O)OCCCCCCOc1ccc(N=Nc2ccc([N+](=O)[O-])cc2)cc1,0.36098706,57,2,22,5,3,3,valid
2029,547172331,*Nc1ccc([C@@H]2[C@H](c3ccc(N)cc3)[C@@H](c3ccc(N)cc3)[C@H]2c2ccc(N*)cc2)cc1,0.36720973,74,2,28,0,4,0,valid
7240,1956150521,*CC(*)(C)C(=O)OCCN(C)C,0.36516646,22,2,8,2,1,1,valid
7577,2047303918,*c1ccc(Oc2ccc(-c3ccc(Oc4ccc(N5C(=O)c6cccc(Oc7c(Oc8cccc9c8C(=O)N(*)C9=O)cc(C(C)(C)C)cc7C(C)(C)C)c6C5=O)cc4)cc3)cc2)cc1,0.3876841,117,2,54,8,2,4,valid
2261,614398604,*CCCCCCNC(=O)CCCCCCC(=O)N*,0.34822579,26,2,14,2,2,2,valid
591,164916720,*CCCCCCOC(=O)C(CCCCCCCCCCBr)C(=O)OCCCCCCOc1ccc(-n2on2-c2ccc(O*)cc2)cc1,0.37107899,70,2,37,7,2,2,valid
6371,1726139010,*CC(*)(C)C(=O)Oc1c(C)cccc1C,0.35811982,27,2,12,2,0,1,valid
3508,959078750,*CCCCCC(*)CCCC,0.4045687,14,2,10,0,0,0,valid
3999,1082166960,*C(F)(F)C(*)(F)OC(F)(F)F,0.30823837,24,2,3,1,0,0,valid
3402,931906273,*Oc1ccc(S(=O)(=O)c2ccc(Oc3ccc(S(=O)(=O)c4ccc(-c5ccc(-c6ccc(S(=O)(=O)c7ccc(*)cc7)cc6)cc5)cc4)cc3)cc2)cc1,0.37649648,103,2,42,8,0,6,valid
2454,670279906,*C(=O)Nc1ccc(Oc2cc(C(C)(C)C)c(Oc3ccc(NC(=O)c4ccc5c(c4)C(=O)N(c4ccc(Oc6ccc(C7(c8ccc(Oc9ccc(N%10C(=O)c%11ccc(*)cc%11C%10=O)cc9)cc8)CC8CC7C7CCCC87)cc6)cc4)C5=O)cc3)cc2C(C)(C)C)cc1,0.38634779,176,2,78,10,4,6,valid
824,230432971,*CN1C(=O)c2ccc(C(c3ccc4c(c3)C(=O)N(Cc3nnc(-c5ccc(-c6nnc(*)o6)c(Oc6ccccc6)c5)o3)C4=O)(C(F)(F)F)C(F)(F)F)cc2C1=O,0.36767095,110,2,37,7,6,4,valid
2646,720835147,*Nc1ccc(C(c2ccc(NC(=O)c3cc(NC(=O)CCCCCN4C(=O)c5ccccc5C4=O)cc(C(*)=O)c3)cc2)(C(F)(F)F)C(F)(F)F)cc1,0.33696818,97,2,37,5,4,5,valid
5790,1571736697,*c1cc(CCCCCCOC(=O)COc2ccccc2)c(*)s1,0.36035574,35,2,18,3,0,1,valid
2528,687447085,*c1ccc(Oc2ccc(C(=O)c3ccc(C(=O)c4ccc(Oc5ccc(-c6nc(-c7ccc(-c8nc(*)c(-c9ccccc9)[nH]8)cc7)[nH]c6-c6ccccc6)cc5)cc4)cc3)cc2)cc1,0.40004414,121,2,56,4,4,2,valid
4455,1201617221,*c1ccc(-c2sc(-c3cc(SCCCC)c(*)s3)cc2SCCCC)cc1,0.50761848,44,2,22,0,0,0,valid
6150,1669411867,*c1ccc(Oc2cccc(N3C(=O)c4ccc([Si](C)(C)O[Si](C)(C)c5ccc6c(c5)C(=O)N(c5cccc(Oc7ccc(-c8nnc(*)o8)cc7)c5)C6=O)cc4C3=O)c2)cc1,0.38763458,119,2,46,8,4,4,valid
1437,386257654,*Nc1ccc2c(c1)-c1cc(N*)ccc1C21C=CCCC1,0.36307465,36,2,18,0,2,1,valid
2392,650711958,*CC(CO*)(CSCC)CSCC,0.41686273,18,2,9,1,0,0,valid
5548,1506883443,*c1ccc(C(c2ccccc2)c2ccc(N3C(=O)c4ccc(-c5ccc6c(c5)C(=O)N(*)C6=O)cc4C3=O)cc2)cc1,0.40443369,78,2,35,4,2,4,valid
4082,1104001182,*Nc1ccc(Nc2ccc(N*)cc2)cc1,0.31540535,25,2,12,0,3,0,valid
1014,278169291,*CCCCCCNC(=O)c1ccc(C(=O)N*)c(Oc2ccccc2)c1,0.34618661,41,2,20,3,2,2,valid
480,133124835,*C(=O)Oc1ccc(OC(=O)c2ccc3c(c2)C(=O)N(c2ccc(Oc4ccc(N5C(=O)c6ccc(*)cc6C5=O)cc4)cc2)C3=O)c(C(C)(C)C)c1,0.36528492,99,2,40,9,2,6,valid
5482,1485858652,*CC(*)(C)C(=O)OCC1COC(c2ccccc2)O1,0.33388652,33,2,14,4,0,1,valid
6420,1741494533,*Oc1ccc(Sc2ccc(Oc3ccc4c(=O)n5c6cc(-c7ccc8c(c7)nc7c9ccc(*)c%10cccc(c(=O)n87)c%109)ccc6nc5c5cccc3c45)cc2)cc1,0.37801304,106,2,47,4,4,2,valid
6235,1691054850,*C(=O)Nc1ccc(Oc2c(C)cc(C(C)(C)c3cc(C)c(Oc4ccc(NC(=O)c5ccc6c(c5)C(=O)N(c5ccc(Oc7ccc(C8(c9ccc(Oc%10ccc(N%11C(=O)c%12ccc(*)cc%12C%11=O)cc%10)cc9)CC9CC8C8CCCC98)cc7)cc5)C6=O)cc4)c(C)c3)cc2C)cc1,0.382364,189,2,83,10,4,6,valid
7205,1947568782,*O[Si](C)(C)O[Si](C)(C)O[Si](C)(C)C#Cc1ccc(C#C[Si](*)(C)C)cc1,0.46091949,61,2,18,3,0,0,valid
1394,374925730,*CCC(Cl)C(*)Cl,0.37989615,14,2,4,0,0,0,valid
5700,1546988712,*c1ccc2oc(-c3ccc(Oc4ccc(-c5nc6cc(C(*)(C(F)(F)F)C(F)(F)F)ccc6o5)cc4)cc3)nc2c1,0.41418077,76,2,29,3,2,0,valid
6011,1630847021,*Nc1ccc(C(=CC=C(c2ccccc2)c2ccccc2)c2ccc(N*)cc2)cc1,0.3719653,50,2,28,0,2,2,valid
6520,1773625763,*O[Si](C)(C)c1ccc2ccc3c([Si](*)(C)C)ccc4ccc1c2c43,0.39894601,49,2,20,1,0,0,valid
4471,1204523273,*c1cc(CCCCOC(=O)CCC)c(*)s1,0.38073142,26,2,12,2,0,1,valid
3580,975679689,*NC(CCC(=O)Nc1ccc(N(c2ccccc2)c2ccccc2)cc1)C(*)=O,0.36156406,48,2,23,2,3,2,valid
1252,336321161,*c1ccc(CC(=O)Nc2ccc(Cc3ccc(NC(=O)Cc4ccc(-c5sc(*)c(-c6ccccc6)c5-c5ccccc5)cc4)cc3)cc2)cc1,0.38110654,87,2,45,2,2,2,valid
2358,642330071,*Oc1ccc(-c2ccc(OC(=O)c3cc(N=Nc4ccc(OCC)cc4)ccc3-c3ccc(N=Nc4ccc(OCC)cc4)cc3C(*)=O)cc2)cc1,0.37270172,88,2,42,6,4,4,valid
7192,1942693246,*CCC(=O)Nc1ccc(NC(=O)CCN2C(=O)c3ccc(C(=O)c4ccc5c(c4)C(=O)N(*)C5=O)cc3C2=O)cc1,0.32686636,77,2,29,7,4,7,valid
4314,1161267582,*Oc1ccc(C2(c3ccc(Oc4ccc(C(=O)c5cccc(C(=O)c6ccc(*)cc6)c5)cc4)c(C)c3)CCC3CCCCC3C2)cc1C,0.3933978,84,2,44,4,0,2,valid
6716,1820695762,*c1cccc(OCCCCCCCCCCCCOc2cccc(N3C(=O)c4ccc(-c5ccc6c(c5)C(=O)N(*)C6=O)cc4C3=O)c2)c1,0.35443636,81,2,40,6,2,4,valid
2053,553498968,*Oc1ccc(C2(c3ccc(OC(=O)CCC(*)=O)cc3)c3ccccc3-c3ccccc32)cc1,0.36989282,58,2,29,4,0,2,valid
5768,1564555962,*CCCCCCOC(=O)OCCCCCCCCOC(=O)OCCCCCCOc1ccc(C(=O)c2ccc(O*)cc2)cc1,0.35645109,63,2,35,9,0,3,valid
5152,1396011418,*Oc1ccc2c(c1)C(C)(c1ccc(OC(*)=O)cc1)CC2(C)C,0.37135373,43,2,19,3,0,1,valid
588,163724879,*c1cccc(N2C(=O)c3cccc(Oc4ccc(C(=O)c5ccc(Oc6cccc7c6C(=O)N(*)C7=O)cc5)cc4)c3C2=O)c1,0.36803803,81,2,35,7,2,5,valid
3543,968537124,*Oc1ccc(OC(=O)c2ccc(C(*)=O)cc2)cc1C1CC2CCC1C2,0.3689794,45,2,21,4,0,2,valid
219,63333676,*CCCN(Cc1ccccc1)C(=O)S*,0.36838082,23,2,11,1,1,1,valid
7916,2132236820,*OC1CCC(OC(=O)CCCCC(*)=O)CC1,0.34360259,28,2,12,4,0,2,valid
1284,347210288,*CC(*)(CCC)C(=O)OC,0.37329926,18,2,7,2,0,1,valid
6055,1641068572,*Oc1ccc(Oc2ccc(C(=O)c3ccc(*)cc3)cc2)cc1-c1ccccc1,0.38222364,48,2,25,3,0,1,valid
5274,1432826264,*CCCCOC(=O)c1cccc(C(=O)O*)c1,0.33869423,28,2,12,4,0,2,valid
3032,821542361,*Sc1ccc(Nc2ccc(*)cc2)cc1,0.3997415,24,2,11,0,1,0,valid
345,96953852,*Nc1cc2ccccc2c(N*)c1-c1ccc2ccccc2c1,0.3505442,35,2,20,0,2,0,valid
7931,2136833669,*Nc1ccc([C@H](C)c2ccc(C3(c4ccc([C@@H](C)c5ccc(N*)cc5)cc4)CCC(C)CC3)cc2)cc1,0.36603759,74,2,35,0,2,0,valid
1482,397580304,*C(*)C(=O)OC1CCCCC1,0.40121578,19,2,8,2,0,1,valid
78,20627281,*Nc1cc2ccccc2c(-c2cccc3ccccc23)c1N*,0.35509262,35,2,20,0,2,0,valid
7693,2074158001,*CC(F)(F)C(F)(F)C(F)(F)C(F)(F)COC(=O)O*,0.31456225,39,2,7,3,0,1,valid
4380,1179754286,*OC(=O)OCCCCCCOC(=O)OC1COC2C(*)COC12,0.33128506,36,2,14,8,0,2,valid
6259,1697683442,*CCCOCCCCOCCCN1C(=O)c2ccc(C(=O)Oc3ccc(C(C)(C)c4ccc(OC(=O)c5ccc6c(c5)C(=O)N(*)C6=O)cc4)cc3)cc2C1=O,0.34615507,97,2,43,10,2,6,valid
937,258956403,*Nc1ccc(-c2ccc(N*)c(-c3ccc(-c4ccccc4)cc3)c2)cc1,0.34800933,47,2,24,0,2,0,valid
3465,949058569,*CC(CC)O*,0.38603228,9,2,4,1,0,0,valid
1666,447444897,*CCCCCCNC(=O)c1ccc(C(=O)N*)c(Oc2ccc(Cl)cc2)c1,0.35121745,45,2,20,3,2,2,valid
6161,1671488348,*Nc1ccc(-c2ccc(N*)c(-c3ccc(C=C)cc3)c2-c2ccc(C=C)cc2)cc1,0.35874439,55,2,28,0,2,2,valid
272,76415472,*Oc1ccc2cc(Oc3ccc(C(=O)c4ccc(*)cc4)cc3)ccc2c1,0.37630261,45,2,23,3,0,1,valid
102,28200504,*CCOC(=O)NCCCCCCNC(=O)O*,0.32916214,24,2,10,4,2,2,valid
3028,820692130,*CC(=O)Nc1ccc(NC(=O)CN2C(=O)c3ccc(C(=O)c4ccc5c(c4)C(=O)N(*)C5=O)cc3C2=O)cc1,0.32771486,75,2,27,7,4,7,valid
3927,1064842298,*c1ccc(OCCCCCCCCCCCOC(=O)CCCCCCCCC(=O)OCCCCCCCCCCCOc2ccc(-c3nnc(*)s3)cc2)cc1,0.37562329,76,2,46,6,2,2,valid
5468,1482727524,*C(=O)Nc1ccc(Oc2ccccc2-c2ccccc2Oc2ccc(NC(=O)c3ccc4c(c3)C(=O)N(c3ccc(Oc5ccc(N6C(=O)c7ccc(*)cc7C6=O)cc5)cc3)C4=O)cc2)cc1,0.36288338,118,2,54,9,4,6,valid
4697,1264707088,*CCOC(=O)Nc1ccc(CCCCc2ccc(NC(=O)O*)cc2)cc1,0.34609329,42,2,20,4,2,2,valid
5431,1474978524,*CCCN(*)C(=O)CC,0.34854625,15,2,6,1,1,1,valid
3761,1020201493,*CC(*)C(=O)OCCCSCCC#N,0.38516817,21,2,9,2,1,1,valid
6421,1741924076,*CCCC(=O)Nc1ccc(NC(=O)CCCN2C(=O)c3ccc(C(=O)c4ccc5c(c4)C(=O)N(*)C5=O)cc3C2=O)cc1,0.32616598,79,2,31,7,4,7,valid
1142,305819221,*C(=O)c1cc2c(cc1Cl)C(=O)N(c1cc(Cl)cc(N3C(=O)c4cc(*)c(Cl)cc4C3=O)c1)C2=O,0.39611043,71,2,23,5,2,5,valid
3634,986199632,*OC(=O)C(C)NC(=O)CCCCC(=O)NC(C)C(=O)OC1COC2C(*)COC12,0.32344295,52,2,18,8,2,4,valid
7643,2063798200,*Nc1ccc(-c2cc(-c3ccccc3)cc(-c3ccc(N*)cc3)c2)cc1,0.34830668,47,2,24,0,2,0,valid
2692,732280868,*Nc1cc(N*)c2ccc3cc(C(C)(C)C)cc4ccc1c2c43,0.35494944,40,2,20,0,2,0,valid
4320,1162525545,*C=CCCCCCCCCCC*,0.40688317,15,2,12,0,0,1,valid
3605,981778956,*c1cc(CCOC(=O)C(C)Br)c(*)s1,0.40626564,27,2,9,2,0,1,valid
6930,1874165813,*Nc1ccc(C2(c3ccc(N*)cc3)c3ccccc3-c3c(C)cccc32)cc1,0.36740099,49,2,26,0,2,0,valid
1761,473657934,*Nc1ccc([C@@H]2C=C[C@@](N*)(c3ccccc3-c3ccc4ccccc4c3)C=C2c2ccc3ccccc3c2)c(-c2ccc3ccccc3c2)c1-c1ccc2ccccc2c1,0.37203518,106,2,58,0,2,2,valid
2727,743402006,*CCCCCCCCNC(=O)CC(=O)N*,0.33840091,23,2,11,2,2,2,valid
4794,1295536082,*c1ccc(Oc2ccc(-c3ccc(Oc4ccc(N5C(=O)c6ccc(Oc7ccc(-c8ccc(Oc9ccc%10c(c9)C(=O)N(*)C%10=O)cc8)cc7)cc6C5=O)cc4)cc3)cc2)cc1,0.36892515,116,2,52,8,2,4,valid
461,128211105,*Oc1ccc(C2(c3ccc(OC(=O)C45CC6CC(CC(C(*)=O)(C6)C4)C5)cc3)c3ccccc3-c3ccccc32)cc1,0.38474727,78,2,37,4,0,2,valid
4339,1169485252,*Oc1ccc(Oc2ccc(C=NCCN=Cc3ccc(*)cc3)cc2)cc1,0.37614959,42,2,22,2,2,2,valid
7652,2065383771,*Oc1ccc(C2(c3ccc(OC(=O)c4cccc(C(*)=O)c4)cc3)c3ccccc3-c3ccccc32)cc1,0.37279646,66,2,33,4,0,2,valid
7354,1985922935,*O[Si](Oc1ccc(C2(c3ccc(*)c(C)c3)c3ccccc3-c3ccccc32)cc1C)(c1ccccc1)c1ccccc1,0.42654959,74,2,39,2,0,0,valid
7188,1942089131,*c1ccc(-c2ccc(-c3ccc(-c4ccc([Si](CCCC)(CCCC)[Si](*)(CCCC)CCCC)s4)s3)s2)s1,0.42782111,73,2,32,0,0,0,valid
6415,1740911960,*Nc1cccc(-c2cc(-c3ccccc3)c(N*)c(-c3ccccc3)c2)c1,0.3551194,47,2,24,0,2,0,valid
7236,1954721166,*CC(*)C(=O)OCCOC(=O)c1cc([N+](=O)[O-])cc([N+](=O)[O-])c1,0.42097644,56,2,12,8,2,4,valid
4935,1336999615,*Nc1ccc(-c2ccc(N*)c(Cc3ccccc3)c2Cc2ccccc2)cc1,0.35426981,45,2,26,0,2,0,valid
7264,1962617217,*Nc1cc(C)c(Cc2ccc(CCCCc3ccc(Cc4c(C)cc(N*)cc4C)cc3)cc2)c(C)c1,0.36087708,60,2,34,0,2,0,valid
6814,1849021129,*Oc1ccc(C(c2ccc(Oc3ccc(C(=O)c4ccc(P(=O)(c5ccccc5)c5ccc(C(=O)c6ccc(*)cc6)cc5)cc4)cc3)cc2)(C(F)(F)F)C(F)(F)F)cc1,0.38280626,110,2,47,5,0,3,valid
2967,807387712,*Oc1ccc(C(=O)c2ccccc2)c(-c2cc(Oc3ccc(C(C)(C)c4ccc(*)cc4)cc3)ccc2C(=O)c2ccccc2)c1,0.38183506,80,2,41,4,0,2,valid
709,199188552,*Nc1ccc(C2(N*)C=CC(c3ccc(N)cc3)(c3ccc(N)cc3)C=C2)cc1,0.36932897,52,2,24,0,4,2,valid
556,153735651,*Nc1cccc2c(NC(=O)c3cc(NC(=O)C(CCSC)N4C(=O)c5ccccc5C4=O)cc(C(*)=O)c3)cccc12,0.34651154,74,2,31,5,4,5,valid
2787,758693518,*C=Cc1ccc(OC(=O)CCCCCCCCC(=O)Oc2ccc(-c3nnc(*)s3)cc2)cc1,0.36259247,55,2,26,4,2,3,valid
5626,1525755711,*C=CC1CC(*)C(C(=O)Oc2ccccc2)C1C(=O)Oc1ccccc1,0.353015,44,2,21,4,0,3,valid
713,199989730,*c1ccc(Oc2ccc(Oc3ccc(-c4ccc(Oc5ccc(Oc6ccc(C7(*)OC(=O)c8ccccc87)cc6)cc5)c5ccccc45)c4ccccc34)cc2)cc1,0.38367366,98,2,52,6,0,1,valid
812,228252916,*C=Cc1sc(-c2ccc3c(c2)C(CCCCCC)(CCCCCC)c2cc(-c4sc(C=CC5=CC(=C(C#N)C#N)C=C(*)O5)c(CCCCCC)c4CCCCCC)ccc2-3)c(CCCCCC)c1CCCCCC,0.42087423,120,2,69,1,2,5,valid
328,92209780,*CC(CCCCCCCCCCCCCCCC)C1C(=O)N(CCCCNC(=O)C(F)(F)C(F)(F)C(F)(F)C(F)(F)C(F)(F)C(F)(F)C(F)(F)F)C(=O)C1*,0.35619083,99,2,34,3,2,3,valid
855,238619204,*C(=O)OCCCCOC(=O)c1ccc(N2C(=O)c3ccc(*)cc3C2=O)cc1,0.33594994,49,2,20,6,1,4,valid
4378,1179363034,*C(C)=C(*)SCCCCCCCCCC,0.40626048,21,2,13,0,0,1,valid
4934,1336943329,*C(*)F,0.33115728,6,2,1,0,0,0,valid
4689,1263725170,*c1ccc(Oc2cccc(Oc3ccc(N4C(=O)c5ccc(Oc6cccc(Oc7ccc8c(c7)C(=O)N(*)C8=O)c6)cc5C4=O)cc3)c2)cc1,0.35641912,90,2,40,8,2,4,valid
7586,2049074412,*O[Si](C)(C)CC[Si](*)(C)O[Si](C)(C)C,0.47403099,36,2,8,2,0,0,valid
7537,2037050348,*NCc1ccc(CN*)cc1,0.320806375,16,2,8,0,2,0,valid
667,185502634,*Nc1ccc(CCCC(c2ccc(N)cc2)c2ccc(N*)cc2)cc1,0.34680666,41,2,22,0,3,0,valid
6168,1673485707,*c1nc(C)nc(N(CCCCCCCCCCN(*)c2ccccc2)c2ccccc2)n1,0.39169547,47,2,26,0,5,0,valid
1219,327326654,*Oc1ccc(S(=O)(=O)c2ccc(Oc3ccc(C(c4ccc(*)cc4)C(C)C)cc3)cc2)cc1,0.38318487,61,2,28,4,0,2,valid
2217,601302526,*NCCNCCN*,0.31717722,9,2,4,0,3,0,valid
1889,509167762,*Nc1ccc(Cc2ccc(NC(=O)c3cc(C(*)=O)cc(N4C(=O)C5CC=CCC5C4=O)c3)cc2)cc1,0.34814745,67,2,29,4,3,5,valid
5879,1594695636,*Oc1ccc(C(=O)OCCOC(=O)c2ccc(*)cc2)cc1,0.34122405,37,2,16,5,0,2,valid
1949,524444446,*CCCCCCCC(=O)OCC1(C)COC(*)OC1,0.35863844,29,2,14,4,0,1,valid
6384,1729688245,*CC(O)COc1ccc(C(C)(C)c2ccc(OCC(O)COc3ccc(Oc4ccc(O*)cc4)cc3)cc2)cc1,0.34329551,66,2,33,7,0,0,valid
4686,1262712163,*OP(=O)(Oc1ccc(-c2ccc(*)cc2)cc1)OC1CCCCC1,0.36429244,41,2,18,4,0,1,valid
7803,2103300246,*c1cc(C(=O)OCC(F)(F)C(F)(F)C(F)(F)F)c(*)s1,0.3741336,42,2,9,2,0,1,valid
3318,908476662,*c1ccc(C(C)(C)c2ccc(N3C(=O)c4ccc(Oc5cccc6c(Oc7ccc8c(c7)C(=O)N(*)C8=O)cccc56)cc4C3=O)cc2)cc1,0.38628112,91,2,41,6,2,4,valid
4459,1202357620,*CC(*)C(=O)OCCC(C)OC,0.35734175,20,2,8,3,0,1,valid
3887,1054663737,*CCOCCOc1ccc(NC(=O)c2cccc(C(=O)Nc3ccc(O*)cc3)c2)cc1,0.33617998,51,2,24,5,2,2,valid
95,25596707,*c1ccc(Oc2ccc(N3C(=O)c4cc(-c5ccc([Si](C)(C)C)cc5)c(-c5cc6c(cc5-c5ccc([Si](C)(C)C)cc5)C(=O)N(*)C6=O)cc4C3=O)cc2)cc1,0.42813779,114,2,46,5,2,4,valid
2612,709267633,*c1ccc(Oc2ccc(-c3cnnc(-c4cccc(-c5ncc(*)nn5)n4)n3)cc2)cc1,0.41536896,56,2,23,1,7,0,valid
5681,1541292142,*c1ccc(Oc2ccc(C3(c4ccc(Oc5ccc(N6C(=O)CC(=O)N(*)C6=S)cc5)cc4)c4ccccc4-c4ccccc43)cc2)cc1,0.39690658,86,2,41,4,2,3,valid
7838,2111688362,*NN(N*)[C@](CC)(CCC)C[C@@](C)(CC)N(N)N,0.33398342,38,2,11,0,6,0,valid
4859,1315123551,*O[Si](C)(C)O[Si](C)(C)Oc1c(C)cc(-c2cc(C)c(*)c(C)c2)cc1C,0.3890851,56,2,20,3,0,0,valid
1175,314863833,*C=C(*)C(C)(C)C,0.39086188,15,2,6,0,0,1,valid
5351,1453479470,*Nc1ccc(C2(c3ccc(N*)cc3C)CCCCC2)c(C)c1,0.35510458,38,2,20,0,2,0,valid
7967,2146213237,*CCOC(=O)c1ccc(C(C#N)=C(c2ccc(OC)cc2)N2CCC(*)CC2)cc1,0.38560753,52,2,24,3,2,2,valid
2434,665803754,*CCCCCCCNC(=O)N*,0.34708922,16,2,8,1,2,1,valid
4962,1344237352,*c1c(C)cc(C(c2cccc(C(F)(F)F)c2)c2cc(C)c(N3C(=O)c4ccc(Oc5ccc6c(c5)C(=O)N(*)C6=O)cc4C3=O)c(C)c2)cc1C,0.41905022,98,2,40,5,2,4,valid
1370,369676731,*Oc1ccc(C(=Cc2ccc(-c3ccc(C=C(c4ccccc4)c4ccc(OC(*)=O)cc4)cc3)cc2)c2ccccc2)cc1,0.38025773,76,2,41,3,0,3,valid
2308,628657458,*c1ccc2c3ccc(-c4ccc(-c5ccc(-c6ccc(*)s6)c6nsnc56)s4)cc3n(C(CCCCCCCC)CCCCCCCC)c2c1,0.42868905,80,2,43,0,3,0,valid
696,193587045,*CC(O)CO*,0.31201093,9,2,3,2,0,0,valid
7242,1956396424,*CC(*)(C)C(=O)OCCCCCCCCCCOc1ccc(OC(=O)c2ccc(OCCCCCC)cc2)cc1,0.36422964,59,2,33,6,0,2,valid
633,177272960,*c1ccc(*)[nH]1,0.56389708,14,2,4,0,1,0,valid
2103,566589613,*c1ccc(OC(=O)c2ccc(C(=O)Oc3ccc(C4(*)c5ccccc5Oc5ccccc54)cc3)cc2)cc1,0.3739272,66,2,33,5,0,2,valid
1531,410618641,*C(=Cc1cc(OC)c(C=C(c2ccccc2)c2ccc3cc(*)ccc3c2)cc1OC)c1ccccc1,0.39179983,60,2,34,2,0,2,valid
4576,1235835504,*Oc1c(Br)cc(C(C)(C)c2cc(Br)c(OC(=O)c3cccc(C(*)=O)c3)c(Br)c2)cc1Br,0.41973656,65,2,23,4,0,2,valid
7579,2047526312,*CC(O)COc1ccc(C(C)(C)c2ccc(OCC(O)COc3cccc(NC(=O)CCCC(=O)Nc4cccc(O*)c4)c3)cc2)cc1,0.33823192,80,2,38,8,2,2,valid
2387,648602021,*c1ccc(Nc2ccc(C3(c4ccc(Nc5ccc(S(*)(=O)=O)cc5)c(F)c4)c4ccccc4-c4ccccc43)cc2F)cc1,0.40886141,79,2,37,2,2,2,valid
3962,1073330794,*Oc1ccc(C(=O)c2cccc(NC(=O)CCCCCCCCC(=O)Nc3cccc(C(=O)c4ccc(*)cc4)c3)c2)cc1,0.35027949,73,2,36,5,2,4,valid
5373,1458927340,*CCN(CCOC(=O)c1ccc(C(=O)O*)c(OCCC)c1)c1ccc(N=Nc2ccc(-c3nc4ccccc4o3)cc2)cc1,0.36708551,74,2,34,6,4,3,valid
4509,1214422376,*CCN(*)C(=O)CCC(=O)OC,0.31456612,21,2,7,3,1,2,valid
1937,520661031,*c1ccc2c(c1)C(=O)N(c1cccc(Oc3ccc(N4C(=O)c5ccc(C(*)(C(F)(F)F)C(F)(F)F)cc5C4=O)cc3)c1)C2=O,0.37598194,88,2,31,5,2,4,valid
839,234298840,*CC(O)CN(*)c1cc(C)c(N=Nc2ccc(C#N)cc2)c(C)c1,0.38210588,43,2,18,1,4,1,valid
6980,1887990999,*CC(COc1ccc(C(C)(C)c2ccc(O*)cc2)cc1)OC(=O)c1ccccc1Cl,0.35506882,52,2,25,4,0,1,valid
3177,862879139,*Nc1ccc(-c2ccccc2)cc1-c1c(N*)ccc2ccccc12,0.34947854,40,2,22,0,2,0,valid
2478,674610445,*Nc1c(N*)c(-c2ccccc2)c(-c2ccccc2)c(-c2ccccc2)c1-c1ccccc1,0.37324371,56,2,30,0,2,0,valid
224,65098291,*c1ccc(Oc2ccc(Oc3ccc(N4C(=O)c5ccc(Oc6ccccc6Oc6ccc7c(c6)C(=O)N(*)C7=O)cc5C4=O)cc3C(F)(F)F)cc2)c(C(F)(F)F)c1,0.36614027,106,2,42,8,2,4,valid
1313,355069751,*CC(C)(CCC)COC(=O)c1ccc(-c2ccc(C(=O)O*)cc2)cc1,0.35957248,46,2,21,4,0,2,valid
4829,1305600405,*Nc1c(N)c(O)c(C)c(O)c1N*,0.30904003,24,2,7,2,3,0,valid
5222,1417361969,*CC(*)c1ccc(C(=O)N2CCCCC2)cc1,0.37271412,29,2,14,1,1,1,valid
904,251297590,*C(=O)c1ccc2c(c1)C(=O)N(c1cccc(C(c3ccccc3)(c3cccc(N4C(=O)c5ccc(*)cc5C4=O)c3)C(F)(F)F)c1)C2=O,0.38575647,92,2,37,5,2,5,valid
4852,1313165210,*Nc1ccc(C2(c3ccc(N*)c(F)c3)c3ccccc3-c3ccccc32)cc1F,0.37295561,50,2,25,0,2,0,valid
2659,722954203,*c1ccc2c(c1)C(=O)N(c1ccc(Oc3ccc(N4C(=O)c5ccc(C(*)O)cc5C4=O)cc3)cc1)C2=O,0.366311,71,2,29,6,2,4,valid
7229,1952508895,*c1ccc(Oc2ccc(C3(c4ccc(Oc5ccc(N6C(=O)c7ccc(Oc8c(C)cc(C(C)(C)c9cc(C)c(Oc%10ccc%11c(c%10)C(=O)N(*)C%11=O)c(C)c9)cc8C)cc7C6=O)cc5)cc4)C4CC5CC(C4)CC3C5)cc2)cc1,0.39410093,155,2,69,8,2,4,valid
5127,1390124643,*c1c(C)cc(-c2cc(C)c(N3C(=O)c4ccc(S(=O)(=O)c5ccc6c(c5)C(=O)N(*)C6=O)cc4C3=O)c(C)c2)cc1C,0.39879809,86,2,32,6,2,6,valid
2353,640368237,*C=C(C#N)c1ccc(-c2ccc(C=CC3=CC(=C(C#N)C#N)C=C(C=Cc4ccc(-c5ccc(C(C#N)=Cc6cc(C=C(C#N)c7ccc(-c8ccc(C=CC9=CC(=C(C#N)C#N)C=C(C=Cc%10ccc(-c%11ccc(C(C#N)=C*)cc%11)s%10)O9)s8)cc7)c7c(c6)C(CC)(CC)c6cc(*)ccc6-7)cc5)s4)O3)s2)cc1,0.40990352,217,3,93,2,8,14,valid
7616,2057209972,*Oc1ccc(S(=O)(=O)c2ccc(Oc3ccc(C4(c5ccc(*)cc5)C5CC6CC(C5)CC4C6)cc3)cc2)cc1,0.38601547,73,2,34,4,0,2,valid
722,201838282,*CC(CCCCCCCCCC)O*,0.40374823,17,2,12,1,0,0,valid
7029,1899317427,*Nc1ccc(-c2ccc3c(c2)Cc2cc(-c4ccc(N*)cc4)ccc2-3)cc1,0.35324332,50,2,25,0,2,0,valid
5966,1618910183,*Nc1cccc(NC(=O)c2ccc(C(*)=O)cc2)c1,0.33550053,34,2,14,2,2,2,valid
4506,1213899080,*Nc1ccc2c(c1)C1(c3ccccc3-c3cc(C)ccc31)c1cc(N*)ccc1-2,0.38631578,52,2,26,0,2,0,valid
5513,1496884432,*CCN(*)C(=O)C1CC1,0.34943923,17,2,6,1,1,1,valid
133,40088405,*c1ccc(C(c2ccccc2)c2ccc(N3C(=O)c4ccc(S(=O)(=O)c5ccc6c(c5)C(=O)N(*)C6=O)cc4C3=O)cc2)cc1,0.39645555,86,2,35,6,2,6,valid
2039,550069426,*c1ccc(Oc2ccc(S(=O)(=O)c3ccc(Oc4ccc(N5C(=O)c6ccc(Oc7cccc(Oc8ccc9c(c8)C(=O)N(*)C9=O)c7)cc6C5=O)cc4)cc3)cc2)cc1,0.35950007,109,2,46,10,2,6,valid
3870,1049869017,*Nc1ccc(C2(c3ccc(N*)cc3)c3ccccc3-c3ccc(N)c(N)c32)cc1,0.377461295,52,2,25,0,4,0,valid
7233,1953482672,*c1cccc(P(=O)(c2ccccc2)c2cccc(N3C(=O)c4ccc(NC(=O)OCCOc5ccc(C(c6ccc(OCCOC(=O)Nc7ccc8c(c7)C(=O)N(*)C8=O)cc6)(C(F)(F)F)C(F)(F)F)cc5)cc4C3=O)c2)c1,0.35336102,142,2,55,11,4,7,valid
2425,664013994,*NCCc1c2ccccc2c(N*)c2ccccc12,0.33811641,28,2,16,0,2,0,valid
3681,997287969,*c1ccc(C(c2ccc(N3C(=O)c4ccc(OCCN(CCOc5ccc6c(c5)C(=O)N(*)C6=O)c5ccc(C=Cc6ccc([N+](=O)[O-])cc6)cc5)cc4C3=O)cc2)(C(F)(F)F)C(F)(F)F)cc1,0.35788304,131,2,49,8,4,6,valid
4827,1303245845,*Nc1ccc(Cc2ccccc2-c2ccccc2-c2ccc(N*)cc2)cc1,0.35281368,43,2,25,0,2,0,valid
150,45818224,*OC(F)(F)C(F)(F)C(*)(F)F,0.2987695,24,2,3,1,0,0,valid
7023,1897678696,*Nc1ccc(-c2cc(-c3ccc(N)cc3C)cc(-c3ccc(N*)cc3C)c2)c(C)c1,0.3665509,55,2,27,0,3,0,valid
3822,1037214507,*Oc1ccc(S(=O)(=O)c2ccc(Oc3ccc(Cc4ccc(*)cc4)cc3)cc2)cc1,0.37003696,54,2,25,4,0,2,valid
7487,2023609610,*Nc1ccc2ccc(N*)c3c4cccc5cccc(c1c23)c54,0.33884923,38,2,20,0,2,0,valid
2892,787172285,*Nc1cc2c(cc1N*)[C@H]1c3ccccc3[C@@H]2c2ccccc21,0.37667413,45,2,20,0,2,0,valid
70,18339242,*CC(*)C(=O)OC([2H])([2H])[2H],0.32713966,29,2,4,2,0,1,valid
5171,1400904747,*Nc1cccc(-c2ccccc2-c2cccc3ccccc23)c1N*,0.35403641,38,2,22,0,2,0,valid
6928,1873714666,*Nc1ccc2ccc3cccc4cc(N*)c1c2c34,0.33162046,30,2,16,0,2,0,valid
6530,1777047790,*NSC1(N*)N=C(N)NC(N)=N1,0.31058634,23,2,3,0,7,2,valid
3781,1026468393,*CC(*)(C)C(=O)OCC(C)Oc1ccc(-c2ccc(-c3ccc(C#N)cc3)cc2)cc1,0.35257191,56,2,26,3,1,1,valid
4241,1145796233,*Nc1ccc(S(=O)(=O)c2ccc(N*)cc2)cc1,0.33955438,33,2,12,2,2,2,valid
762,214279994,*CCCCCCCCCCC(=O)NCCc1ccc(CCNC(=O)CCCCCCCCCCS*)cc1,0.38077316,49,2,32,2,2,2,valid
4213,1139696241,*Nc1c(N*)c2ccc3ccc(C)c4c(C)c(C)c(c1C)c2c34,0.34040386,42,2,20,0,2,0,valid
834,232782325,*Oc1ccc(N[Se]Nc2ccc(*)cc2)cc1,0.38958964,29,2,12,1,2,0,valid
1381,371754917,*Oc1ccc(NC(=O)c2cc(NC(=O)CCN3C(=O)c4ccccc4C3=O)cc(C(=O)Nc3ccc(*)cc3)c2)cc1,0.33234463,74,2,31,6,4,5,valid
2461,671342841,*CCCCCCCCNC(=O)c1ccc(C(=O)N*)c(Oc2ccccc2)c1,0.35113383,43,2,22,3,2,2,valid
6691,1814526307,*c1ccc(Oc2ccc(N3C(=O)c4cccc(Oc5ccc(Oc6cccc7c6C(=O)N(*)C7=O)cc5)c4C3=O)cc2)cc1,0.36618707,77,2,34,7,2,4,valid
5420,1472751426,*c1cc(N2C(=O)c3ccc(P(=O)(c4ccccc4)c4ccc5c(c4)C(=O)N(*)C5=O)cc3C2=O)cc(C(F)(F)F)c1,0.3984853,81,2,29,5,2,5,valid
635,177634653,*Nc1cc(Oc2cc(C)cc(C)c2)c(N)c2c1C(=O)c1c(ccc(Oc3cc(C)cc(C)c3)c1N*)C2=O,0.35668305,69,2,30,4,3,2,valid
2143,579657278,*Nc1cccc(NC(=O)c2ccc(C(=O)Nc3cccc(NC(=S)NC(=O)c4ccc(C(=O)NC(*)=S)cc4)c3)cc2)c1,0.34165595,78,2,30,4,6,6,valid
6352,1720993259,*Nc1ccc(Cc2ccccc2Cc2ccc(N*)cc2)cc1,0.34535676,34,2,20,0,2,0,valid
2933,798268482,*c1cc(C(c2ccc(OCCN(CC)c3ccc(C=CC4=CC(=C(C#N)C#N)CC(C)(C)C4)cc3)c(N3C(=O)c4ccc(Oc5ccc6c(c5)C(=O)N(*)C6=O)cc4C3=O)c2)(C(F)(F)F)C(F)(F)F)ccc1OCCN(CC)c1ccc(C=CC2=CC(=C(C#N)C#N)CC(C)(C)C2)cc1,0.38611474,186,2,77,7,8,10,valid
1968,530898286,*Nc1ccc(-c2cccc(-c3cc(-c4cccc(-c5cccc(N*)c5)c4)cc(-c4cccc(-c5ccccc5N)c4)c3)c2)cc1,0.35285908,81,2,42,0,3,0,valid
1592,429609044,*Oc1ccc(C2(c3ccc(Oc4ccc5c(=O)n6c7cc(-c8ccc9c(c8)nc8c%10ccc(*)c%11cccc(c(=O)n98)c%11%10)ccc7nc6c6cccc4c56)cc3)c3ccccc3-c3ccccc32)cc1,0.39512322,131,2,61,4,4,2,valid
5977,1620481410,*c1ccc(Cc2ccc(N3C(=O)C(Cl)=C(Oc4ccc(C(C)(C)c5ccc(OC6=C(Cl)C(=O)N(*)C6=O)cc5)cc4)C3=O)cc2)cc1,0.36623451,92,2,36,6,2,6,valid
7081,1914886557,*Oc1ccc(Oc2ccc(S(=O)(=O)c3ccc(Oc4ccc(Oc5cccc(*)n5)cc4)cc3)cc2)cc1,0.35681485,65,2,29,6,1,2,valid
5361,1455433082,*CCN(*)C(C)=O,0.32742534,13,2,4,1,1,1,valid
546,151874358,*CCCCC(=O)Oc1ccc(OC(=O)c2ccc3c(c2)C(=O)N(*)C3=O)c(C)c1,0.34027795,54,2,21,6,1,4,valid
5662,1535521231,*Nc1noc2nc3c(C(=O)OCC)cc(C(=O)c4ccccc4)c(N)c3c(N*)c12,0.33255113,53,2,20,4,5,2,valid
776,216772383,*CC(*)c1ccccc1COCCCC,0.38677194,20,2,13,1,0,0,valid
3792,1029035301,*Oc1c(F)c(F)c(-c2c(F)c(F)c(Oc3ccc(C(c4ccc(*)cc4)(C(F)(F)F)C(F)(F)F)cc3)c(F)c2F)c(F)c1F,0.36997043,86,2,27,2,0,0,valid
674,188574710,*Oc1cccc(NC(=O)CCCCCCCC(=O)Nc2ccc(*)cc2)c1,0.3432777,42,2,21,3,2,2,valid
2183,592007373,*Oc1ccc(C(=O)c2ccc(Oc3ccc(C4(c5ccc(*)cc5)c5ccccc5-c5ccccc54)cc3)cc2)c2ccccc12,0.4002848,77,2,42,3,0,1,valid
5456,1480784338,*c1ccc([Si](c2ccccc2)(c2ccccc2)c2ccc(-c3nnc(-c4ccc(-c5nnc(*)o5)o4)o3)cc2)cc1,0.47072462,76,2,32,3,4,0,valid
6423,1742249499,*N=P(*)(Oc1ccc(F)cc1)Oc1ccc(F)cc1,0.39101993,33,2,12,2,1,1,valid
5622,1524856753,*Oc1ccc(NC(=O)c2ccc(C(=O)Nc3ccc(OC4COC5C(*)COC45)cc3)cc2)cc1,0.33832234,60,2,26,6,2,2,valid
3765,1022466130,*CCOC(=O)Nc1ccc(CCc2ccc(NC(=O)O*)cc2)cc1,0.33796445,40,2,18,4,2,2,valid
6857,1860210048,*C(=O)c1ccc2c(c1)C(=O)N(c1cccc(C(=O)c3ccc(Cc4ccc(C(=O)c5cccc(N6C(=O)c7ccc(*)cc7C6=O)c5)cc4)cc3)c1)C2=O,0.36437785,102,2,44,7,2,7,valid
2678,728455428,*C=CC1CC(*)C2C(=O)N(c3ccccc3Br)C(=O)C12,0.37993611,39,2,15,2,1,3,valid
1353,367099874,*CC(*)(C)C(=O)OCCOc1ccc(N=Nc2ccc([N+](=O)[O-])cc2)cc1,0.35958926,53,2,18,5,3,3,valid
314,89099554,*CC(*)(CC(=O)OCCc1ccccc1)C(=O)OCCc1ccccc1,0.35265054,41,2,21,4,0,2,valid
6960,1882791294,*c1ccc(-c2cc(CCCCCCOC(=O)COc3ccccc3)c(*)s2)s1,0.37333341,45,2,22,3,0,1,valid
1559,418914987,*c1ccc(Sc2ccc(Sc3ccc(Sc4ccc(Sc5ccc(N6C(=O)c7ccc(Oc8ccc9c(c8)C(=O)N(*)C9=O)cc7C6=O)cc5)s4)s3)s2)cc1,0.37866254,98,2,36,5,2,4,valid
3303,904673850,*CCCCCCNC(=O)CC(C)c1ccc(C(C)CC(=O)N*)cc1,0.35386702,40,2,20,2,2,2,valid
1754,472323951,*CC(CC)(CC)COC(=O)Nc1ccc(C)c(NC(=O)O*)c1,0.3477811,40,2,16,4,2,2,valid
7172,1936130559,*Nc1ccc(-c2ccc(-c3ccc(-c4ccc(N*)cc4)cc3)cc2)cc1,0.34630699,47,2,24,0,2,0,valid
3406,933005938,*CC(COc1ccc(O*)cc1)OC(C)=O,0.33587551,26,2,11,4,0,1,valid
7858,2115445958,*C(=O)Nc1cccc(NC(=O)c2ccc3c(c2)C(=O)N(c2cccc(N4C(=O)c5ccc(*)cc5C4=O)c2)C3=O)n1,0.34115453,78,2,29,6,5,6,valid
5204,1411771596,*Oc1ccc(S(=O)(=O)c2ccc(Oc3ccc(C=C4CCCC(=Cc5ccc(*)cc5)C4=O)cc3)cc2)cc1,0.37492274,69,2,32,5,0,5,valid
6973,1886386616,*CCCCCCNC(=O)CCCCC(=O)NCC(=O)N*,0.32496558,31,2,14,3,3,3,valid
7489,2024518785,*Nc1ccc2c3ccc(N*)c4cccc(c5cccc1c52)c43,0.33265387,38,2,20,0,2,0,valid
1534,410978773,*Nc1cc(CCc2ccc(C)c(N*)c2)cc(CCc2cc(N)ccc2C)c1,0.35220879,45,2,24,0,3,0,valid
1074,290418374,*C(=O)c1ccc2c(c1)C(=O)N(c1cccc(C(=O)Nc3cccc(N4C(=O)c5ccc(*)cc5C4=O)c3)c1)C2=O,0.35769875,77,2,30,6,3,6,valid
6877,1864041202,*C1C(=O)N(c2ccccc2C(=O)OCCCC)C(=O)C1*,0.37158832,37,2,15,4,1,3,valid
2546,690772081,*CCOCCOC(=O)CCCCC(=O)O*,0.33115638,23,2,10,5,0,2,valid
4269,1152269820,*c1ccc(Oc2ccc(N3C(=O)C(c4ccccc4)=C(c4ccc(C5=C(c6ccccc6)C(=O)N(*)C5=O)cc4)C3=O)cc2)cc1,0.39159291,85,2,38,5,2,6,valid
6424,1742353769,*OC1CCCCC1*,0.37752253,11,2,6,1,0,0,valid
3432,939569581,*CC(O)COc1ccc(C(C)(C)c2ccc(OCC(O)COc3cccc(NC(=O)C(=O)Nc4cccc(O*)c4)c3)cc2)cc1,0.33163835,77,2,35,8,2,2,valid
2654,722624089,*CC(*)(C)C(=O)OCCCCOc1ccc(N=Nc2ccc(C#N)cc2)cc1,0.36422503,46,2,21,3,3,2,valid
76,20039468,*Oc1ccc(-c2ccc(-c3ccc(Oc4ccc(C(=O)c5cccc(C(=O)c6ccc(*)cc6)c5)cc4)cc3)cc2)cc1,0.36836692,76,2,38,4,0,2,valid
6644,1804829075,*CCCCCCCN1C(=O)c2ccc(C(=O)Oc3ccc(-c4ccc(OC(=O)c5ccc6c(c5)C(=O)N(*)C6=O)cc4)cc3)cc2C1=O,0.34124833,86,2,37,8,2,6,valid
5641,1529607957,*C(=O)Nc1ccc(Oc2ccc(-c3ccc(Oc4ccc(NC(=O)c5ccc6c(c5)C(=O)N(c5ccc(Oc7cccc8c(Oc9ccc(N%10C(=O)c%11ccc(*)cc%11C%10=O)cc9)cccc78)cc5)C6=O)cc4)cc3)cc2)cc1,0.36093422,147,2,64,10,4,6,valid
1835,495385866,*c1ccc(Oc2cccc(Oc3ccc(N4C(=O)c5cccc(Oc6ccc(Oc7ccc(Oc8cccc9c8C(=O)N(*)C9=O)cc7)cc6)c5C4=O)cc3)c2)cc1,0.36047551,99,2,46,9,2,4,valid
3730,1012615960,*C1CCC(CC2CCC(N3C(=O)C4C5C=CC(C6C(=O)N(*)C(=O)C56)C4C3=O)CC2)CC1,0.37857284,64,2,25,4,2,5,valid
4649,1252741517,*Nc1ccc(-c2ccc(N*)c(/C=C/c3ccccc3)c2/C=C/c2ccccc2)cc1,0.35976311,53,2,28,0,2,2,valid
5285,1437172858,*Nc1ccc(NC(=O)c2cc(NC(=O)c3ccncc3)cc(C(*)=O)c2)cc1,0.33138478,50,2,20,3,4,3,valid
1727,466577746,*O[Si](C)(C)c1cc(OCCOCc2ccccc2)c([Si](*)(C)C)cc1OCCOCc1ccccc1,0.37480731,61,2,28,5,0,0,valid
5492,1488918987,*CCOc1ccc(S(=O)(=O)c2ccc(OCCOP(=O)(O*)Oc3ccc([N+](=O)[O-])cc3)cc2)cc1,0.3392001,69,2,22,10,1,4,valid
170,51367162,*C(=O)c1ccc2c(c1)C(=O)N(C1CCC(CC3CCC(N4C(=O)c5ccc(*)cc5C4=O)C(C)C3)CC1C)C2=O,0.38365388,76,2,32,5,2,5,valid
3641,988551958,*CCC(C)S*,0.42340205,9,2,4,0,0,0,valid
2373,645165602,*CC(*)(C)C(=O)OCCCCCCCCCCCCCC,0.38812321,29,2,18,2,0,1,valid
7258,1960719660,*CCCCCCNC(=O)Cc1ccc(C(=O)N*)cc1,0.3389375,31,2,15,2,2,2,valid
2558,692434994,*C1C(=O)N(C(C)CC)C(=O)C1*,0.38386027,25,2,8,2,1,2,valid
5393,1464421877,*Oc1ccc(OC(=O)c2cc(OCCCCCCCCCCCC)c(C(*)=O)cc2OCCCCCCCCCCCC)cc1-c1ccccc1,0.38150674,71,2,44,6,0,2,valid
3386,926565348,*Oc1ccc(Oc2ccc(Oc3ccc(S(=O)(=O)c4ccc(*)cc4)cc3)cc2)cc1,0.37216814,54,2,24,5,0,2,valid
6142,1668029928,*c1ccc(Oc2ccc(-c3cccc4c3C(=O)N(Oc3ccc(C(=O)c5ccc(Oc6cccc7c6C(=O)N(*)C7=O)cc5)cc3)C4=O)cc2)cc1,0.36324031,93,2,41,8,2,5,valid
3198,869406421,*c1c(C)cc(Cc2cc(C)c(N3C(=O)c4cccc(Oc5c(C)cc(Cc6cc(C)c(Oc7cccc8c7C(=O)N(*)C8=O)c(C)c6)cc5C)c4C3=O)c(C)c2)cc1C,0.40218453,108,2,50,6,2,4,valid
966,264402592,*Oc1ccc(NC(=O)c2cc(C(=O)Nc3ccc(*)cc3)c(C(=O)O)cc2C(=O)O)cc1,0.31854458,59,2,22,7,2,4,valid
4132,1116523292,*CC(*)C(=O)OCCCn1c2ccccc2c2ccccc21,0.34946013,34,2,17,2,0,1,valid
6971,1886025191,*c1ccc(-c2nc3ccc(S(=O)(=O)c4ccc5nc(*)c(-c6ccccc6)nc5c4)cc3nc2-c2ccccc2)cc1,0.44809167,74,2,34,2,4,2,valid
7347,1984190839,*CCC=C(*)Cl,0.39969952,11,2,4,0,0,1,valid
7583,2048401412,*CC(*)c1ccc([Si](C)(O[Si](C)(C)C)O[Si](C)(C)C)cc1,0.46187463,49,2,15,2,0,0,valid
411,112989596,*CCOCCOC(=O)CC(=O)O*,0.31955507,20,2,7,5,0,2,valid
1637,440852775,*Nc1ccc(-c2c(-c3ccccc3)cc(N*)c(-c3ccccc3N)c2N)cc1,0.35040297,49,2,24,0,4,0,valid
5558,1508373353,*Oc1cc(C(C)(C)C)c(Oc2ccc(C(=O)Nc3ccc(C(c4ccc(NC(=O)c5ccc(*)cc5)cc4)(C(F)(F)F)C(F)(F)F)cc3)cc2)cc1C(C)(C)C,0.37989241,105,2,43,4,2,2,valid
2041,550776469,*c1ccc(-c2ccc(-c3nc4ccc(-c5ccc6nc(*)c(-c7ccccc7)nc6c5)cc4nc3-c3ccccc3)cc2)cc1,0.43978712,77,2,40,0,4,0,valid
4825,1302453294,*Nc1cccc(NC(=O)c2ccc(C(=O)Nc3cccc(NC(=S)NC(=O)CCCCCCCCC(=O)NC(*)=S)c3)cc2)c1,0.34740592,76,2,32,4,6,6,valid
6039,1638182470,*Nc1ccc(NC(=O)c2cc(-c3ccc(C(=O)OC)c(C(*)=O)c3)ccc2C(=O)OC)cc1,0.33582892,61,2,24,6,2,4,valid
2083,560279885,*C(=O)c1ccc2c(c1)C(=O)N(c1ccc(Cc3ccc(N4C(=O)c5ccc(*)cc5C4=O)c(C)c3)cc1C)C2=O,0.39564613,76,2,32,5,2,5,valid
5061,1372357517,*CCCCCCOC(=O)O*,0.34844798,15,2,7,3,0,1,valid
947,259984370,*c1ccc2c(c1)C(CCCCCC)(CCCCCC)c1cc(-c3ccc4c(c3)C3(CCC(C5=NC(Cc6ccccc6)CO5)(C5=NC(Cc6ccccc6)CO5)CC3)c3cc(*)ccc3-4)ccc1-2,0.3966168,118,2,63,2,2,2,valid
1355,367282123,*OC(C)COC(C)COC(=O)c1ccc(C(*)=O)cc1,0.3488532,35,2,14,5,0,2,valid
201,59411967,*c1ccc(Oc2cc(C(C)(C)C)ccc2Oc2ccc(N3C(=O)c4ccc(-c5ccc6c(c5)C(=O)N(*)C6=O)cc4C3=O)cc2)cc1,0.37867118,87,2,38,6,2,4,valid
7363,1987932881,*Oc1c(OC)cc(-c2cc(OC)c(OC(=O)CCCCCCCCC(*)=O)c(OC)c2)cc1OC,0.35167826,57,2,26,8,0,2,valid
692,192948428,*CCOCCOCCOC(=O)C1CCC(C(=O)O*)CC1,0.33745828,32,2,14,6,0,2,valid
2381,647435977,*C(=O)NCCCCCCNC(=O)c1ncn(C)c1*,0.33524849,30,2,12,2,4,2,valid
7449,2014114432,*c1ccc(Oc2ccc(C(=O)c3cccc(C(=O)c4ccc(Oc5ccc(-c6c7c(c(*)c8ccccc68)C(=O)N(C)C7=O)cc5)cc4)c3)cc2)cc1,0.37310295,97,2,45,6,1,4,valid
4596,1240229654,*C1C2CC(C1*)C([Si](C)(C)C)C2,0.43382057,28,2,10,0,0,0,valid
4182,1132377613,*NC1=CC=C(C(c2ccc(N)cc2)(c2ccc(N)cc2)c2ccc(N*)cc2)CC1,0.35797409,53,2,25,0,4,2,valid
1177,315380987,*c1ccc(C(c2ccc(-c3nc4ccc(-c5ccc6nc(*)oc6c5)cc4o3)cc2)(C(F)(F)F)C(F)(F)F)cc1,0.41473896,75,2,29,2,2,0,valid
3559,972454148,*Nc1cc2c3cccc4cccc(c5cccc(c1N*)c52)c43,0.32584641,38,2,20,0,2,0,valid
341,95310452,*CC(*)c1ccccc1C(=O)OCC,0.36304161,22,2,11,2,0,1,valid
1688,455634892,*C(*)C(=O)OCC,0.36012778,13,2,4,2,0,1,valid
323,90954727,*ON(C(F)(F)F)C(F)(Cl)C(*)(F)F,0.31968065,29,2,3,1,1,0,valid
2311,630629376,*Oc1ccc(Cc2ccc(OC(=O)OCC3CCC(COC(*)=O)CC3)cc2)cc1,0.35373109,49,2,23,6,0,2,valid
3936,1066274431,*OP(=O)(Oc1ccc(C(C)(C)c2ccc(*)cc2)cc1)OC1CCCCC1,0.36508508,47,2,21,4,0,1,valid
4849,1312935547,*CC(*)C(=O)OCCCCCCCCCCCCOC(=O)c1ccc(OC(=O)c2ccc(C#N)cc2)cc1,0.3602016,59,2,30,6,1,3,valid
6317,1711422948,*C(F)C(*)(F)F,0.29955763,13,2,2,0,0,0,valid
2078,558794697,*c1ccc(-c2nc3cc(Oc4ccc5nc(*)c(-c6ccccc6)nc5c4)ccc3nc2-c2ccccc2)cc1,0.43112064,66,2,34,1,4,0,valid
1455,391755316,*C=CC1CC(*)C2C3CCC(C3)C12,0.38257932,25,2,12,0,0,1,valid
6781,1838851947,*NC1=N[C@@H](O)NC(N*)=C1N,0.2862332,25,2,4,1,5,2,valid
4598,1240885962,*Oc1ccc(Oc2ccc(C(=O)c3ccc(*)cc3)cc2)cc1-c1ccc(Oc2ccccc2)cc1,0.37479029,59,2,31,4,0,1,valid
4626,1247307752,*c1ccc(OCCCCCCCCCCCOc2ccc(-c3ccc4nc(-c5cccc(-c6cc(-c7ccccc7)c7cc(*)ccc7n6)c5)cc(-c5ccccc5)c4c3)cc2)cc1,0.3894808,102,2,59,2,2,0,valid
2617,712008066,*CC(*)OC(=O)c1nn(C(C)=O)c2ccccc12,0.34764523,33,2,12,3,2,2,valid
2290,623402372,*Oc1ccc(CC(NC(=O)Cc2ccc(OC(=O)CCCCCCCCC(*)=O)cc2)C(=O)OCCCCCCCC)cc1,0.35685059,67,2,35,7,1,4,valid
5220,1417043259,*Nc1ccc(C2=CC(C)(C)[C@H](N*)C(C)(C)C2)cc1,0.36534008,41,2,16,0,2,1,valid
2983,811196388,*Nc1ccc(C2(c3ccc(N*)cc3)c3ccccc3-c3ccc(CC)cc32)cc1,0.37736059,50,2,27,0,2,0,valid
3679,997201189,*c1ccc2c(c1)C(=O)N(c1ccc(-c3ccc(N4C(=O)c5ccc(C(*)(c6ccccc6)C(F)(F)F)cc5C4=O)cc3C(F)(F)F)c(C(F)(F)F)c1)C2=O,0.41024924,106,2,38,4,2,4,valid
7255,1959489258,*Nc1ccc(C(c2ccc(CC)cc2)c2ccc(N*)cc2)cc1,0.36039896,39,2,21,0,2,0,valid
4268,1152245354,*Nc1ccc([C@@H](CCCCC)c2ccc(CCc3ccc([C@H](CCCCC)c4ccc(N*)cc4)cc3)cc2)cc1,0.36934253,71,2,38,0,2,0,valid
6139,1666787967,*Nc1c(N*)c(C=C)c2c(c(N)cc3cc4ccccc4cc32)c1N,0.33559089,43,2,20,0,4,1,valid
3600,980398576,*c1cccc(N2C(=O)c3cccc(Oc4cccc(Oc5cccc6c5C(=O)N(*)C6=O)c4)c3C2=O)c1,0.35986815,66,2,28,6,2,4,valid
110,31430153,*OC(COC(=O)Nc1ccc(Cc2ccc(NC(*)=O)cc2)cc1)c1ccco1,0.34289328,48,2,21,5,2,2,valid
4627,1247311317,*CCC(C)C(C)CCNC(=O)c1cc(C(=O)N*)cc(C(C)(C)C)c1,0.35663758,46,2,20,2,2,2,valid
838,234298821,*Nc1ccc(-c2ccc(-c3cc(-c4ccc(N*)cc4)cc(-c4ccc(-c5ccc(C)cc5)cc4)c3)cc2)cc1,0.35439862,72,2,37,0,2,0,valid
7364,1988065987,*CCCCCCOP(=O)(N=Nc1ccc(-c2ccc(N=NP(=O)(O*)OC)cc2)cc1)OC,0.36135767,55,2,20,6,4,4,valid
536,149101883,*c1ccc(Oc2ccc(C(=O)c3cccc(C(=O)c4ccc(Oc5ccc(-c6nc7ccccc7n6-c6ccc(-n7c(*)nc8ccccc87)cc6)cc5)cc4)c3)cc2)cc1,0.37557123,105,2,52,4,4,2,valid
5240,1421909568,*NCCOCCN*,0.310244355,9,2,4,1,2,0,valid
7745,2088992800,*CCCCCCOC(=O)c1cc(N=Nc2ccc(OCC)cc2)ccc1-c1ccc(N=Nc2ccc(OCC)cc2)cc1C(=O)O*,0.36903817,73,2,36,6,4,4,valid
5603,1517792443,*c1ccc(Oc2cccc(Oc3ccc(N4C(=O)c5ccc(-c6ccc7c(c6)C(=O)N(*)C7=O)cc5C4=O)cc3)c2C#N)cc1,0.37073474,82,2,35,6,3,4,valid
1319,356993441,*Oc1ccc(C(c2ccc(OC(=O)c3ccc(C(c4ccc(C(*)=O)cc4)(C(F)(F)F)C(F)(F)F)cc3)cc2)(C(F)(F)F)C(F)(F)F)cc1,0.35824759,96,2,32,4,0,2,valid
1645,442093631,*CCCCCCCCCCCC(=O)Oc1ccc(C(C)(C)c2ccc(C(C)(C)c3ccc(OC(=O)c4ccc5c(c4)C(=O)N(*)C5=O)cc3)cc2)cc1,0.36467261,92,2,45,6,1,4,valid
2732,745635632,*Nc1ccc2ccccc2c1-c1c(N*)ccc2ccccc12,0.35275725,35,2,20,0,2,0,valid
4608,1243367222,*c1ccc(Oc2ccc(Oc3ccc(P(=O)(c4ccccc4)c4ccc(Oc5ccc(Oc6ccc(-c7nc8ccc(-c9ccc%10nc(*)oc%10c9)cc8o7)cc6)cc5)cc4)cc3)cc2)cc1,0.38892688,117,2,56,7,2,1,valid
452,125969488,*CC(OC(C)=O)C(COC(=O)O*)OC(C)=O,0.3184913,31,2,9,7,0,3,valid
2487,677190542,*c1ccc(Oc2ccc3ccccc3c2-c2c(Oc3ccc(N4C(=O)c5ccc(NC(=O)Nc6cccc(NC(=O)Nc7ccc8c(c7)C(=O)N(*)C8=O)n6)cc5C4=O)cc3)ccc3ccccc23)cc1,0.35781631,123,2,55,8,7,6,valid
1078,291812607,*CCN(CCOC(=O)Nc1ccc(Cc2ccc(NC(=O)O*)cc2)cc1)c1ccc(N=Nc2ccc([N+](=O)[O-])cc2)c(C)c1,0.35280461,82,2,32,6,6,4,valid
6622,1798783963,*c1ccc2c(c1)C(=O)N(c1ccc(S(=O)(=O)c3ccc(S(=O)(=O)c4ccc(N5C(=O)c6ccc(C(*)(C(F)(F)F)C(F)(F)F)cc6C5=O)cc4)cc3)cc1)C2=O,0.37947284,115,2,37,8,2,8,valid
2352,640271931,*c1ccc(Oc2ccc(-c3c(-c4ccccc4)nc4ccc(Oc5ccc6nc(-c7ccccc7)c(*)c(-c7ccccc7)c6c5)cc4c3-c3ccccc3)cc2)cc1,0.39811449,99,2,54,2,2,0,valid
6185,1677073370,*C=CC1CC(*)C([Si](C)(C)C[Si](C)(C)C)C1,0.40768894,38,2,13,0,0,1,valid
5553,1508066220,*CC(*)c1ccc(COCCCC)cc1,0.38801598,22,2,13,1,0,0,valid
749,210731746,*Nc1nc(N)c(N)c(N*)n1,0.31899407,20,2,4,0,6,0,valid
251,72083210,*Oc1ccc(CC(NC(=O)CCc2ccc(OC(=O)COCC(*)=O)cc2)C(=O)OC(C)CC)cc1,0.341417,61,2,26,8,1,4,valid
2238,606308469,*CC(*)C(=O)OCCCCOc1ccc(-c2ccc(C#N)cc2)cc1,0.3538219,41,2,20,3,1,1,valid
3393,928940604,*Nc1ccc(N*)c(-c2cccc3ccccc23)c1-c1cccc2ccccc12,0.36200233,46,2,26,0,2,0,valid
5990,1624614703,*c1c(C)cc(C(c2cccnc2)c2cc(C)c(N3C(=O)CC(Nc4ccc(NC5CC(=O)N(*)C5=O)cc4)C3=O)c(C)c2)cc1C,0.38844622,85,2,36,4,5,4,valid
2505,680864768,*Nc1ccc([C@H](CCC)c2ccc(C3(c4ccc([C@@H](CCC)c5ccc(N*)cc5C)cc4)CCC(CC)CC3)cc2)c(C)c1,0.37733794,83,2,42,0,2,0,valid
2974,808582678,*NCC[C@@]12C[C@H]3C[C@@H](C1)C[C@](c1ccc(N*)cc1)(C3)C2,0.33910824,54,2,18,0,2,0,valid
4581,1237680808,*N=P(*)(Oc1ccc(C(C)C)cc1)Oc1ccc(C(C)C)cc1,0.40872556,41,2,18,2,1,1,valid
6524,1775591199,*Oc1ccc(C(=O)c2ccc(C(=O)c3ccc(*)c(C(C)C)c3)cc2)cc1C,0.39987425,51,2,24,3,0,2,valid
6880,1864402555,*Oc1ccc(Oc2ccc(NC(=O)c3ccc(-c4ccc(C(=O)Nc5ccc(*)cc5)c(C)c4)cc3C)cc2)cc1,0.35817189,71,2,34,4,2,2,valid
5660,1534350557,*CCCCCCOc1ccc(-c2cc(-c3ccc(-c4ccccc4)cc3)c(-c3ccc(NC(=O)c4ccc(C(=O)Nc5ccc(-c6c(-c7ccc(-c8ccccc8)cc7)cc(-c7ccc(O*)cc7)cc6-c6ccc(-c7ccccc7)cc6)cc5)cc4)cc3)c(-c3ccc(-c4ccccc4)cc3)c2)cc1,0.36743587,182,2,98,4,2,2,valid
2435,666199912,*C([2H])([2H])C(*)([2H])C([2H])([2H])[2H],0.3861434,41,2,3,0,0,0,valid
878,243952176,*CCCCCCOC(=O)NCC(F)(F)C(F)(F)C(F)(F)C(F)(F)CNC(=O)O*,0.3240054,52,2,14,4,2,2,valid
2755,749662533,*Nc1ccc(/C(C)=C\C(C)(C)c2ccc(N*)cc2)cc1,0.35473258,39,2,18,0,2,1,valid
4412,1188020715,*CCCCCOC(=O)CCCCCCCCCCN1C(=O)c2ccc(-c3ccc(-c4ccc5c(c4)C(=O)N(CCCCCCCCCCC(=O)OCCCCCN4C(=O)c6ccc(-c7ccc8c(c7)C(=O)N(*)C8=O)cc6C4=O)C5=O)cc3)cc2C1=O,0.34769791,145,2,70,12,4,10,valid
4394,1182822577,*c1ccc(-c2cc(-c3ccccc3)c3cc(-c4ccc5nc(*)cc(-c6ccccc6)c5c4)ccc3n2)cc1,0.42908191,68,2,36,0,2,0,valid
4800,1297876567,*c1ccc(Oc2ccccc2Oc2ccc(N3C(=O)c4ccc(-c5ccc6c(c5)C(=O)N(*)C6=O)cc4C3=O)cc2)cc1,0.36105469,77,2,34,6,2,4,valid
1711,462593659,*CCN(*)CC,0.38450677,9,2,4,0,1,0,valid
5714,1550446062,*CC(*)(C)C(=O)OCC(=O)c1ccccc1,0.34187342,29,2,12,3,0,2,valid
6592,1791486137,*CCCCCCOC(=O)CC(=O)OCCCCCCOc1ccc(-n2on2-c2ccc(O*)cc2)cc1,0.35211181,56,2,27,7,2,2,valid
3139,851867509,*CC(*)C(=O)Oc1cccc(C)c1,0.35823799,23,2,10,2,0,1,valid
7555,2040930933,*Nc1ccc2ccc3c(N*)c(-c4cccc(C)c4)cc4ccc1c2c43,0.34832984,44,2,23,0,2,0,valid
4824,1302310440,*c1ccc(CCc2ccc(N3C(=O)C(=O)N(c4ccc(CCc5ccccc5N5C(=O)C(=O)N(*)C5=O)cc4)C3=O)cc2)cc1,0.35446793,82,2,34,6,4,6,valid
576,159632571,*Nc1ccc(C2=Cc3ccccc3C3(c4ccccc42)c2cc(C(C)(C)C)ccc2-c2ccc(C(C)(C)C)cc23)cc1,0.38649399,75,1,41,0,1,1,valid
6953,1881349845,*Oc1ccc(C(C)(C)c2ccc(Oc3cncc(*)n3)cc2)cc1,0.35753445,41,2,19,2,2,0,valid
3651,991486562,*CCC(C)C(*)C,0.38748444,12,2,6,0,0,0,valid
4305,1159125442,*CC(*)C(=O)OCC(F)(F)C(F)(F)OC(F)(F)C(F)(F)C(F)(F)F,0.3160919,50,2,9,3,0,1,valid
5437,1476461237,*Oc1ccc(P(=O)(c2ccccc2)c2ccc(Oc3ccc(C(C)(C)c4ccc(*)cc4)cc3)cc2)cc1,0.39008003,66,2,33,3,0,1,valid
7766,2093130856,*CCCCCCCCCCNC(=O)CCCCCCCCC(=O)N*,0.36935846,32,2,20,2,2,2,valid
5982,1622288666,*C=CC(C)C(*)C(=O)OCCCN(C)c1ccc(N(C)C)cc1,0.37642636,40,2,18,2,2,2,valid
4177,1131052008,*OC(*)CCCCCC,0.42182416,12,2,7,1,0,0,valid
636,177677392,*CC(CC)(CO*)COC(=O)C(=C)C,0.35959663,25,2,10,3,0,2,valid
403,111108341,*O[Si](C)(C)O[Si](C)(C)O[Si](C)(C)O[Si](C)(C)O[Si](C)(C)O[Si](C)(C)OC1=C(*)c2cccc3cccc1c23,0.42229227,90,2,24,7,0,1,valid
5444,1477353024,*N=P(*)(Nc1ccccc1)Nc1ccccc1,0.38717322,27,2,12,0,3,1,valid
3662,992491355,*C(=O)c1ccc2c(c1)C(=O)N(c1cccc(C(O[Si](C)(C)O[Si](C)(C)O[Si](C)(C)C)c3cccc(N4C(=O)c5ccc(*)cc5C4=O)c3)c1)C2=O,0.39495463,108,2,37,8,2,5,valid
3409,934350191,*c1cccc(S(=O)(=O)NCCCNS(*)(=O)=O)c1,0.33288923,35,2,9,4,2,4,valid
857,238997456,*OC(=O)Oc1ccc(S(=O)(=O)c2ccc(OC(=O)OC3CC4CC(*)CC(C3)O4)cc2)cc1,0.3395961,62,2,22,9,0,4,valid
6916,1871484696,*Oc1ccc(C2(c3ccc(Oc4ccc(C(=O)c5ccccc5)c(-c5cc(*)ccc5C(=O)c5ccccc5)c4)cc3)c3ccccc3-c3ccccc32)cc1,0.39595329,95,2,51,4,0,2,valid
7486,2022505233,*CC(*)C(=O)OCC(F)(F)C(F)(F)C(F)(F)C(F)(F)F,0.32766063,42,2,8,2,0,1,valid
6462,1754228548,*CCN(CCN1C(=O)c2ccc(C(c3ccc4c(c3)C(=O)N(*)C4=O)(C(F)(F)F)C(F)(F)F)cc2C1=O)c1ccc(C=CC2=CC(=C(C#N)C#N)CC(C)(C)C2)cc1,0.37248481,114,2,42,4,5,7,valid
6643,1804819295,*CC(*)(C)C(=O)Oc1ccc(C(=O)Oc2ccccc2)cc1,0.34588936,39,2,17,4,0,2,valid
246,70414190,*Oc1ccc(CC(NC(=O)CCc2ccc(OC(=O)CCCCC(*)=O)cc2)C(=O)OC(C)CC)cc1,0.34508223,62,2,28,7,1,4,valid
7128,1926054747,*CCCN(*)C(=O)c1ccccc1,0.35183326,21,2,10,1,1,1,valid
6908,1870504474,*Nc1ccc(C(C)(C)C(C)(C)c2ccc(N*)cc2)cc1,0.35566412,38,2,18,0,2,0,valid
3224,878851923,*Oc1ccc(Oc2ccc(C(=O)c3ccc(P(=O)(c4ccccc4)c4ccc(C(=O)c5ccc(*)cc5)cc4)cc3)cc2)cc1,0.38390226,79,2,38,5,0,3,valid
4795,1295850561,*Nc1ccc(CC(CC(C)(C)c2ccc(N*)cc2)=C(C)C)cc1,0.34957516,42,2,21,0,2,1,valid
3166,860122882,*Nc1ccc([C@@]23C[C@@H]4C[C@@H](C[C@@](N*)(C4)C2)C3)cc1,0.34323604,54,2,16,0,2,0,valid
5243,1422066716,*c1ccc(-c2ccc(N(c3ccc(OC)cc3)c3ccc4ccc(N(*)c5ccc(OC)cc5)cc4c3)cc2)cc1,0.43192443,69,2,36,2,2,0,valid
1689,455687362,*CC(*)C(=O)OCc1ccccc1,0.34659314,21,2,10,2,0,1,valid
2540,689497002,*CC(*)C(=O)OCCCCCOC(=O)c1ccc(OC(=O)c2ccc(C#N)cc2)cc1,0.3457648,52,2,23,6,1,3,valid
817,229505065,*OS(=O)(=O)c1ccc(Oc2ccc(S(=O)(=O)Oc3ccc(C(C)(C)c4ccc(*)cc4)cc3)cc2)cc1,0.36351582,70,2,27,7,0,4,valid
3948,1069141321,*Nc1ccc(C(CC[C@](c2ccccc2)(c2ccc(N*)cc2)c2cccc(N)c2)(c2ccccc2)c2ccc(N)cc2)cc1,0.37535492,77,2,40,0,4,0,valid
55,13364814,*CCCP(C)(=O)CCCNC(=O)CCCCC(=O)N*,0.33815952,32,2,13,3,2,3,valid
6238,1692151346,*CC1CCCC(COC(=O)c2ccc(C(=O)O*)cc2)C1,0.35298607,36,2,16,4,0,2,valid
999,272832139,*CC(*)(C)C(=O)OCCCCOc1ccc2cc(C(=O)Oc3ccccc3)ccc2c1,0.34243851,50,2,25,5,0,2,valid
6962,1883003333,*CC(*)(C)c1ccc(C#N)cc1,0.3935561,22,2,10,0,1,0,valid
5474,1483754768,*Nc1ccc(-c2c(-c3ccc(-c4ccccc4)cc3)cc(-c3ccc(-c4cc(-c5ccc(-c6ccccc6)cc5)c(-c5ccc(NC(=O)c6ccc(C(*)=O)cc6)cc5)c(-c5ccc(-c6ccccc6)cc5)c4)cc3)cc2-c2ccc(-c3ccccc3)cc2)cc1,0.37232804,164,2,86,2,2,2,valid
7191,1942367812,*Oc1ccc(CC(NC(=O)CCc2ccc(OC(=O)CCCCCCCCC(*)=O)cc2)C(=O)OC(C)C)cc1,0.35066661,65,2,31,7,1,4,valid
575,159242278,*CCCCCCOc1ccc(C=C2CCC(=Cc3ccc(OCCCCCCOP(=O)(O*)OC)c(OC)c3)C2=O)cc1OC,0.35402154,68,2,34,9,0,4,valid
3380,925500331,*c1ccc(CC(=O)Nc2cccc3c(NC(=O)Cc4ccc(-c5sc(*)c(-c6ccccc6)c5-c5ccccc5)cc4)cccc23)cc1,0.38341143,82,2,42,2,2,2,valid
156,47046176,*c1ccc(Oc2ccc(C(=O)c3ccc(Oc4ccc(N5C(=O)c6ccc(Oc7cccc(Oc8ccc9c(c8)C(=O)N(*)C9=O)c7)cc6C5=O)cc4)cc3)cc2)cc1,0.36207286,105,2,47,9,2,5,valid
3384,926346453,*C(=O)NCCNC(=O)c1ccc(N2C(=O)c3ccc(*)cc3C2=O)cc1,0.32267936,47,2,18,4,3,4,valid
3509,959788863,*CC(*)(C)C(=O)OCCCCC1CCCCC1,0.36717544,27,2,14,2,0,1,valid
3816,1035315076,*c1ccc(Oc2ccc(-c3cc(-c4ccccc4)c4cc(-c5ccc6nc(*)cc(-c7ccccc7)c6c5)ccc4n3)cc2)cc1,0.41044986,79,2,42,1,2,0,valid
3944,1068353755,*CCCCCCNC(=O)c1ccc(C(=O)N*)c(Oc2ccc(Br)cc2)c1,0.35980816,45,2,20,3,2,2,valid
518,143899690,*CCN(CCN1C(=O)c2ccc(C(c3ccc4c(c3)C(=O)N(*)C4=O)(C(F)(F)F)C(F)(F)F)cc2C1=O)c1ccc(N=Nc2ccc([N+](=O)[O-])cc2C)cc1,0.36754794,110,2,36,6,6,6,valid
4882,1322304083,*Nc1ccc(C(c2ccc(N)cc2)c2cccc(N*)c2)cc1,0.35836442,38,2,19,0,3,0,valid
1407,378689716,*c1cc(C(=O)OCCCC)cc(N2C(=O)CC(C3Cc4ccccc4C4C(=O)N(*)C(=O)C43)C2=O)c1,0.36220805,68,2,27,6,2,5,valid
665,184854748,*C1C(=O)N(c2ccccc2C(=O)OC)C(=O)C1*,0.36145459,34,2,12,4,1,3,valid
503,139914608,*Nc1ccc(-c2nc(-c3ccc(N)cc3)nc(-c3ccc(N*)cc3)n2)cc1,0.388028525,50,2,21,0,6,0,valid
6393,1732473081,*CC(CC(*)(C#N)C#N)c1ccc(OC(C)=O)cc1,0.35920992,35,2,14,2,2,1,valid
3623,983408527,*CCCCCCOC(=O)OCCCCCCN1C(=O)c2ccc(-c3ccc(-c4ccc5c(c4)C(=O)N(*)C5=O)cc3)cc2C1=O,0.34233697,77,2,35,7,2,5,valid
5565,1510154304,*Nc1ccc(C2(c3ccc(N*)cc3)c3ccccc3-c3ccc(C)cc32)cc1,0.37464154,49,2,26,0,2,0,valid
353,99885429,*Oc1ccc(C(=O)Nc2ccc(Br)cc2-c2ccc(NC(=O)c3ccc(*)cc3)cc2)cc1,0.36393423,58,2,26,3,2,2,valid
5535,1502724295,*CCCCCCOC(=O)OCCCCCCCCCCCCOC(=O)OCCCCCCOc1ccc(C(=O)c2ccc(O*)cc2)cc1,0.35846938,67,2,39,9,0,3,valid
4782,1292622955,*Nc1ccc(/C=C/c2ccc(N*)c(C)c2C)cc1,0.35534148,33,2,16,0,2,1,valid
5345,1452416309,*c1ccc(Oc2ccc(C(=O)c3ccc(Oc4ccc(-c5nc(-c6cccc(-c7nc(*)c(-c8ccccc8)[nH]7)c6)[nH]c5-c5ccccc5)cc4)cc3)cc2)cc1,0.39966133,106,2,49,3,4,1,valid
504,139977598,*Oc1c(C)cc(C2(c3cc(C)c(OC(=O)c4ccc(C(*)=O)cc4)c(C)c3)CCC3CCCCC3C2)cc1C,0.40878882,70,2,34,4,0,2,valid
6431,1744939463,*CCN(Cc1ccccc1)C(=O)S*,0.36007699,22,2,10,1,1,1,valid
1004,273667291,*CC(O)COC(=O)C1CCC(C(=O)OCC(O)COc2ccc(C3(c4ccc(O*)cc4)c4ccccc4-c4ccccc43)cc2)CC1,0.34780473,80,2,39,8,0,2,valid
3123,846390932,*Nc1ccc(/C=C/c2ccccc2/C=C/c2ccc(N*)cc2)cc1,0.35311635,42,2,22,0,2,2,valid
4755,1285571721,*CC1CCCC(CNC(=O)CCCCC(=O)N*)C1,0.33557048,30,2,14,2,2,2,valid
1730,467841477,*c1ccc2c(c1)C(=O)N(c1ccc(-c3ccc(N4C(=O)c5ccc(C(*)(C(F)(F)F)C(F)(F)F)cc5C4=O)c(OCCCCCCOc4ccc(/C=C/c5ccc(F)cc5)cc4)c3)cc1OCCCCCCOc1ccc(/C=C/c3ccc(F)cc3)cc1)C2=O,0.36418165,158,2,71,8,2,6,valid
3492,954090484,*C(C)=C(*)[Si](C)(C)C,0.39006159,21,2,6,0,0,1,valid
7451,2014301760,*CCOCCOCCOc1cccc(NC(=O)c2cccc(C(=O)Nc3cccc(O*)c3)c2)c1,0.33785763,54,2,26,6,2,2,valid
1140,305079648,*Oc1ccc(SC(=O)Oc2ccc(C(C)(C)c3ccc(OC(=O)Sc4ccc(*)cc4)cc3)cc2)cc1,0.34795585,64,2,28,5,0,2,valid
436,120794322,*c1ccc(-c2nc3ccc(-c4ccc5nc(*)c(-c6ccccc6)c(-c6ccccc6)c5c4)cc3c(-c3ccccc3)c2-c2ccccc2)cc1,0.43936443,88,2,48,0,2,0,valid
2636,717633419,*O[Si](C)(C)c1ccc2cc([Si](*)(C)C)ccc2c1,0.41010806,39,2,14,1,0,0,valid
1693,456072913,*c1ccc(Oc2cccc(N3C(=O)c4ccc(Oc5ccc6c(c5)C(=O)N(*)C6=O)cc4C3=O)c2)cc1,0.37265926,68,2,28,6,2,4,valid
2536,688656899,*SCC(=O)NN=Cc1ccc(OCCCCCCCCCCOc2ccc(C=NNC(=O)CSc3nnc(*)s3)cc2OC)c(OC)c1,0.36310288,71,2,31,6,6,4,valid
7150,1931091921,*Oc1ccc(-c2ccc(Oc3ccc4ccccc4c3-c3c(*)ccc4ccccc34)c3ccccc23)c2ccccc12,0.39374699,68,2,40,2,0,0,valid
7162,1933066795,*c1ccc(C(=O)OCCCCCCCCOc2ccc(C=C3CCCCC(=Cc4ccc(OCCCCCCCCOC(=O)c5ccc(-c6nnc(*)o6)cc5)cc4)C3=O)cc2)cc1,0.36677031,99,2,53,8,2,5,valid
6639,1804622774,*Oc1c(C)cc(C(C)(C)c2cc(C)c(ON3C(=O)c4ccc(Oc5ccc(C6(c7ccc(Oc8ccc9c(c8)C(=O)N(*)C9=O)cc7)CCC(C(C)(C)C)CC6)cc5)cc4C3=O)c(C)c2)cc1C,0.38578028,127,2,57,8,2,4,valid
6714,1819602456,*O[Si](C)(C)CCCC(=O)Oc1ccc(C=Nc2ccc(N=Cc3ccc(OC(=O)CCC[Si](*)(C)C)cc3)cc2)cc1,0.38440001,77,2,32,5,2,4,valid
3136,849184713,*Oc1c(Cl)cc(*)cc1Br,0.4236255,19,2,6,1,0,0,valid
2197,595568506,*CCCCCCOC(=O)C(CCCCCCCCCCP(=O)(O)O)C(=O)OCCCCCCOc1ccc(-n2on2-c2ccc(O*)cc2)cc1,0.35805437,77,2,37,10,2,3,valid
856,238841218,*Nc1ccc(C2(c3ccc(N*)cc3[C@]34C[C@@H]5C[C@H](C[C@@H](C5)C3)C4)c3ccccc3-c3ccccc32)c([C@]23C[C@H]4C[C@H](C[C@H](C4)C2)C3)c1,0.3538557,120,2,45,0,2,0,valid
4410,1187202232,*CC(*)(C(=O)OC)c1ccccc1,0.36467404,23,2,10,2,0,1,valid
6964,1883833244,*Oc1ccc(C2(c3ccc(Oc4ccc(C(=O)c5cccc(-c6cccc(C(=O)c7ccc(*)cc7)c6)c5)cc4)cc3)c3ccccc3-c3ccccc32)cc1,0.38241447,97,2,51,4,0,2,valid
1483,398123321,*Oc1cccc(Oc2ccc3c(=O)n4c5cc(Oc6ccc7c(c6)nc6c8ccc(*)c9cccc(c(=O)n76)c98)ccc5nc4c4cccc2c34)c1,0.36887196,91,2,42,5,4,2,valid
7012,1894651804,*CC/C=C\C[Si](*)(C)c1ccccc1,0.37572557,27,2,12,0,0,1,valid
6661,1808750963,*N=P(N=P(N=S(*)(=O)NCCCC)(NCCCC)NCCCC)(NCCCC)NCCCC,0.3991644,50,2,20,1,8,4,valid
3684,998478267,*c1ccc2oc(-c3cccc(-c4nc5cc(C(*)(C(F)(F)F)C(F)(F)F)ccc5o4)c3)nc2c1,0.42780861,65,2,23,2,2,0,valid
2179,591078724,*Oc1ccc(C2(c3ccc(OC(=O)c4ccc(C(*)=O)cc4)cc3)c3ccccc3-c3ccccc32)cc1,0.37935493,66,2,33,4,0,2,valid
6357,1722404544,*SSc1ccc(N=CNc2ccc(*)cc2)cc1,0.41922647,28,2,12,0,2,1,valid
5509,1495657690,*CCCCCCNC(=O)CCCCCC(=O)N*,0.34167967,25,2,13,2,2,2,valid
413,113263690,*Nc1ccc(C(c2ccccc2)(c2ccccc2)c2ccc(N*)cc2)cc1,0.36641724,45,2,25,0,2,0,valid
2212,599773122,*C1CC(*)(C#N)C1,0.41545048,15,2,5,0,1,0,valid
1311,354785060,*Nc1ccc(C(C)(C)c2ccc(C(C)(c3ccc(N)cc3)c3ccc(N*)cc3)cc2)cc1,0.36875033,58,2,29,0,3,0,valid
7324,1978316297,*Nc1ccc(-c2cc(N*)cc(-c3cccc(N)c3)c2)cc1,0.34498231,39,2,18,0,3,0,valid
7732,2084095989,*C(=O)Nc1ccc(Oc2ccc(S(=O)(=O)c3ccc(Oc4ccc(NC(=O)c5ccc6c(c5)C(=O)N(c5ccc(Oc7ccc8ccc(Oc9ccc(N%10C(=O)c%11ccc(*)cc%11C%10=O)cc9)cc8c7)cc5)C6=O)cc4)cc3)cc2)cc1,0.35762799,155,2,64,12,4,8,valid
7844,2112734421,*CC(c1ccccc1)C1C(=O)N(CCCN(CC)c2ccc(N=Nc3ccc([N+](=O)[O-])cc3)c(C)c2)C(=O)C1*,0.37385822,77,2,30,4,5,4,valid
218,63090033,*CC(*)OC(=O)c1ccc(Cl)cc1,0.36499516,24,2,9,2,0,1,valid
5041,1367398148,*CCCOC(=O)O*,0.31917204,12,2,4,3,0,1,valid
7814,2104615575,*Nc1ccc(CC(CC)(CC)c2ccc(N)c(CC(CC)(CC)c3ccc(N*)cc3)c2)cc1,0.35803867,57,2,30,0,3,0,valid
200,59233337,*c1cc(N2C(=O)c3ccc(Oc4cc5ccccc5cc4Oc4ccc5c(c4)C(=O)N(*)C5=O)cc3C2=O)cc(C(F)(F)F)c1,0.37041296,82,2,33,6,2,4,valid
2174,590016095,*c1ccc(Oc2ccc(C(C)(C)c3ccc(Oc4ccc(N5C(=O)c6ccc(Oc7ccc(C(C)(C)c8ccc(Oc9ccc%10c(c9)C(=O)N(*)C%10=O)cc8)cc7)cc6C5=O)cc4)cc3)cc2)cc1,0.37687293,128,2,58,8,2,4,valid
1255,337489231,*c1ccc2c(c1)C(=O)N(c1ccc(-c3ccc(N4C(=O)c5ccc(C(*)(C(F)(F)F)C(F)(F)F)cc5C4=O)c(C)c3)cc1C)C2=O,0.40122658,92,2,33,4,2,4,valid
5253,1426385152,*CCCOc1ccc(OCCCc2nnc(-c3ccc(-c4nnc(*)o4)cc3)o2)c(C)c1,0.37021373,53,2,23,4,4,0,valid
6572,1787342270,*Oc1cc(C(=O)c2ccccc2)c(Oc2ccc(*)cc2)cc1C(=O)c1ccccc1,0.37661047,52,2,26,4,0,2,valid
2594,704596053,*CC(C)CO*,0.38408676,9,2,4,1,0,0,valid
6932,1874313702,*CCCC(C)(C)CNC(=O)C(=O)N*,0.3260029,25,2,9,2,2,2,valid
7759,2092024077,*Oc1ccc(C2(c3ccc(Oc4ccc(C(=O)C(=O)c5ccc(*)cc5)cc4)cc3)c3ccccc3-c3ccccc32)cc1,0.3923538,76,2,39,4,0,2,valid
7186,1941500497,*NC/C=C\C(=C/CC)[C@]1(c2ccc(N*)cc2)c2ccccc2[C@@]2(C)C=CC=C[C@@H]12,0.36729671,66,2,27,0,2,4,valid
6794,1842699132,*Nc1ccc(C(c2ccc(NC(=O)c3ccc4cc(C(*)=O)ccc4c3)cc2)(P2(=O)Oc3ccccc3-c3ccccc32)P2(=O)Oc3ccccc3-c3ccccc32)cc1,0.36261641,105,2,49,6,2,4,valid
1327,359188290,*c1ccc(Oc2ccc(C(=O)c3ccc(Oc4ccc(C(=O)c5ccc(Oc6ccc(-c7nc(-c8ccc(-c9nc(*)c(-c%10ccccc%10)[nH]9)cc8)[nH]c7-c7ccccc7)cc6)cc5)cc4)cc3)cc2)cc1,0.40281752,136,2,62,5,4,2,valid
4237,1144496929,*CC(C)(CO*)COCCOCCOCCOC,0.36052012,23,2,12,5,0,0,valid
7476,2020818351,*OP(=O)(Oc1ccc(Cl)cc1)Oc1ccc(C(C)(C)c2ccc(*)cc2)cc1,0.36942228,51,2,21,4,0,1,valid
7676,2070820503,*C(=O)c1ccc(Oc2ccc(Oc3ccc(C(=O)c4ccc5c(c4)C(=O)N(c4ccc(Oc6ccc(N7C(=O)c8ccc(*)cc8C7=O)cc6)cc4)C5=O)cc3)cc2)cc1,0.37017356,109,2,48,9,2,6,valid
5932,1609366983,*C=CC1CC(*)C2CC=CC12,0.39371357,20,2,10,0,0,2,valid
5616,1523654682,*CC(O)COc1c(C)cc(C(C)(C)c2cc(C)c(OCC(O)COc3c(C)cc(S(=O)(=O)c4cc(C)c(O*)c(C)c4)cc3C)c(C)c2)cc1C,0.36996727,94,2,41,8,0,2,valid
1908,513259550,*c1ccc(Oc2ccc(Oc3ccc(Oc4ccc(-c5nc(*)nc(-c6ccccc6)n5)cc4)cc3)cc2)cc1,0.39322876,67,2,33,3,3,0,valid
567,156397667,*c1cc(*)cc(-c2nc3ccccc3o2)c1,0.39004417,28,2,13,1,1,0,valid
190,56235690,*Oc1ccc(C2(c3ccc(Oc4ccc5c(=O)n6c7cc(-c8ccc9c(c8)nc8c%10ccc(*)c%11cccc(c(=O)n98)c%11%10)ccc7nc6c6cccc4c56)cc3)c3ccccc3C(=O)c3ccccc32)cc1,0.39530481,135,2,62,5,4,3,valid
7722,2081569182,*CCCNC(=O)c1ccc(C(=O)N*)cc1,0.31568914,27,2,11,2,2,2,valid
5457,1480818126,*C=Cc1cc(OCC(CC)CCCC)c(*)cc1-c1ccc(N(c2ccc(OC)cc2)c2ccc(OC)cc2)cc1,0.38664092,66,2,36,3,1,1,valid
5499,1491147756,*C(=O)Nc1ccc(Oc2ccc(NC(=O)c3ccc4c(c3)C(=O)N(c3ccc(Oc5ccc(N6C(=O)c7ccc(*)cc7C6=O)cc5-c5ccccc5)c(-c5ccccc5)c3)C4=O)cc2-c2ccccc2)c(-c2ccccc2)c1,0.37066383,140,2,66,8,4,6,valid
5353,1453894655,*Oc1ccc(S(=O)(=O)c2ccc(Oc3ccc(C(=C)c4ccc(*)cc4)cc3)cc2)cc1,0.37206608,58,2,26,4,0,3,valid
114,32586958,*NC(N*)=C(N)/C(N)=N/C,0.29714034,21,2,4,0,5,2,valid
3795,1031120219,*CC(COC(C)(C)C)O*,0.3876684,17,2,7,2,0,0,valid
4799,1297415322,*N=P(*)(OCCCCCC)OCCCCCC,0.4012116,23,2,12,2,1,1,valid
4954,1341724908,*Nc1ccc(Oc2ccc(C(c3ccc(Oc4ccc(N*)cc4)cc3)(C(F)(F)F)C(F)(F)F)cc2)cc1,0.34875187,67,2,27,2,2,0,valid
4267,1151772971,*CCOC(=O)c1ccc(-c2ccc(C(=O)O*)cc2C)c(C)c1,0.36167035,41,2,18,4,0,2,valid
5065,1373295279,*Nc1ccc(C(c2ccc(N*)cc2)[C@H](CCC)CCCCC(c2ccc(N)cc2)c2ccc(N)cc2)cc1,0.35865315,66,2,34,0,4,0,valid
2008,541484216,*CC(=O)NCC(=O)O*,0.27858992,16,2,4,3,1,2,valid
7100,1918165220,*ON(C(F)(F)F)C(F)(C(*)(F)F)C(F)(F)F,0.29794304,35,2,4,1,1,0,valid
7573,2046736007,*NC1=C(CC=C)[C@H](CC=C)c2cccc3ccc(N*)c1c23,0.33818589,42,2,19,0,2,3,valid
5748,1560692719,*C(=O)CCCCCCCCC(=O)NC1CCCCN(*)C1,0.34895116,32,2,16,2,2,2,valid
1904,512260776,*CC(*)c1ccc(C(O)C(F)(F)F)cc1,0.35930976,28,2,10,1,0,0,valid
172,51976096,*Oc1ccc(CC(NC(=O)Cc2ccc(OC(=O)CC(C)CCC(*)=O)cc2)C(=O)OCCCCCCCC)cc1,0.35062977,66,2,32,7,1,4,valid
4072,1100941404,*C(=O)Nc1ccc(S(=O)(=O)c2ccc(NC(=O)c3ccc4[nH]c(-c5cccc(-c6nc7cc(*)ccc7[nH]6)c5)nc4c3)cc2)cc1,0.37607565,91,2,34,4,6,4,valid
2808,763726764,*CC(C)(C)C1C(=O)N(C)C(=O)C1*,0.33146348,28,2,9,2,1,2,valid
1820,491291994,*CCCCCCCCCCCCNC(=O)CCCCCCCCCCCCCCC(=O)N*,0.37814224,40,2,28,2,2,2,valid
6698,1815372590,*NC1CCC(CCC2CCC(NC(=O)CCCCCCCCCCC(*)=O)CC2)CC1,0.36845122,46,2,26,2,2,2,valid
2885,784935951,*CCNC(=O)c1ccc2cc(O*)ccc2c1,0.33091429,27,2,13,2,1,1,valid
3849,1044945612,*Oc1ccc(C(C)(C)c2ccc(Oc3ccc(C(=O)c4ccc(Oc5ccc(C(=O)c6ccc(*)cc6)cc5)cc4)cc3)cc2)cc1,0.38948605,82,2,41,5,0,2,valid
3422,937233675,*Oc1ccc(C(C)(c2ccccc2)c2ccc(OC(=O)OC3C(C)(C)C(OC(*)=O)C3(C)C)cc2)cc1,0.36891791,68,2,30,6,0,2,valid
6489,1762139545,*Nc1cc(C)c(N*)cc1C,0.3453129649999999,18,2,8,0,2,0,valid
5849,1587202589,*C(=O)Nc1ccc(Oc2ccc(NC(=O)c3ccc4c(c3)C(=O)N(c3ccc(Oc5ccc(C6(c7ccc(Oc8ccc(N9C(=O)c%10ccc(*)cc%10C9=O)cc8)cc7)CC7CC6C6CCCC76)cc5)cc3)C4=O)cc2)cc1,0.36705724,143,2,64,9,4,6,valid
7084,1914982152,*C=Cc1ccc2c(c1)Sc1cc(*)ccc1N2c1ccc(OCCCCCCCCCCCC)cc1,0.39567095,52,2,31,1,1,1,valid
6949,1879180798,*N[C@@]12CC(=C)[C@@](C)(N*)[C@@]1(N)Cc1cccc(O)c1C2,0.33242571,50,2,15,1,3,1,valid
2501,679722974,*c1ccc(Oc2ccc(P(=O)(c3ccccc3)c3ccc(Oc4ccc(-c5ccc(*)nc5)cc4)cc3)cc2)cc1,0.38782954,70,2,35,3,1,1,valid
4161,1126802641,*ON(C(F)(F)F)C(F)(F)C(F)=C(F)C(*)(F)F,0.30255693,37,2,5,1,1,1,valid
5238,1421658168,*Nc1ccc(-c2ccc(Cc3ccccc3)cc2)c(C)c1N*,0.34585663,37,2,20,0,2,0,valid
2087,562022603,*c1ccc2c(c1)C(=O)N(c1ccc(Oc3ccc(N4C(=O)c5ccc(-c6c(-c7ccccc7)c(-c7ccccc7)c(-c7ccc(Sc8ccc(-c9c(-c%10ccccc%10)c(-c%10ccccc%10)c(*)c(-c%10ccccc%10)c9-c9ccccc9)cc8)cc7)c(-c7ccccc7)c6-c6ccccc6)cc5C4=O)cc3)cc1)C2=O,0.40157319,207,2,99,5,2,4,valid
6146,1669177512,*CC(*)OC(=O)C(C)(C)CCC,0.37264329,22,2,9,2,0,1,valid
7521,2033020840,*CC(C)(C)CS(=O)(=O)CC(C)(C)COC(=O)NCCCCCCNC(=O)O*,0.3457558,49,2,18,6,2,4,valid
6822,1850128396,*CCCCCOc1ccc(CCc2ccc(O*)cc2C)cc1,0.37161152,32,2,20,2,0,0,valid
5428,1474494101,*Oc1ccc(Sc2ccc(Sc3ccc(Sc4ccc(*)cc4)cc3)cc2)cc1,0.38951806,46,2,21,1,0,0,valid
350,98940224,*Oc1ccc(S(=O)(=O)c2ccc(Oc3ccc(NC(=O)c4ccc(-c5ccc(C(=O)Nc6ccc(*)cc6)c(C)c5)cc4C)cc3)cc2)cc1,0.36387145,90,2,40,6,2,4,valid
243,69694252,*CCOC(=O)CCCCCC(=O)O*,0.3344037,21,2,9,4,0,2,valid
6032,1636249880,*Nc1nc(N*)nc(-c2ccccc2)n1,0.33811735,25,2,9,0,5,0,valid
4747,1282732042,*C(=O)c1ccc2c(c1)C(=O)N(c1ccc(-c3nc(-c4ccccc4)nc(-c4ccc(N5C(=O)c6ccc(*)cc6C5=O)cc4)n3)cc1)C2=O,0.40912107,94,2,38,5,5,5,valid
4930,1335930330,*c1cccc(N2C(=O)c3ccc(Oc4cccc5c(Oc6ccc7c(c6)C(=O)N(*)C7=O)cccc45)cc3C2=O)c1,0.36724296,74,2,32,6,2,4,valid
553,152623829,*Oc1ccc(C(C)(C)c2ccc(OC(=O)c3ccc(Oc4ccc(C(*)=O)cc4)cc3)cc2)cc1,0.36060711,62,2,29,5,0,2,valid
234,67919894,*Oc1ccc(S(=O)(=O)c2ccc(Oc3ccc(C(C)(c4ccccc4)c4ccc(*)cc4)cc3)cc2)cc1,0.37844588,67,2,32,4,0,2,valid
1639,440998252,*Oc1ccc(CC(NC(=O)CCc2ccc(OC(=O)CCC(*)=O)cc2)C(=O)OC(C)C)cc1,0.34012388,59,2,25,7,1,4,valid
1294,350689430,*COC(=O)NCCCCCCNC(=O)OCc1ccc(*)o1,0.33438968,33,2,14,5,2,2,valid
2921,794510468,*Nc1ccc(C(C)(c2ccccc2)c2ccc(N*)c(C)c2C)c(C)c1C,0.36512516,46,2,24,0,2,0,valid
977,266988735,*CCCCCCOC(=O)OCCCCCCOC(=O)OCCCCCCOc1ccc(C(=O)c2ccc(O*)cc2)cc1,0.35359242,61,2,33,9,0,3,valid
4619,1246412636,*c1cccc(N2C(=O)c3ccc(Oc4c(C)cc(-c5cc(C)c(Oc6ccc7c(c6)C(=O)N(*)C7=O)c(C)c5)cc4C)cc3C2=O)c1,0.39022826,89,2,38,6,2,4,valid
346,97597340,*CCCCCCCCCCCCCCCCOC(=O)NCCCCCCNC(=O)O*,0.37330351,38,2,24,4,2,2,valid
2116,572616024,*OC1CCC(OC(=O)OCCCCOC(*)=O)CC1,0.33295317,30,2,12,6,0,2,valid
6017,1632465618,*C(=O)Oc1ccc(C(C)(C)c2ccc(OC(=O)c3ccc4c(c3)C(=O)N(c3ccc(O)c(N5C(=O)c6ccc(*)cc6C5=O)c3)C4=O)cc2)cc1,0.35532952,98,2,39,9,2,6,valid
2267,616326539,*CC(*)n1cc2ccccc2n1,0.37138173,19,2,9,0,2,0,valid
3161,859487043,*C(=O)Oc1ccc(C(=O)Oc2cccc(OC(=O)c3ccc(OC(=O)c4ccc(*)nc4)cc3)c2)cc1,0.33873144,66,2,27,8,1,4,valid
4318,1161927023,*C(=O)c1ccc2c(c1)C(=Nc1ccc(Oc3ccc(C(c4ccc(Oc5ccc(N=C6OC(=O)c7ccc(*)cc76)cc5)cc4)(C(F)(F)F)C(F)(F)F)cc3)cc1)OC2=O,0.36045189,112,2,44,7,2,5,valid
1763,475124319,*CC(*)(C)C(=O)Oc1ccc(C#N)cc1,0.36105716,28,2,11,2,1,1,valid
949,260077968,*Cc1ccc(CO*)cc1,0.35484206,15,2,8,1,0,0,valid
2266,616276017,*c1ccc(NC2CC(=O)N(c3ccc(-c4sc(-c5ccc(N6C(=O)CC(Nc7ccc(-c8nc(-c9ccc(C=Cc%10ccc([N+](=O)[O-])cc%10)s9)[nH]c8*)cc7)C6=O)cc5)c(-c5ccccc5)c4-c4ccccc4)cc3)C2=O)cc1,0.39689813,157,2,63,6,7,6,valid
6843,1855068918,*Nc1ccc2cc3ccccc3c(N*)c2c1,0.33879068,26,2,14,0,2,0,valid
5330,1448448374,*O[Si](C)(CCC(F)(F)F)CCC(F)(F)C(F)(F)C(F)(F)C(F)(F)CC[Si](*)(C)CCC(F)(F)F,0.37622546,73,2,16,1,0,0,valid
4002,1082852638,*Oc1ccc2c(c1)C1(CC2(C)C)CC(C)(C)c2ccc(OC(=O)c3ccc(C(*)=O)cc3)cc21,0.38802883,65,2,29,4,0,2,valid
429,118829848,*CC1CC2CC1C1CCC(CN3C(=O)c4ccc(-c5ccc6c(c5)C(=O)N(*)C6=O)cc4C3=O)C21,0.3636249,67,2,28,4,2,4,valid
1767,476584063,*c1ccc(Oc2ccc(NC(=O)c3ccc4c(c3)C(=O)N(c3ccc(Cc5ccc(N6C(=O)c7ccc(C(=O)Nc8ccc(Oc9ccc(C%10(*)NC(=O)c%11ccccc%11%10)cc9)cc8)cc7C6=O)cc5)cc3)C4=O)cc2)cc1,0.36522559,148,2,63,9,5,7,valid
242,69121777,*CC(O)COc1ccc(C(C)(C)c2ccc(OCC(O)COc3ccc(C(=O)Nc4ccc(O*)cc4)cc3)cc2)cc1,0.34123375,71,2,34,7,1,1,valid
2232,604776418,*Oc1ccc(OC(=O)c2cc(OCCCCCCCCCCC(F)(F)C(F)(F)C(F)(F)C(F)(F)C(F)(F)C(F)(F)C(F)(F)C(F)(F)C(F)(F)C(F)(F)F)cc(C(*)=O)c2)cc1,0.34786426,118,2,34,5,0,2,valid
7305,1972032416,*c1ccc(C(=O)OCCCCCCCCOc2ccc(C=C3CCC(=Cc4ccc(OCCCCCCCCOC(=O)c5ccc(-c6nnc(*)o6)cc5)cc4)C3=O)cc2)cc1,0.3617754,97,2,51,8,2,5,valid
2759,750442059,*Nc1ccc(Cc2ccc(NC(=O)c3cc(NC(=O)CCCCCCCCCCN4C(=O)c5ccccc5C4=O)cc(C(*)=O)c3)cc2)cc1,0.34759943,82,2,40,5,4,5,valid
3082,837417544,*Nc1ccc(-c2ccc(N*)cc2C(F)(F)F)c(C(F)(F)F)c1,0.34397372,43,2,14,0,2,0,valid
3671,994355655,*C(=O)c1ccc2c(c1)C(=O)N(c1c(CC)cc(Cc3cc(CC)c(N4C(=O)c5ccc(*)cc5C4=O)c(CC)c3)cc1CC)C2=O,0.4118037,86,2,38,5,2,5,valid
4257,1150209468,*c1ccc2c(c1)C(CCCCCC)(CCCCCC)c1cc(-c3cc(OCCCCCCCC)c(*)cc3OCCCCCCCC)ccc1-2,0.40970568,73,2,47,2,0,0,valid
1546,414802450,*CCCCCCOC(=O)C(CCCCCBr)C(=O)OCCCCCCOc1ccc(-n2on2-c2ccc(O*)cc2)cc1,0.37141754,65,2,32,7,2,2,valid
4961,1344203582,*c1ccc(-c2sc(-c3ccc(-c4cc(CCCCCCCCCCCC)c(*)s4)cc3)cc2CCCCCCCCCCCC)cc1,0.42148672,69,2,44,0,0,0,valid
4728,1275263414,*CCCCNC(=O)c1ccc(C(=O)N*)c(Oc2ccccc2)c1,0.33751561,39,2,18,3,2,2,valid
6095,1652765029,*Nc1c(C)c(N)c2c(c1O)C(=N)[C@@H](N*)[C@@H]2N,0.32698788,43,2,10,1,5,1,valid
763,214573613,*CCC(=O)NCc1c(C)c(C)c(CNC(=O)CCO*)c(C)c1C,0.336425,41,2,18,3,2,2,valid
206,60738401,*CCC[Si](*)(C)O[Si](C)(C)CCCOc1ccc(C(=O)Oc2ccc(C#N)cc2)cc1,0.38354504,58,2,23,4,1,1,valid
7584,2048601766,*c1ccc(Sc2ccc(Sc3ccc(Sc4ccc(S(*)=O)cc4)cc3)cc2)cc1,0.38833103,50,2,21,1,0,1,valid
3505,958448882,*CCCCOc1ccc(-c2ccc(O*)c3ccccc23)c2ccccc12,0.36234593,41,2,24,2,0,0,valid
7355,1986596083,*Oc1ccc(C(=O)c2ccc(Oc3ccc(C(=O)c4cccc(C(=O)c5ccc(*)cc5)c4)cc3)cc2)cc1,0.37091034,69,2,33,5,0,3,valid
4734,1276246944,*c1ccc(OC(=O)Nc2ccc(-c3ccc(NC(=O)Oc4ccc(-c5nc(-c6ccc([N+](=O)[O-])cc6)[nH]c5*)cc4)cc3OC)c(OC)c2)cc1,0.36184068,99,2,37,8,5,3,valid
318,90074942,*Oc1ccc(OC(=O)c2ccc(OCCCCCCOc3ccc(C(*)=O)cc3)cc2)cc1S(=O)(=O)c1ccccc1,0.35188537,69,2,32,8,0,4,valid
5635,1528295982,*CC(c1ccccc1)C1C(=O)N(CCN(CC)c2ccc(N=Nc3ccc([N+](=O)[O-])cc3)cc2)C(=O)C1*,0.36659752,73,2,28,4,5,4,valid
6165,1672978154,*CCN(*)C(=O)c1cc(F)c(F)c(F)c1,0.33491733,29,2,9,1,1,1,valid
2805,763114241,*C(=O)Nc1ccc(Cc2ccc(N3C(=O)CC(N4C(=O)c5ccc(*)cc5C4=O)C3=O)cc2)cc1,0.35665576,65,2,26,5,3,5,valid
329,92330874,*Oc1ccc(Cc2ccc(OC(=O)c3cc(OCCCCC)cc(C(*)=O)c3)cc2)cc1,0.3613898,53,2,26,5,0,2,valid
6926,1873390978,*CC(OCC)C1(C)C(=O)OC(=O)C1(*)C,0.32300959,30,2,10,4,0,2,valid
5980,1621972035,*CC(*)(C)C(=O)OCCCCCCOc1ccc(-c2ccc(C#N)cc2)cc1,0.35758203,46,2,23,3,1,1,valid
1134,303219921,*Nc1ccc(-c2ccc(N*)cc2CCCCc2cc(N)ccc2-c2ccc(N)cc2)cc1,0.35208407,52,2,28,0,4,0,valid
2532,688101886,*C(=O)c1ccc2c(c1)C(=O)N(c1cccc(Cc3cccc(N4C(=O)c5ccc(*)cc5C4=O)c3)c1)C2=O,0.37198635,72,2,30,5,2,5,valid
4076,1102089845,*CC(*)(CC(=O)OCCOCCOCCOCCOCCOCCOCCOC)C(=O)OCCOCCOCCOCCOCCOCCOCCOC,0.34860054,65,2,35,18,0,2,valid
44,11667291,*C(=O)c1ccc2c(c1)C(=O)N(c1ccc(Cc3ccc(C(=O)c4ccc(N5C(=O)c6ccc(*)cc6C5=O)cc4)cc3)cc1)C2=O,0.38083463,87,2,37,6,2,6,valid
5604,1518669456,*CCCCCCCCCCC(=O)N(*)C,0.37747863,21,2,12,1,1,1,valid
3113,844100895,*CCOCCOP(=O)(N=Nc1ccc(-c2ccc(N=NP(=O)(O*)OC)cc2)cc1)OC,0.35788799,54,2,18,7,4,4,valid
6381,1728340477,*C(=O)Nc1ccc(S(=O)(=O)c2ccc(NC(=O)c3ccc4c(c3)C(=O)N(c3ccc(S(=O)(=O)c5ccc(N6C(=O)c7ccc(*)cc7C6=O)cc5)cc3)C4=O)cc2)cc1,0.35936373,116,2,42,10,4,10,valid
3442,942731516,*Nc1ccccc1CCc1ccc(NC(=O)Nc2ccc(CCc3ccc(NC(*)=O)cc3)cc2)cc1,0.35341699,58,2,30,2,4,2,valid
309,87338341,*CCCCCCCCOc1cccc(NC(=O)c2cccc(C(=O)Nc3cccc(O*)c3)c2)c1,0.35145128,54,2,28,4,2,2,valid
5245,1422560601,*NC(C)(C)C(C)(C)N*,0.338250255,18,2,6,0,2,0,valid
3258,889670641,*Oc1ccc(C(C)(C)c2cccc(C(C)(C)c3ccc(Oc4ccc(C(=O)Nc5cccc(NC(=O)c6ccc(*)cc6)c5)cc4)cc3)c2)cc1,0.3636819,90,2,44,4,2,2,valid
6618,1797412842,*CCN(*)C(=O)CC12CC3CC(CC(C3)C1)C2,0.35920026,33,2,14,1,1,1,valid
7340,1981721677,*NC(CCC(=O)OCc1ccc([N+](=O)[O-])cc1)C(*)=O,0.33486234,42,2,12,5,2,3,valid
6188,1677738702,*Oc1ccc(NC(=O)c2ccc(P(=O)(c3ccccc3)c3ccc(C(=O)Nc4ccc(*)cc4)cc3)cc2)cc1,0.36140539,70,2,32,4,2,3,valid
122,35822036,*CC1(C)CC(N2C(=O)c3ccc(Oc4ccc5c(c4)C(=O)N(*)C5=O)cc3C2=O)CC(C)(C)C1,0.36993749,67,2,26,5,2,4,valid
1591,429504710,*CC(*)C(=O)OCC(C)O,0.32197696,18,2,6,3,0,1,valid
2937,798869032,*Nc1ccc([C@]23C[C@H]4C[C@H](C[C@](c5ccc(N*)cc5)(C4)C2)C3)cc1,0.34941941,60,2,22,0,2,0,valid
253,72343609,*c1ccc(C(=O)NCCCCCCNC(=O)c2ccc(-c3nc4ccccc4nc3*)cc2)cc1,0.36004959,55,2,28,2,4,2,valid
5178,1403025307,*CC(*)Cc1ccccc1C,0.37559758,16,2,10,0,0,0,valid
3448,945028672,*c1cccc(-c2nc3cc(-c4ccc5nc(*)c(-c6ccccc6)nc5c4)ccc3nc2-c2ccccc2)c1,0.42889461,66,2,34,0,4,0,valid
5156,1396499237,*Nc1ccc([C@]23C[C@@]4(c5ccc(N)cc5)C[C@](c5ccc(N)cc5)(C[C@](c5ccc(N*)cc5)(C4)C2)C3)cc1,0.37559858,85,2,34,0,4,0,valid
92,24969052,*CCCCCOC(=O)c1cccc(C(=O)O*)c1,0.34539931,29,2,13,4,0,2,valid
984,268805413,*c1nc(C)nc(N(CCCCCCN(*)c2ccccc2)c2ccccc2)n1,0.3854823,43,2,22,0,5,0,valid
7375,1991701752,*C1C(*)C2CC1C(C(=O)OCCCc1ccccc1)C2C(=O)OCCCc1ccccc1,0.35924036,51,2,27,4,0,2,valid
4949,1340249291,*c1ccc2c(c1)C(=O)N(c1cccc(N3C(=O)c4ccc(C(*)(C(F)(F)F)C(F)(F)F)cc4C3=O)c1)C2=O,0.38859265,77,2,25,4,2,4,valid
516,143774509,*Nc1cc(CCc2ccccc2)cc(-c2c(Cc3ccccc3)cccc2N*)c1,0.34620954,46,2,27,0,2,0,valid
6993,1890730007,*C(=O)c1ccc2c(c1)C(=O)N(c1ccc(Oc3ccc(C(=O)c4ccc(Oc5ccc(N6C(=O)c7ccc(*)cc7C6=O)cc5)cc4)cc3)cc1)C2=O,0.37306628,98,2,42,8,2,6,valid
614,170092813,*Oc1ccc2cc(Oc3ccc(S(=O)(=O)c4ccc(*)cc4)cc3)ccc2c1,0.36801316,49,2,22,4,0,2,valid
3477,951030953,*c1ccc(Cc2ccc(N3C(=O)c4ccc(-c5ccc6c(c5)C(=O)N(*)C6=O)cc4C3=O)c(C(C)(C)C)c2)cc1C(C)(C)C,0.4120274,86,2,37,4,2,4,valid
2688,731184698,*C(=O)OCC(C)(C)COC(=O)N1CCN(*)CC1,0.33768571,33,2,11,4,2,2,valid
6693,1814831585,*Nc1cc(-c2ccccc2)c(-c2ccccc2)c(-c2ccccc2)c1N*,0.36099506,45,2,24,0,2,0,valid
2542,689602556,*c1ccc2cc3cc(-c4sc(-c5cc(CCCCCCCCCCCC)c(*)s5)cc4CCCCCCCCCCCC)ccc3cc2c1,0.4098993,70,2,46,0,0,0,valid
7497,2025970688,*CCCCCCCCCCCCNC(=O)C(OC)C(OC)C(=O)N*,0.36064464,36,2,18,4,2,2,valid
5447,1477890619,*Oc1ccc(Oc2ccc(NC(=O)c3ccc(Oc4ccc(Oc5ccc(C(=O)Nc6ccc(*)cc6)cc5)cc4C)cc3)cc2)cc1,0.35751398,79,2,39,6,2,2,valid
2772,753570442,*CC(*)c1cc(C(F)(F)F)cc(C(F)(F)F)c1,0.38284106,34,2,10,0,0,0,valid
2634,716683288,*Oc1ccc(Oc2ccc(S(=O)(=O)c3ccc(*)cc3)cc2)cc1,0.36840915,43,2,18,4,0,2,valid
6680,1812564153,*Nc1ccc(CC(C)(C)c2ccc(N)c(C[C@@](C)(CC)c3ccc(N*)cc3)c2)cc1,0.35226185,58,2,27,0,3,0,valid
2436,666249832,*CC=CC[Si](*)(C=C)C=C,0.40464632,21,2,8,0,0,3,valid
4516,1216120038,*N=P(*)(OCCOC)OCCOC,0.3536972,19,2,6,4,1,1,valid
5713,1550023737,*Nc1ccc(NC(=O)c2ccc(P(=O)(c3ccccc3)c3ccc(C(*)=O)cc3)cc2)cc1,0.35999445,59,2,26,3,2,3,valid
7017,1895946693,*Nc1ccc(C2(c3ccc(N*)cc3)CCCCC2)cc1,0.352691375,34,2,18,0,2,0,valid
730,204583818,*CC(OC)C1(C)C(=O)OC(=O)C1(*)C,0.31336206,29,2,9,4,0,2,valid
799,225689380,*C(=O)c1ccc2c(c1)C(=O)N(c1cccc(C(=O)c3ccccc3N3C(=O)c4ccc(*)cc4C3=O)c1)C2=O,0.37500133,74,2,30,6,2,6,valid
6808,1847970143,*CC(=O)NC(C)C(=O)O*,0.30707299,19,2,5,3,1,2,valid
7731,2083473001,*Oc1ccc(C(C)(C)c2ccc(Oc3ccc(C(=O)c4ccc(-c5ccc(C(=O)c6ccc(*)cc6)cc5)cc4)cc3)cc2)cc1,0.37583933,82,2,41,4,0,2,valid
3791,1028942320,*CCCCCC(Cl)C(*)Cl,0.3900218,17,2,7,0,0,0,valid
3697,1002053152,*CCCCCCOC(=O)OCCCCCOC(=O)OCCCCCCOc1ccc(C(=O)c2ccc(O*)cc2)cc1,0.34762282,60,2,32,9,0,3,valid
5321,1446517158,*CC(*)c1ccc(C(C)(C)O)cc1,0.3711129,24,2,11,1,0,0,valid
1627,439011698,*C(=O)c1cc(C(=O)c2ccc3c(c2)C(=O)N(c2ccc(Oc4ccc(N5C(=O)c6ccc(*)cc6C5=O)cc4)cc2)C3=O)cc(-c2ccccc2)c1,0.36655911,98,2,42,7,2,6,valid
1386,372897734,*NC(C)CCC(C)(C)CCCNC(=O)c1ccc(C(*)=O)cc1,0.34899433,40,2,18,2,2,2,valid
6081,1649295248,*NC1=CCCC(c2ccc(N*)cc2)=C1c1ccccc1,0.35914225,34,2,18,0,2,2,valid
2198,595580163,*CC(*)(C)C(N)=O,0.25657854,15,2,4,1,1,1,valid
4297,1157657223,*c1ccc(Oc2ccc(Oc3ccc(-c4cnc5cc(-c6ccc7nc(*)cnc7c6)ccc5n4)cc3)cc2)cc1,0.39204345,68,2,34,2,4,0,valid
4814,1300383951,*O[Si](C)(C)O[Si](C)(C)O[Si](C)(C)O[Si](C)(C)C#Cc1ccc(C#C[Si](*)(C)C)cc1,0.46246248,72,2,20,4,0,0,valid
355,100028701,*Nc1nnc(-c2nnc(N*)n2N)n1N,0.3228214,25,2,4,0,10,0,valid
4291,1156634940,*Oc1ccc(C(C)(C)c2ccc(Oc3ccc(C(=O)c4cccc5cccc(C(=O)c6ccc(*)cc6)c45)cc3)cc2)cc1,0.37726443,77,2,39,4,0,2,valid
1630,439415309,*c1ccc(Oc2ccc(C3(c4ccc(Oc5ccc(N6C(=O)c7ccc(Oc8c(C)cc(C(C)(C)c9cc(C)c(Oc%10ccc%11c(c%10)C(=O)N(*)C%11=O)c(C)c9)cc8C)cc7C6=O)cc5)cc4)CC4CCC3C4)cc2)cc1,0.38992646,148,2,66,8,2,4,valid
4723,1271079066,*c1ccc(-c2ccc(N(*)c3ccc(CCCC)cc3)cc2)cc1,0.43625228,40,2,22,0,1,0,valid
4601,1241617720,*CC(CO*)(CS(=O)(=O)CC)CS(=O)(=O)CC,0.37003283,34,2,9,5,0,4,valid
4512,1215188002,*C(=O)c1ccc2c(c1)C(=O)N(c1cccc(Cc3ccc(Cc4ccc(Cc5cccc(N6C(=O)c7ccc(*)cc7C6=O)c5)cc4)cc3)c1)C2=O,0.37158061,94,2,44,5,2,5,valid
6439,1747354606,*c1ccc(O)c(N2C(=O)c3ccc(Oc4ccc(C(C)(C)c5ccc(Oc6ccc7c(c6)C(=O)N(*)C7=O)cc5)cc4)cc3C2=O)c1,0.36863924,88,2,37,7,2,4,valid
6586,1790362530,*OC(=O)OCCOCCOCCOC(=O)OC1COC2C(*)COC12,0.32153252,38,2,14,10,0,2,valid
1261,339625856,*CC(*)C(=O)c1ccc(C(C)(C)C)cc1,0.39538031,29,2,13,1,0,1,valid
5860,1588623527,*Nc1ccc(C2=C(c3ccc(N*)cc3)CCCC2)cc1,0.36462438,35,2,18,0,2,1,valid
5831,1581168714,*C(=O)OCCCCCCCOC(=O)c1ccc(NC(=O)c2ccc(N3C(=O)c4ccc(*)cc4C3=O)cc2)cc1,0.34341892,68,2,30,7,2,5,valid
7972,2147438299,*c1ccc(OCCCCCCCCCCCOC(=O)CCCCC(=O)OCCCCCCCCCCCOc2ccc(-c3nnc(*)s3)cc2)cc1,0.37404941,72,2,42,6,2,2,valid
6215,1685639309,*Nc1ccc(N*)c2cc3ccccc3cc12,0.33960265,26,2,14,0,2,0,valid
769,215880524,*Nc1ccc2[nH]c3ccc(N*)cc3c2c1,0.33036591,28,2,12,0,3,0,valid
6854,1857599978,*c1ccc2oc(-c3cccc(-c4nc5cc(C(*)(c6ccccc6)C(F)(F)F)ccc5o4)c3)nc2c1,0.43815792,65,2,28,2,2,0,valid
3125,846469607,*Oc1ccc(C(c2ccc(Oc3ccc(C(=O)c4cccc(-c5cccc(C(=O)c6ccc(*)cc6)c5)c4)cc3)cc2)(C(F)(F)F)C(F)(F)F)cc1,0.37249164,96,2,41,4,0,2,valid
6856,1859484070,*CCCCCCOC(=O)CCCCCNC(=O)CCCCC(=O)NCCCCCC(=O)O*,0.34745359,46,2,24,6,2,4,valid
4277,1153834877,*CCCCCCNC(=O)CCCCCCCCCCCCCCC(=O)N*,0.37018411,34,2,22,2,2,2,valid
2774,754288361,*Nc1ccc(-c2ccc(N*)c(=C\c3ccccc3)/c2=C\c2ccccc2)cc1,0.36805136,50,2,26,0,2,2,valid
3578,975391754,*Oc1ccc(CC(NC(=O)Cc2ccc(OC(=O)CCC(*)=O)cc2)C(=O)OCC)cc1,0.33368013,55,2,23,7,1,4,valid
367,102464376,*Nc1ccc(/C=C/c2c3ccccc3c(-c3c4ccccc4c(CCc4ccc(N*)cc4)c4ccccc34)c3ccccc23)cc1,0.36999333,76,2,44,0,2,1,valid
4970,1345870546,*CCCCCCCCN1C(=O)c2ccc(C(c3ccc4c(c3)C(=O)N(*)C4=O)(C(F)(F)F)C(F)(F)F)cc2C1=O,0.35143027,75,2,27,4,2,4,valid
7321,1976024514,*Nc1ccc(C(c2ccc(N*)cc2)C2CCCCC2)cc1,0.36335791,35,2,19,0,2,0,valid
2467,672610446,*C(=O)c1ccc2nc(-c3ccccc3)c(-c3ccc(Oc4ccc(-c5nc6cc(*)ccc6nc5-c5ccccc5)cc4)cc3)nc2c1,0.41566433,82,2,41,2,4,1,valid
4079,1103272237,*CCOC(=O)Nc1ccc(Cc2ccc(NC(=O)OCCOc3ccc(O*)cc3)cc2)cc1,0.33635449,53,2,25,6,2,2,valid
5252,1424467870,*Nc1ccc(Cc2cccc(Cc3ccc(N*)cc3)c2)cc1,0.3462571,36,2,20,0,2,0,valid
6889,1865534172,*Oc1ccc(OC(=O)c2ccc(C(*)=O)cc2Oc2ccc(C3CCCCC3)cc2)cc1,0.36193603,53,2,26,5,0,2,valid
7682,2071844706,*N1CCOC1(*)CC,0.35941583,13,2,5,1,1,0,valid
3150,854325702,*O[Si](*)(CCCOCCOCCOCCOCCOCCOC)CCCOCCOCCOCCOCCOCCOC,0.36409015,51,2,28,13,0,0,valid
5746,1560496789,*Nc1ccc(C(c2ccc(N)cc2)(c2ccc(N*)cc2)C2CCCCC2)cc1,0.38230718,48,2,25,0,3,0,valid
3699,1002611290,*c1ccc(Oc2ccc(N3C(=O)c4cccc(Oc5ccc(Oc6ccc(Oc7cccc8c7C(=O)N(*)C8=O)cc6)cc5)c4C3=O)cc2)cc1,0.36415634,88,2,40,8,2,4,valid
1925,517724366,*CCCCOC(=O)CCCCCCCCC(=O)O*,0.35670902,26,2,14,4,0,2,valid
391,107530968,*CCCCCCCCCCCCOc1ccc(CCc2ccc(O*)cc2C)cc1,0.37988049,39,2,27,2,0,0,valid
5815,1578441092,*c1ccc(-c2cc(-c3ccc(-c4ccccc4)cc3)cc(-c3ccc(N4C(=O)c5ccc(NC(=O)Nc6ccc(Oc7ccccc7-c7ccccc7Oc7ccc(NC(=O)Nc8ccc9c(c8)C(=O)N(*)C9=O)cc7)cc6)cc5C4=O)cc3)n2)cc1,0.36226249,153,2,71,8,7,6,valid
5795,1573303082,*O[Si](O[Si](O[Si](O[Si](CC[Si](C)(C)O[Si](C)(C)O[Si](C)(C)CC[Si](*)(c1ccccc1)c1ccccc1)(c1ccccc1)c1ccccc1)(c1ccccc1)c1ccccc1)(c1ccccc1)c1ccccc1)(c1ccccc1)c1ccccc1,0.3950591,162,2,70,6,0,0,valid
5037,1366419204,*Nc1ccc(C2(c3ccc(N*)c(C)c3)c3cc(-c4ccccc4)ccc3-c3ccc(-c4ccccc4)cc32)cc1C,0.3801140149999999,72,2,39,0,2,0,valid
1865,504741555,*CCC(=O)Nc1ccc(Oc2ccc(NC(=O)CCN3C(=O)c4ccc(C(=O)c5ccc6c(c5)C(=O)N(*)C6=O)cc4C3=O)cc2)cc1,0.33487756,88,2,35,8,4,7,valid
4818,1300907784,*Sc1ccc(C(=O)c2ccc(C(C)(C)c3ccc(C(=O)c4ccc(*)cc4)cc3)cc2)cc1,0.40938395,60,2,28,2,0,2,valid
3560,972522646,*c1ccc(OC(=O)Oc2ccc(C3(*)OC(=O)c4ccccc43)cc2)cc1,0.35641972,48,2,21,5,0,2,valid
3885,1053749106,*CCCCCCCCCCSSSS*,0.45331783,16,2,10,0,0,0,valid
982,268436916,*CC(CC)S(*)(=O)=O,0.3604463,17,2,4,2,0,2,valid
6574,1788116403,*Oc1ccc(-c2ccc(OC(=O)c3cc(OCCCCCC)c(C(*)=O)cc3OCCCCCC)cc2)cc1,0.3630012,61,2,32,6,0,2,valid
4137,1119425310,*O[Si](C)(C)O[Si](C)(C)OC(C)CCCCC(*)C,0.4145335,37,2,12,3,0,0,valid
7614,2056311741,*C(=O)c1ccc2c(c1)C(=O)N(c1cccc(P(=O)(c3ccccc3)c3cccc(N4C(=O)c5ccc(*)cc5C4=O)c3)c1)C2=O,0.38469129,86,2,35,6,2,6,valid
2510,681148438,*c1ccc2c(c1)C(=O)N(c1cccc(C(=O)Nc3ccc(Oc4ccccc4Oc4ccc(NC(=O)c5cccc(N6C(=O)c7ccc(C(*)(C(F)(F)F)C(F)(F)F)cc7C6=O)c5)cc4)cc3)c1)C2=O,0.35765062,129,2,51,8,4,6,valid
6250,1696182166,*Oc1ccc(C(=O)OCCN(CCOC(=O)c2ccc(OC3(F)C(*)(F)C(F)(F)C3(F)F)cc2)c2ccc(C=CC3=CC(=C(C#N)C#N)CC(C)(C)C3)cc2)cc1,0.36168331,107,2,41,6,3,5,valid
2409,659864655,*CCCCCCCCCCN1C(=O)c2ccc(C(c3ccc4c(c3)C(=O)N(*)C4=O)(C(F)(F)F)C(F)(F)F)cc2C1=O,0.35035919,77,2,29,4,2,4,valid
4202,1136024156,*CCN(CCCCCCOc1ccc(C=Cc2ccc([N+](=O)[O-])cc2)cc1)CCOC(=O)NCCCCCCNC(=O)O*,0.34321902,71,2,32,7,4,4,valid
3780,1026090267,*CCCCCCNC(=O)CC(=O)N*,0.32199305,21,2,9,2,2,2,valid
94,25581268,*c1ccc(S(=O)(=O)c2ccc(N3C(=O)c4ccc(Oc5ccc(C(C)(C)c6ccc(Oc7ccc8c(c7)C(=O)N(*)C8=O)cc6)cc5)cc4C3=O)cc2)cc1,0.37886829,104,2,43,8,2,6,valid
4426,1191731244,*CC=CC(CC)S(*)(=O)=O,0.38724825,20,2,6,2,0,3,valid
2147,580261809,*C=C[Si](*)(c1ccccc1)c1ccccc1,0.39366166,29,2,14,0,0,1,valid
3165,859939433,*Nc1ccc([C@]23C[C@@H]4C[C@@H]5[C@@H]6C[C@H](C[C@H]52)C[C@@]3(c2ccc(N*)cc2)[C@@H]6C4)cc1,0.35828475,87,2,26,0,2,0,valid
6290,1704728176,*OC(COC(*)=O)COC(C)(C)C,0.36210657,23,2,8,4,0,1,valid
2981,810767754,*CCCCCNC(=O)C(OC)C(OC)C(=O)N*,0.3352167,29,2,11,4,2,2,valid
6818,1849606830,*CCCCCC(c1ccc(O)cc1)C(*)c1ccc(O)cc1C,0.3564602,36,2,20,2,0,0,valid
3255,887804615,*CCOCCOC(=O)c1ccc(NC=Nc2ccc(C(=O)O*)cc2)cc1,0.34881657,43,2,19,5,2,3,valid
3744,1016427513,*CC(O)CN(C)S(=O)(=O)c1ccc(-c2ccc(S(=O)(=O)N(C)CC(O)COc3ccc(C(C)(C)c4ccc(O*)cc4)cc3)cc2)cc1,0.34670882,90,2,35,8,2,4,valid
552,152612020,*CC(*)(C)C(=O)OCCCCCCCCCCCOc1ccc(C=Nc2ccc(C#N)cc2)cc1,0.36948879,53,2,29,3,2,2,valid
2301,626242594,*Nc1ccc(C2(c3ccc(NC(=O)c4ccc(C(*)=O)cc4)cc3)c3ccccc3-c3ccccc32)cc1,0.37325981,66,2,33,2,2,2,valid
2854,777956854,*Nc1ccccc1-c1ccc2c(c1-c1ccccc1N*)Cc1ccccc1-2,0.359745555,44,2,25,0,2,0,valid
6256,1696993963,*CC(*)c1ccc(C(=O)CC)cc1,0.3774075,23,2,11,1,0,1,valid
6390,1731224858,*CC(*)c1ccc(COCCCCO)cc1,0.36446129,23,2,13,2,0,0,valid
7881,2121376176,*Nc1ccc(-c2c3cc(N*)c(N)cc3c(-c3ccc(N)cc3)c3c(-c4ccc(N)cc4)c4cc(N)c(N)cc4c(-c4ccc(N)cc4)c23)cc1,0.35674675,94,2,42,0,8,0,valid
1454,391439612,*CCCCCCC(Cl)C(*)Cl,0.39133632,18,2,8,0,0,0,valid
4176,1130989297,*c1ccc2c(c1)C(=O)N(c1cc(OCCCCCCCC)cc(N3C(=O)c4ccc(C(*)(C(F)(F)F)C(F)(F)F)cc4C3=O)c1)C2=O,0.37326139,88,2,33,5,2,4,valid
4295,1157376824,*C(=O)OCCCCCCCCCCOC(=O)c1ccc(NC(=O)c2ccc(N3C(=O)c4ccc(*)cc4C3=O)cc2)cc1,0.34823376,71,2,33,7,2,5,valid
3271,894220698,*c1ccc(C(=O)Nc2ccc(-c3nnc(*)o3)cc2)c(Oc2ccccc2)c1,0.38004401,49,2,21,3,3,1,valid
4143,1121162795,*CC(c1ccccc1)C1C(=O)N(C)C(=O)C1*,0.35994352,32,2,13,2,1,2,valid
6577,1788446474,*OC(=O)c1cccc(C(=O)Oc2ccc3c(c2)Oc2cc(*)ccc2C32OC(=O)c3ccccc32)c1,0.35989808,64,2,28,7,0,3,valid
693,192960125,*Nc1ccc2c(N*)c3ccccc3cc2c1,0.34619216,26,2,14,0,2,0,valid
6815,1849183324,*Nc1ccc(C2(c3ccc(N*)cc3)c3ccccc3-c3c(CC)cccc32)cc1,0.37018602,50,2,27,0,2,0,valid
4139,1120810907,*NCCCCN*,0.31431622,8,2,4,0,2,0,valid
4810,1299554017,*CCCCCCCCCCCC(=O)N*,0.37505502,19,2,12,1,1,1,valid
5192,1408691704,*Nc1cccc(NC(=O)c2cccc(C(=O)Nc3cccc(NC(=S)NC(=O)CCCCC(=O)NC(*)=S)c3)c2)c1,0.33460461,72,2,28,4,6,6,valid
3510,960238804,*CCN(CCOC(=O)c1cc(OCCC2CCN(c3ccc(S(=O)(=O)C(F)(F)C(F)(F)C(F)(F)C(F)(F)C(F)(F)C(F)(F)C(F)(F)C(F)(F)F)cc3)CC2)cc(C(=O)O*)c1)c1ccc(S(=O)(=O)C(F)(F)C(F)(F)C(F)(F)C(F)(F)C(F)(F)C(F)(F)C(F)(F)C(F)(F)F)cc1,0.34501773,198,2,47,9,2,6,valid
4707,1267165499,*Nc1cccc(-c2cccc(/C=C/c3ccccc3)c2/C=C/c2ccccc2)c1N*,0.35817163,51,2,28,0,2,2,valid
1616,434558166,*COC(=O)OCC1OC(OCC)(OCC)OC1*,0.34101825,28,2,10,7,0,1,valid
2493,678917308,*CC(C)(C)C(=O)O*,0.3478783,16,2,5,2,0,1,valid
2281,621229234,*N=Nc1ccc(Nc2ccc(C(=O)c3ccc(Nc4ccc(*)cc4)cc3)cc2)cc1,0.39319261,52,2,25,1,4,2,valid
5946,1612716794,*Nc1cc2c3ccccc3c3ccccc3c2cc1N*,0.3239493,30,2,18,0,2,0,valid
980,268323392,*Nc1cc(C)c(Cc2ccc(CCCc3ccc(Cc4c(C)cc(N*)cc4C)cc3)cc2)c(C)c1,0.35627685,59,2,33,0,2,0,valid
2669,726852979,*CCCNC(=O)CCCCCCCCC(=O)NCCCOCCOCCO*,0.3490113,35,2,20,5,2,2,valid
2286,622739506,*C(=O)OCCN(CCOC(=O)c1ccc2c(c1)C(=O)N(c1c(C)cc(Cc3cc(C)c(N4C(=O)c5ccc(*)cc5C4=O)c(C)c3)cc1C)C2=O)c1ccc(N=Nc2ccc([N+](=O)[O-])cc2)cc1,0.376155,131,2,51,10,6,8,valid
4432,1192958446,*c1cccc(N2C(=O)c3ccc(Oc4ccccc4Oc4ccc5c(c4)C(=O)N(*)C5=O)cc3C2=O)c1,0.36147212,66,2,28,6,2,4,valid
5503,1493417341,*Oc1ccc(C(C)(C)c2ccc(OC(=O)c3ccc(C(c4ccc(C(*)=O)cc4)(C(F)(F)F)C(F)(F)F)cc3)cc2)cc1,0.36851832,82,2,32,4,0,2,valid
399,109705207,*Nc1c(N)c(N)c2c(c1N*)C(C=C)(C=C)OC2=O,0.32341384,37,2,12,2,4,3,valid
1325,358172536,*C=C(*)CCCOc1ccc(OC(=O)c2ccc(OCCCC)cc2)cc1,0.35841923,42,2,22,4,0,2,valid
7823,2106275080,*CCCCCCCCCCC(=O)Nc1ccc(Oc2ccc(NC(=O)CCCCCCCCCCN3C(=O)c4ccc(C(=O)c5ccc6c(c5)C(=O)N(*)C6=O)cc4C3=O)cc2)cc1,0.35025785,104,2,51,8,4,7,valid
3463,948991314,*C(F)(F)C1(F)C(F)(F)C(*)(F)C(F)(F)C(F)(F)C(F)(F)C1(F)F,0.31519849,54,2,8,0,0,0,valid
6249,1696155039,*C([2H])([2H])C(*)([2H])Cl,0.37387095,26,2,2,0,0,0,valid
3786,1027526557,*Oc1cc(OCCOC)c(OC(=O)c2ccc(C(*)=O)cc2OCCOCC)cc1OCCOC,0.34810915,52,2,24,10,0,2,valid
4992,1352932501,*Nc1ccc(-c2ccc(-c3cc(-c4ccc(N*)cc4)cc(-c4ccc(-c5ccc(N)cc5)cc4)c3)cc2)cc1,0.35536772,72,2,36,0,3,0,valid
6768,1836092833,*CC(O)COc1c(C)cc(C(C)(C)c2cc(C)c(OCC(O)COc3ccc(S(=O)(=O)c4ccc(O*)cc4)cc3)c(C)c2)cc1C,0.36142782,84,2,37,8,0,2,valid
7862,2116336179,*Nc1ccc(-c2ccc(N*)cc2-c2ccccc2)cc1,0.3506411,34,2,18,0,2,0,valid
2161,584859367,*Oc1ccc(C(C)(C)c2ccc(Oc3ccc(C(=O)c4ccc(C(C)(C)c5ccc(C(=O)c6ccc(*)cc6)cc5)cc4)cc3)cc2)cc1,0.39689064,88,2,44,4,0,2,valid
649,180714059,*CCCCCCNC(=O)CCP(=O)(CCC(=O)N*)c1ccccc1,0.34647823,39,2,18,3,2,3,valid
2624,713020314,*C=CCC*,0.41866094,7,2,4,0,0,1,valid
5828,1580795142,*CC(*)OC(=O)C(C)(C(C)C)C(C)C,0.38169655,28,2,11,2,0,1,valid
1940,521384312,*Oc1ccc(S(=O)(=O)c2ccc(OC3(F)C(*)(F)C(F)(F)C3(F)F)cc2)cc1,0.34883911,57,2,16,4,0,2,valid
970,265862660,*Oc1ccc(S(=O)(=O)c2ccc(*)cc2)cc1,0.36689919,32,2,12,3,0,2,valid
5376,1459846963,*c1ccc2c(c1)C(=O)N(c1ccc(Oc3ccc(N4C(=O)c5ccc(C(F)(F)C(F)(F)C(F)(F)C(F)(F)C(F)(F)C(*)(F)F)cc5C4=O)cc3)cc1)C2=O,0.35492786,109,2,34,5,2,4,valid
4878,1321681529,*Oc1ccc(OC(=O)c2cc(OCCCCCCOCC3CCCN3c3ccc([N+](=O)[O-])cc3)c(C(*)=O)cc2OCCCCCCOCC2CCCN2c2ccc([N+](=O)[O-])cc2)cc1,0.34952872,112,2,48,12,4,4,valid
2695,732957114,*CC(O)COc1ccc(C(C)(C)c2ccc(OCC(O)COc3cccc(C(=O)Nc4cccc(O*)c4)c3)cc2)cc1,0.34135559,71,2,34,7,1,1,valid
2693,732578696,*Oc1ccc(S(=O)(=O)c2ccc(OC(=O)c3ccc([Si](C)(C)c4ccc(C(*)=O)cc4)cc3)cc2)cc1,0.37223437,73,2,28,6,0,4,valid
5600,1517122573,*CCCP(CCCNC(=O)CCCCC(=O)N*)c1ccccc1,0.34331894,35,2,18,2,2,2,valid
6170,1673823356,*NNC(=O)c1ccc(C(*)=O)cc1OCCCCCCCCCC,0.36401661,35,2,18,3,2,2,valid
4057,1097383443,*Oc1ccc2ccc(Oc3ccc(C(=O)Nc4ccc(Oc5ccc(S(=O)(=O)c6ccc(Oc7ccc(NC(=O)c8ccc(*)cc8)cc7)cc6)cc5)cc4)cc3)cc2c1,0.35891323,103,2,48,8,2,4,valid
1273,343326237,*C(=O)c1ccc(Oc2c(C)cc(-c3cc(C)c(Oc4ccc(C(=O)c5ccc6nc(*)ccc6c5)cc4)c(C)c3)cc2C)cc1,0.39852455,81,2,39,4,1,2,valid
1771,477055088,*c1cc(SCCCCCCCCCCCC)c(*)s1,0.41856492,26,2,16,0,0,0,valid
6242,1693262682,*c1ccc(Oc2ccc(N3C(=O)c4ccc(Oc5ccc(C(C)(C)c6ccc(Oc7ccc8c(c7)C(=O)N(*)C8=O)cc6)cc5)cc4C3=O)cc2)cc1,0.36953742,96,2,43,7,2,4,valid
6134,1664419715,*c1cc(C(=O)Oc2cccc3cccnc23)c(*)s1,0.37063906,33,2,14,2,1,1,valid
7325,1978540220,*C(=O)OCCCCCCOC(=O)c1ccc(N2C(=O)c3ccc(*)cc3C2=O)cc1,0.34266185,51,2,22,6,1,4,valid
7063,1908775119,*c1ccc(Oc2ccc(Oc3ccc(-c4cnc5ccc(-c6ccc7ncc(*)nc7c6)cc5n4)cc3)cc2)cc1,0.38500868,68,2,34,2,4,0,valid
5362,1455448064,*c1ccc(Oc2ccc(-c3c(-c4ccccc4)nc4ccc(-c5ccc6nc(-c7ccccc7)c(*)c(-c7ccccc7)c6c5)cc4c3-c3ccccc3)cc2)cc1,0.40050787,99,2,54,1,2,0,valid
6361,1723039756,*CCCCOc1ccc(C(=O)Nc2cccc(P(=O)(c3ccccc3)c3cccc(NC(=O)c4ccc(O*)cc4)c3)c2)cc1,0.35398022,75,2,36,5,2,3,valid
3717,1009402745,*c1ccc2c(c1)C(=O)N(c1cccc(P(=O)(c3cccc(N4C(=O)c5ccc(C(*)(C(F)(F)F)C(F)(F)F)cc5C4=O)c3)c3cc(C(F)(F)F)cc(C(F)(F)F)c3)c1)C2=O,0.39081756,122,2,39,5,2,5,valid
5306,1443435953,*Nc1ccc2c3cccc4cccc(c5c(N*)ccc1c25)c43,0.33627702,38,2,20,0,2,0,valid
5167,1399918189,*c1ccc(Oc2ccc(C(=O)c3ccc(Oc4ccc(-c5c6c(c(*)c7ccccc57)C(=O)N(c5ccccc5-c5ccccc5)C6=O)cc4)cc3)cc2)cc1,0.38081371,98,2,49,5,1,3,valid
2826,766108648,*Oc1ccc(NC(=O)c2cccc(C(=O)Nc3ccc(Oc4ccc(C(C)(C)c5cccc(C(C)(C)c6ccc(*)cc6)c5)cc4)cc3)c2)cc1,0.35956065,90,2,44,4,2,2,valid
7027,1899186076,*CC(*)(C)C(=O)OCC#N,0.34496113,19,2,6,2,1,1,valid
4245,1146896045,*CCCNC(=O)Cc1ccc(C(=O)N*)cc1,0.32374161,28,2,12,2,2,2,valid
7048,1905277968,*C(=O)Nc1ccc(Oc2ccccc2-c2ccccc2Oc2ccc(NC(=O)c3ccc4c(c3)C(=O)N(c3ccc(Cc5ccc(N6C(=O)c7ccc(*)cc7C6=O)cc5)cc3)C4=O)cc2)cc1,0.36364595,118,2,55,8,4,6,valid
7056,1906906209,*Nc1cc2c(-c3ccccc3)c3c(-c4ccccc4)c4cc(N*)c(N)cc4c(-c4ccccc4)c3c(-c3ccccc3)c2cc1N,0.36326244,80,2,42,0,4,0,valid
7846,2112796549,*c1ccc(-c2cc(-c3ccc(-c4ccccc4)cc3)cc(-c3ccc(N4C(=O)c5ccc(NC(=O)Nc6cccc(NC(=O)Nc7ccc8c(c7)C(=O)N(*)C8=O)n6)cc5C4=O)cc3)n2)cc1,0.35158971,124,2,52,6,8,6,valid
6826,1851457758,*CCC(C)(C)CC(C)CNC(=O)c1ccc(C(=O)N*)cc1,0.33983259,39,2,17,2,2,2,valid
7170,1934851190,*Nc1ccccc1CCc1ccc(NC(*)=O)cc1,0.34964607,29,2,15,1,2,1,valid
5073,1376172701,*Nc1ccc(C(C)(CCc2cc(N*)ccc2-c2ccc(N)cc2C)c2ccc(N)cc2)cc1,0.36703698,56,2,29,0,4,0,valid
7596,2051477971,*CCCCCCCCCCOC(=O)c1ccc2cc(C(=O)O*)ccc2c1,0.36034305,40,2,22,4,0,2,valid
7066,1911086845,*c1ccc2oc(-c3ccc(-c4nc5cc(C(*)(c6ccccc6)C(F)(F)F)ccc5o4)cc3)nc2c1,0.45875481,65,2,28,2,2,0,valid
6154,1670036740,*c1ccc(Oc2ccc(Oc3ccc(N4C(=O)c5ccc(Oc6ccc7c(c6)C(=O)N(*)C7=O)cc5C4=O)cc3)cc2)cc1,0.37228943,79,2,34,7,2,4,valid
5920,1606960640,*CC=CCS(*)(=O)=O,0.37641025,16,2,4,2,0,3,valid
5271,1431937128,*CC(*)(C)C(=O)Oc1ccc(C(=O)Oc2ccc(C)cc2)cc1,0.34694127,42,2,18,4,0,2,valid
7646,2065005983,*Nc1cc(NC(=O)C(*)=O)ccc1C,0.3160157,25,2,9,2,2,2,valid
2336,637091082,*Nc1ccccc1CCc1ccccc1N*,0.338535005,22,2,14,0,2,0,valid
2038,549614488,*c1ccc(Oc2ccc(Oc3ccc(N4C(=O)c5ccc(Oc6ccc(-c7ccc(Oc8ccc9c(c8)C(=O)N(*)C9=O)cc7)cc6)cc5C4=O)cc3)cc2)cc1,0.36966262,101,2,46,8,2,4,valid
4013,1085462355,*Oc1ccc(C(C)(c2ccccc2)c2ccc(OC(=O)c3cccc(C(*)=O)c3)cc2)cc1,0.36571135,58,2,28,4,0,2,valid
4854,1313953255,*CC(CC(*)(C#N)C#N)c1ccc(Cl)cc1,0.39209317,30,2,12,0,2,0,valid
2868,781325985,*Nc1ccc(Br)cc1-c1ccc(NC(=O)c2ccc(C(*)=O)cc2)cc1,0.36239471,47,2,20,2,2,2,valid
5709,1549258915,*CCC(=O)NCCCCCCNC(=O)CCS*,0.3462525,25,2,12,2,2,2,valid
4198,1135542546,*CCCC1(CCCNC(=O)c2ccccc2-c2ccccc2C(=O)N*)c2ccccc2-c2ccccc21,0.35838113,59,2,33,2,2,2,valid
1829,494086930,*C(=O)c1ccc2c(c1)C(=O)N(c1cccc(P(=O)(c3ccc(C(F)(F)F)cc3)c3cccc(N4C(=O)c5ccc(*)cc5C4=O)c3)c1)C2=O,0.38566004,96,2,36,6,2,6,valid
1975,531904856,*Nc1ccc(C2=CC3=CC[C@@H]2CC[C@@H]2C=CC(=C(c4ccc(N*)cc4)C2)CC3)cc1,0.35807069,64,2,28,0,2,4,valid
6236,1691146038,*OC(COC(=O)NCCCCCCNC(*)=O)c1ccco1,0.33835382,33,2,14,5,2,2,valid
2950,801675840,*C(=O)c1ccc2c(c1)C(=O)N(c1ccc3c(c1)C(=O)c1cc(N4C(=O)c5ccc(*)cc5C4=O)ccc1-3)C2=O,0.3830772,79,2,30,6,2,6,valid
5400,1467252065,*CC(O)CCCCC(O)CN(*)c1ccc(N(C)C)cc1,0.35960485,34,2,16,2,2,0,valid
547,151905187,*CCOCCOCCOCCOCCOCCOC(=O)NCCCCCCNC(=O)O*,0.33926085,39,2,20,9,2,2,valid
6695,1815199784,*Oc1ccc(C2(c3ccc(OC(=O)CCC(*)=O)cc3)c3cc(OC)ccc3-c3ccc([N+](=O)[O-])cc32)cc1,0.36261779,76,2,30,7,1,3,valid
3287,899991188,*CCCCCCCCNC(=O)CCCCCCCCCCCCCCC(=O)N*,0.37055224,36,2,24,2,2,2,valid
1149,308992648,*CC(*)C(=O)OCC(F)(F)C(F)(F)C(F)(F)C(F)F,0.32276362,39,2,8,2,0,1,valid
4765,1287920729,*c1ccc(Sc2cc3c(cc2Sc2ccc(N4C(=O)C5C6C=CC(C7C(=O)N(*)C(=O)C67)C5C4=O)cc2)C(=O)N(CCc2ccccc2)C3=O)cc1,0.38062067,98,2,38,6,3,7,valid
2829,766749407,*CC(*)(C)C(=O)OCCCc1ccc(N=Nc2ccc(OC(F)(F)F)cc2)cc1,0.35850149,50,2,20,3,2,2,valid
4999,1355819266,*Nc1cccc(NC(=O)CCCCCCCCC(*)=O)c1,0.34121372,32,2,16,2,2,2,valid
2618,712061261,*CC(CS(=O)(=O)CCCC)O*,0.38279045,21,2,7,3,0,2,valid
2887,785209471,*OC(=O)C(C)NC(=O)CCCCCCC(=O)NC(C)C(=O)OC1COC2C(*)COC12,0.32784472,54,2,20,8,2,4,valid
1620,435414001,*Nc1ccc(C(CCCC)(c2ccc(N)cc2)c2ccc(N*)cc2)cc1,0.36433979,44,2,23,0,3,0,valid
3501,956462664,*Oc1ccc(NC(=C(C#N)C#N)c2ccc(-c3ccc(-c4ccc(C(Nc5ccc(*)cc5)=C(C#N)C#N)cc4)cc3)cc2)cc1,0.39506825,83,2,38,1,6,2,valid
26,5905810,*Cc1c(C)c(C)c(CNC(=O)CCCCCC(C)CC(=O)N*)c(C)c1C,0.34722767,46,2,22,2,2,2,valid
2726,742772976,*c1ccc(-c2cc(CCCCCCCC)c(-c3ccc(-c4ccc(-c5sc(-c6ccc([Si](*)(CCCC)CCCC)s6)cc5CCCCCCCC)s4)s3)s2)s1,0.42518997,95,2,48,0,0,0,valid
1269,343006911,*N=P(*)(OCCC)OCCCCC,0.4014852,19,2,8,2,1,1,valid
4703,1266330575,*c1ccc(-c2cc(C(C)(C)C)c(Oc3ccc(N4C(=O)c5ccc(-c6ccc7c(c6)C(=O)N(*)C7=O)cc5C4=O)cc3)c(C(C)(C)C)c2)cc1,0.40434518,99,2,42,5,2,4,valid
1784,479850250,*Nc1ccc([C@@H](C)c2ccccc2CCc2ccccc2[C@H](C)c2ccc(N*)cc2)cc1,0.35612182,59,2,30,0,2,0,valid
6806,1847001719,*CC(OCCCC)C(C)(C(=O)OC)C(*)(C)C(=O)OC,0.36338101,37,2,14,5,0,2,valid
7841,2112420491,*Nc1ccc(*)cc1,0.39788166,13,2,6,0,1,0,valid
3731,1012673977,*c1nc(-c2ccccc2)nc(N(C)CCCCCCN(*)C)n1,0.39607619,37,2,17,0,5,0,valid
486,135399849,*Oc1ccc(C(c2ccccc2)(c2ccccc2)c2ccc(Oc3ccc(C(=O)Nc4ccc(NC(=O)c5ccc(*)cc5)cc4)cc3)cc2)cc1,0.37438756,87,2,45,4,2,2,valid
7566,2044319304,*c1ccc(Oc2ccc(S(=O)(=O)c3ccc(Oc4ccc(-c5c6c(c(*)c7ccccc57)C(=O)N(c5ccccc5-c5ccccc5)C6=O)cc4)cc3)cc2)cc1,0.38414881,102,2,48,6,1,4,valid
2997,814898102,*CCCCCCCCCOc1ccc(CCc2ccc(O*)cc2C)cc1,0.37926968,36,2,24,2,0,0,valid
5776,1567960062,*Cc1cc2cc(C(=O)Nc3ccc(S(=O)(=O)c4ccc(NC(=O)c5cc6cc(*)c(OC(=O)COc7ccc8ccc(=O)oc8c7)cc6oc5=O)cc4)cc3)c(=O)oc2cc1OC(=O)COc1ccc2ccc(=O)oc2c1,0.32527333,136,2,55,18,2,10,valid
5383,1462340201,*C1CC2CC1C(*)C2CCCC,0.41628236,19,2,11,0,0,0,valid
4635,1249855570,*c1ccc(C(c2ccc(C(=O)OC)cc2)c2ccc(N(*)c3ccc(C)cc3)cc2)cc1,0.42975739,56,2,28,2,1,1,valid
1285,347336274,*Oc1cc(Cl)cc(Cl)c1*,0.39826398,19,2,6,1,0,0,valid
4862,1315872207,*CC(*)(C)C(=O)Oc1ccc(C(=O)C=Cc2ccc(Cl)cc2)cc1,0.3546963,45,2,19,3,0,3,valid
5913,1604312905,*c1ccc(Oc2cccc(Oc3ccc(N4C(=O)c5ccc(Oc6ccc(C(=O)c7ccc(Oc8ccc9c(c8)C(=O)N(*)C9=O)cc7)cc6)cc5C4=O)cc3)c2)cc1,0.36139134,105,2,47,9,2,5,valid
7396,2000269306,*C/C=C\C[Si](*)(C)CCCOc1ccccc1,0.37468563,30,2,14,1,0,1,valid
2846,773706830,*Nc1cccc2c(N*)c3ccccc3cc12,0.34219547,26,2,14,0,2,0,valid
7805,2103408562,*SC(*)(F)F,0.37718963,10,2,1,0,0,0,valid
1258,338143659,*c1ccc2c(c1)C(=O)N(c1ccc(C(=O)Nc3ccc(Oc4ccc(Oc5ccc(NC(=O)c6ccc(N7C(=O)c8ccc(C(*)(C(F)(F)F)C(F)(F)F)cc8C7=O)cc6)cc5)cc4)cc3)cc1)C2=O,0.35983591,131,2,51,8,4,6,valid
3832,1038983275,*Oc1ccc(CC(NC(=O)CCc2ccc(OC(=O)CCCCCCC(*)=O)cc2)C(=O)OCCCCCCCCCCCC)cc1,0.36221772,70,2,38,7,1,4,valid
5384,1462614613,*OP(=O)(Oc1ccc(*)cc1)OC1CCCCC1,0.35761127,30,2,12,4,0,1,valid
4787,1294421875,*CCCCCCOC(=O)OCCCOC(=O)OCCCCCCN1C(=O)c2ccc(C(=O)c3ccc4c(c3)C(=O)N(*)C4=O)cc2C1=O,0.33499957,80,2,34,11,2,7,valid
6737,1827233180,*CCCCCCNC(=O)CCCCCCCC1C(CCCCCCCC(=O)N*)C=CC(CCCCCC)C1CCCCCCCC,0.38088319,61,2,42,2,2,3,valid
5519,1498502031,*c1ccc(Oc2ccc(C(c3ccc(Oc4ccc(N5C(=O)CC(=O)N(*)C5=S)cc4)cc3)(C(F)(F)F)C(F)(F)F)cc2)cc1,0.37856211,85,2,31,4,2,3,valid
223,64725995,*Nc1c([C@H](C)CC)cc(C2(c3cc([C@H](C)CC)c(N*)c([C@H](C)CC)c3)c3ccccc3-c3ccccc32)cc1[C@H](C)CC,0.41165064,92,2,41,0,2,0,valid
689,191414295,*Nc1ccc(-c2cc(N*)c3ccccc3c2/N=N/c2cccc3ccccc23)cc1,0.35297912,50,2,26,0,4,1,valid
721,201709435,*c1ccc(Oc2ccc(C(=O)c3cccc(C(=O)c4ccc(Oc5ccc(N6C(=O)c7ccc(Oc8ccc(Sc9ccc(Oc%10ccc%11c(c%10)C(=O)N(*)C%11=O)cc9)cc8)cc7C6=O)cc5)cc4)c3)cc2)cc1,0.36404303,139,2,59,10,2,6,valid
7291,1969004591,*c1ccc(OCCN(CCOc2ccc(-c3nc4ccc(Oc5ccc6nc(*)c(-c7ccccc7)nc6c5)cc4nc3-c3ccccc3)cc2)c2ccc(C=Cc3ccc([N+](=O)[O-])cc3)cc2)cc1,0.37700388,120,2,58,5,6,2,valid
3524,963631367,*Nc1ccc(-c2cc(C=C)c(N*)c(-c3ccccc3)c2-c2ccc(-c3ccccc3)cc2)cc1,0.3632724,61,2,32,0,2,1,valid
3840,1042390014,*Oc1ccc(Oc2ccc(OC(=O)c3cc(OCCCCC)cc(C(*)=O)c3)cc2)cc1,0.35782168,53,2,25,6,0,2,valid
3137,850250800,*c1c(C)cc(C(c2cccnc2)c2cc(C)c(N3C(=O)CC(Nc4cccc(NC5CC(=O)N(*)C5=O)c4)C3=O)c(C)c2)cc1C,0.38678861,85,2,36,4,5,4,valid
6525,1775887847,*OC(=O)Nc1ccc(C)c(NC(=O)OC2COC3C(*)COC23)c1,0.33930504,43,2,15,6,2,2,valid
6729,1824700293,*CC(*)C(=O)OCCCCCCCCCCCCCCCCCC,0.40921422,30,2,21,2,0,1,valid
5868,1591097153,*CCCCOC(=O)NCCCCNC(=O)O*,0.32569334,24,2,10,4,2,2,valid
372,103265366,*CCN(*)C(=O)c1ccc(F)c(F)c1F,0.34115264,27,2,9,1,1,1,valid
2499,679533117,*Nc1ccc([C@@H](c2ccccc2)c2ccc(N*)c([C@@H](c3ccccc3)c3ccc(N)cc3)c2)cc1,0.36527705,69,2,32,0,3,0,valid
5198,1409947542,*CC(*)(C)C(=O)OCCC1CCCCC1,0.36923892,25,2,12,2,0,1,valid
5724,1553515923,*CC1CCC(COC(=O)CCC(=O)O*)CC1,0.34271914,28,2,12,4,0,2,valid
3016,818720899,*OCCOC(=O)c1cccc(C(=O)OCCOc2nc(-c3ccc(OCCCC)cc3)nc(*)c2-c2ccc(OC)cc2)c1,0.35974624,71,2,33,8,2,2,valid
1108,296831504,*Oc1c(C)cc(-c2cc(C)c(OC(=O)CCCCCCCCC(*)=O)c(C)c2)cc1C,0.36469857,53,2,26,4,0,2,valid
540,150398974,*CC(c1ccccc1)C1C(=O)N(CCCN(CC)c2ccc(N=Nc3ccc([N+](=O)[O-])cc3Cl)c(C)c2)C(=O)C1*,0.37423891,79,2,30,4,5,4,valid
2738,746373374,*CCCCCCCCCN1C(=O)c2ccc(-c3ccc(-c4ccc5c(c4)C(=O)N(*)C5=O)cc3)cc2C1=O,0.34895438,67,2,31,4,2,4,valid
2940,799636548,*CCCCCCCCCCNC(=O)CCP(C)(=O)CCC(=O)N*,0.35467591,36,2,17,3,2,3,valid
811,228251537,*Nc1ccc(Cc2ccc(C(CC)c3ccc(Cc4ccc(N*)cc4)cc3)cc2)cc1,0.35878998,51,2,29,0,2,0,valid
6901,1869058141,*CC(O)COc1c(Cl)cc(C(C)(C)c2cc(Cl)c(OCC(O)COc3ccc(C(C)(C)c4ccc(O*)cc4)cc3)c(Cl)c2)cc1Cl,0.36154236,86,2,36,6,0,0,valid
2344,639553637,*Nc1cccc(-c2ccc(Cc3ccc(-c4cccc(N*)c4)cc3)cc2)c1,0.34598803,47,2,25,0,2,0,valid
3167,860336451,*CCCCCCOC(=O)C(CCCCP(=O)(O)O)C(=O)OCCCCCCOc1ccc(-n2on2-c2ccc(O*)cc2)cc1,0.34888897,71,2,31,10,2,3,valid
2900,789216614,*NCCNCCCNCCN*,0.3304575349999999,13,2,7,0,4,0,valid
5304,1441736260,*CCCCCOc1ccc(C(=O)OC(=O)c2ccc(O*)cc2)cc1,0.35004101,40,2,19,5,0,2,valid
33,7586800,*C(=O)Nc1ccc(Oc2ccc(C(C)(C)c3ccc(Oc4ccc(NC(=O)c5ccc6c(c5)C(=O)N(c5ccc(-c7sc(-c8ccc(N9C(=O)c%10ccc(*)cc%10C9=O)cc8)c(-c8ccccc8)c7-c7ccccc7)cc5)C6=O)cc4)cc3)cc2)cc1,0.38518992,162,2,73,8,4,6,valid
745,208451383,*OC(COc1ccccc1)CC(*)=O,0.3399788,22,2,10,3,0,1,valid
6735,1826810455,*Nc1cccc2c(C)c3c(N*)cccc3c(C)c12,0.33227337,32,2,16,0,2,0,valid
5015,1359872176,*CC(*)(C)C(=O)NC(=O)OC(C)COc1ccc(S(=O)(=O)c2ccc(OCC(C)O)cc2)cc1,0.33219505,63,2,23,8,1,4,valid
7463,2016514618,*c1cccc(CCCOc2cccc(N3C(=O)c4cccc(-c5ccc6c(c5)C(=O)N(*)C6=O)c4C3=O)c2)c1,0.35569719,71,2,31,5,2,4,valid
1653,444454370,*NC(CCC(=O)OCc1ccc(F)cc1)C(*)=O,0.32718673,31,2,12,3,1,2,valid
5853,1587941896,*CCCC(C)(C)CNC(=O)CCCCCCCC(=O)N*,0.34975469,32,2,16,2,2,2,valid
3155,857690226,*CCN(*)C(=O)C(CC)CCCC,0.38443623,21,2,10,1,1,1,valid
3755,1018372810,*Nc1ccc(CC(Cc2ccc(N)cc2)Cc2ccc(N*)cc2)cc1,0.34584685,41,2,22,0,3,0,valid
7774,2096099449,*Oc1ccc(C2(c3ccc(OC(=O)OC4C(C)(C)C(OC(*)=O)C4(C)C)cc3)c3ccccc3-c3ccccc32)cc1,0.37809726,76,2,35,6,0,2,valid
1954,526195593,*C(=O)Nc1cccc(Oc2cccc(Oc3cccc(Oc4cccc(Oc5cccc(NC(=O)c6ccc7c(c6)C(=O)N(c6cccc(Oc8cccc(Oc9cccc(N%10C(=O)c%11ccc(*)cc%11C%10=O)c9)c8C#N)c6)C7=O)c5)c4C#N)c3)c2C#N)c1,0.36067219,161,2,69,12,7,6,valid
4444,1197180422,*CCCCC(=O)O*,0.3399073,12,2,5,2,0,1,valid
7359,1987380350,*CCCCCCCCCCCCCNC(=O)CCCCCCCCCCCC(=O)N*,0.37680906,38,2,26,2,2,2,valid
4064,1099489498,*CC(*)C(=O)Oc1ccccc1C(C)(C)C,0.36674405,28,2,13,2,0,1,valid
4567,1233245878,*c1ccc(Oc2ccc(-c3cccc(-c4ccc(Oc5ccc(-c6c7c(c(*)c8ccccc68)C(=O)N(c6ccccc6)C7=O)cc5)c(C(F)(F)F)c4)n3)cc2C(F)(F)F)cc1,0.39084929,114,2,49,4,2,2,valid
5389,1463095437,*Oc1ccc(N=CC=Nc2ccc(OC(=O)Nc3ccc(Cc4ccc(NC(*)=O)cc4)cc3)cc2)cc1,0.35769059,63,2,29,4,4,4,valid
130,38228922,*C(=O)Nc1cccc(NC(=O)c2ccc3[nH]c(-c4cc(-c5nc6cc(*)ccc6[nH]5)cc(N5C(=O)c6ccccc6C5=O)c4)nc3c2)n1,0.36599842,93,2,35,4,8,4,valid
2579,699928185,*OP(=O)(Oc1ccc(C(C)(C)c2ccc(*)cc2)cc1)Oc1c(Cl)c(Cl)c(Cl)c(Cl)c1Cl,0.36757265,65,2,21,4,0,1,valid
3281,896836306,*CCCCCCCCCCC(=O)Oc1ccc(-c2ccc(OC(=O)c3ccc4c(c3)C(=O)N(*)C4=O)cc2)cc1,0.34876143,68,2,32,6,1,4,valid
1603,431972606,*Nc1nc(-c2csc(N*)n2)cs1,0.3526676199999999,23,2,6,0,4,0,valid
832,232528549,*Nc1cc(NC(=O)c2ccc(-c3ccc(C(*)=O)cc3)cc2)cc(-c2nnc(-c3ccccn3)o2)c1,0.37471715,66,2,27,3,5,2,valid
2780,756437706,*Oc1ccc(Oc2ccc(C=NCCCCCCN=Cc3ccc(*)cc3)cc2)cc1,0.37498701,46,2,26,2,2,2,valid
195,57222914,*Nc1ccc(C2(c3ccc(N*)cc3)C3=CCC=CC3=Cc3ccccc32)cc1,0.36488932,49,2,26,0,2,3,valid
601,166538508,*CC(O)CN(*)c1cc(C)c(N=Nc2ccc([N+](=O)[O-])cc2C)c(C)c1,0.37035052,53,2,18,3,4,2,valid
995,271540328,*c1ccc2c(c1)C(=O)N(c1ccc(Oc3ccc(N4C(=O)c5ccc(C(C)(C)CCCCCCCCC(*)(C)C)cc5C4=O)cc3)cc1)C2=O,0.36399911,89,2,42,5,2,4,valid
5971,1619197321,*C(=O)OCCCCCCCCOC(=O)c1ccc(NC(=O)c2ccc(N3C(=O)c4ccc(*)cc4C3=O)cc2)cc1,0.34367333,69,2,31,7,2,5,valid
5397,1465942783,*CC(*)c1ccc(OC(C)=O)cc1,0.35340606,23,2,10,2,0,1,valid
5619,1524051176,*CCCCNC(=O)C(OC)C(OC)C(=O)N*,0.32364481,28,2,10,4,2,2,valid
4272,1153123442,*c1ccc2c(c1)C(=O)N(c1c(C)cc(C)c(N3C(=O)c4ccc(C(*)(C(F)(F)F)C(F)(F)F)cc4C3=O)c1C)C2=O,0.4222629,84,2,28,4,2,4,valid
756,212654540,*CC(*)c1ccccc1C(=O)OCCCC,0.37028116,24,2,13,2,0,1,valid
3628,985113271,*CCOC(=O)Nc1ccc(CCCc2ccc(NC(=O)O*)cc2)cc1,0.33911152,41,2,19,4,2,2,valid
4574,1235337223,*NC1=N[C@H](N*)N(CO)C(N)=N1,0.29102826,27,2,4,1,6,2,valid
3292,901146079,*c1ccc(Oc2ccc(Oc3ccc(N4C(=O)c5ccc(Oc6ccccc6Oc6ccc7c(c6)C(=O)N(*)C7=O)cc5C4=O)cc3)cc2)cc1,0.35799953,88,2,40,8,2,4,valid
4877,1321346245,*OC1C(COCC)OC(*)C(OCC)C1OCC,0.37498776,27,2,12,5,0,0,valid
2080,559323860,*Oc1ccc(C2(c3ccc(OC(=O)CCCCC(*)=O)cc3)c3ccccc3-c3ccccc32)cc1,0.36295763,60,2,31,4,0,2,valid
5511,1496106807,*CCCC(C)O[Si](C)(C)O*,0.4012962,21,2,7,2,0,0,valid
4090,1105655721,*C(=O)Nc1ccc(-c2ccc(NC(=O)c3ccc4c(c3)C(=O)N(c3c(C)cc(C)c(N5C(=O)c6ccc(*)cc6C5=O)c3C)C4=O)cc2C(F)(F)F)c(C(F)(F)F)c1,0.37354476,114,2,41,6,4,6,valid
2388,648833303,*Oc1ccc(NC(=O)c2cccc(C(=O)Nc3ccc(*)cc3)c2)cc1,0.34689579,45,2,20,3,2,2,valid
5319,1446403769,*Oc1ccc(Oc2cccc(*)n2)c(-c2ccccc2)c1,0.36427467,35,2,17,2,1,0,valid
7903,2127644258,*c1ccc2c(c1)C(=O)N(c1cccc(NC(=O)C(F)(F)C(F)(F)C(F)(F)C(F)(F)C(F)(F)C(F)(F)C(=O)Nc3cccc(N4C(=O)c5ccc(C(*)(C(F)(F)F)C(F)(F)F)cc5C4=O)c3)c1)C2=O,0.34082447,141,2,39,6,4,6,valid
6708,1817835124,*OC(F)(F)C(*)(F)F,0.30466987,17,2,2,1,0,0,valid
2389,649508995,*CCCCCOC(=O)NCC(F)(F)C(F)(F)C(F)(F)C(F)(F)CNC(=O)O*,0.31700681,51,2,13,4,2,2,valid
6748,1829411915,*Oc1ccc(C2(c3ccc(OC(*)=O)cc3)c3cc(OC)ccc3-c3ccc([N+](=O)[O-])cc32)cc1,0.37589479,69,2,27,6,1,2,valid
5366,1455946712,*Nc1ccc(-c2cccc3c2[C@@H](c2ccc(N*)cc2)c2ccccc2C3)cc1,0.36094468,52,2,26,0,2,0,valid
1780,479722574,*C(=O)c1ccc2c(c1)C(=O)N(c1cc(-c3nc4ccccc4oc3=O)cc(N3C(=O)c4ccc(*)cc4C3=O)c1)C2=O,0.37512848,80,2,31,7,3,6,valid
6727,1823535687,*CCCCCCCOC(=O)c1ccc2cc(C(=O)O*)ccc2c1,0.34954591,37,2,19,4,0,2,valid
3753,1017988364,*CCCCCCCCCOC(=O)NCCCCCCNC(=O)O*,0.35605283,31,2,17,4,2,2,valid
398,109395625,*CC(*)(C)C(=O)Oc1c(Cl)c(Cl)c(Cl)c(Cl)c1Cl,0.36603626,41,2,10,2,0,1,valid
3939,1067785609,*Nc1ccc(Nc2ccc(C(O)(c3ccccc3)c3ccc(C(O)(c4ccccc4)c4ccc(*)cc4)cc3)cc2)cc1,0.39313145,72,2,38,2,2,0,valid
4327,1164892547,*Nc1ccc(Cc2ccc(NC(=O)c3cc(C(*)=O)cc(S(=O)(=O)c4ccccc4)c3)cc2)cc1,0.35674478,64,2,27,4,2,4,valid
5505,1494135620,*O[Si](C)(C)CCCN=C1C=C(O)C(=NCCC[Si](*)(C)C)C=C1O,0.39375505,49,2,16,3,2,4,valid
2867,781306630,*c1cccc(N2C(=O)c3ccc(P(=O)(c4ccccc4)c4ccc5c(c4)C(=O)N(*)C5=O)cc3C2=O)c1,0.3954689,71,2,28,5,2,5,valid
7042,1903144609,*C(=O)c1ccc2c(c1)C(=O)N(c1cccc(C(c3cccc(N4C(=O)c5ccc(*)cc5C4=O)c3)(C(F)(F)F)C(F)(F)F)c1)C2=O,0.37194181,92,2,32,5,2,5,valid
3640,988455037,*c1ccc(C(=O)Oc2c(C)cc(C(c3cccnc3)c3cc(C)c(OC(=O)c4ccc(N5C(=O)CC(Nc6cccc(NC7CC(=O)N(*)C7=O)c6)C5=O)cc4)c(C)c3)cc2C)cc1,0.3727379,117,2,50,8,5,6,valid
5668,1536369221,*CC(F)(F)C1(F)C(*)CC(O)(C(F)(F)F)C1(F)F,0.30442544,39,2,8,1,0,0,valid
2687,730591910,*c1nnc(-c2ccc(Oc3ccc(C(c4ccc(Oc5ccc(*)c6ccccc56)cc4)(C(F)(F)F)C(F)(F)F)cc3)c3ccccc23)o1,0.39620569,87,2,37,3,2,0,valid
1199,321308254,*C1=C(c2ccc(-c3ccc4c(c3)C(CCCCCC)(CCCCCC)c3cc(-c5ccc(*)cc5)ccc3-4)cc2)C(=O)N(CCCCCCCCCCCC)C1=O,0.40747116,94,2,53,2,1,3,valid
3475,950692936,*c1cccc(S(=O)(=O)NCCCCCNS(*)(=O)=O)c1,0.34341367,37,2,11,4,2,4,valid
2626,713393124,*CC(*)C(=O)N1CC[NH+](CC)CC1,0.6509068,27,2,9,1,2,1,valid
5070,1375441577,*N/N=N\c1ccc2ccccc2c1-c1c(/N=N/N*)ccc2ccccc12,0.36086898,45,2,20,0,6,2,valid
5120,1388851619,*Nc1cccc2c1C(CCC)(CCC)c1c(N*)cccc1-2,0.36616885,36,2,19,0,2,0,valid
2007,541335135,*Oc1ccc(S(=O)(=O)c2ccc(Oc3ccc(C(C)(C)c4ccc(*)cc4)cc3)c(S(=O)(=O)O)c2)cc1S(=O)(=O)O,0.36521953,82,2,27,10,0,6,valid
7097,1917756223,*Oc1ccc(C=NN=Cc2ccc(Oc3ccc(C(=O)c4ccc(*)cc4)cc3)cc2)cc1,0.37285172,55,2,27,3,2,3,valid
2032,548011241,*C=C(C#N)C(=O)OCCCCCCOC(=O)C(C#N)=Cc1ccc2c(c1)c1cc(*)ccc1n2CCCCCCC,0.37348873,66,2,33,4,3,4,valid
1363,368542881,*C/C=C\C[Si](*)(CCCOc1ccccc1)c1ccccc1,0.36365457,37,2,19,1,0,1,valid
2148,580635980,*Oc1ccc(NC(=O)CCCCCCCC(=O)Nc2ccc(*)cc2)cc1,0.34425173,42,2,21,3,2,2,valid
3013,817222485,*CCC=C(*)CCCCCCCCCC,0.40745292,19,2,14,0,0,1,valid
7957,2144004917,*Oc1ccc(C2(c3ccc(OC(*)=O)cc3)CC(C)CC(C)(C)C2)cc1,0.37154633,48,2,22,3,0,1,valid
2298,625314216,*c1ccc(OC(=O)Nc2ccc(-c3ccc(NC(=O)Oc4ccc(-c5nc(-c6ccc(-c7nc(-c8ccc([N+](=O)[O-])cc8)c(-c8ccc([N+](=O)[O-])cc8)[nH]7)cc6)[nH]c5*)cc4)cc3OC)c(OC)c2)cc1,0.37903045,148,2,52,10,8,4,valid
2285,622583757,*NC1CCC(CC2CCC(NC(=O)CCCCCCCCCCCCC(*)=O)CC2)CC1,0.36779404,47,2,27,2,2,2,valid
6460,1753371685,*C(=Cc1cc(OC)c(C=C(c2ccc(*)cc2)c2ccc(C(F)(F)F)cc2)cc1OC)c1ccc(C(F)(F)F)cc1,0.40216642,74,2,32,2,0,2,valid
1701,458250694,*CCCC(=O)Nc1ccc(Oc2cccc(NC(=O)CCCN3C(=O)c4ccc(C(=O)c5ccc6c(c5)C(=O)N(*)C6=O)cc4C3=O)c2)cc1,0.33380775,90,2,37,8,4,7,valid
3658,991749301,*CC(*)(C)C(=O)OCCCCCOc1ccc(-c2ccc(C#N)cc2)cc1,0.3553822,45,2,22,3,1,1,valid
369,102606896,*CCCCCCCCCCC(=O)N*,0.36981309,18,2,11,1,1,1,valid
727,203569820,*c1cc(*)c(O)c(N=Cc2ccc(F)cc2)c1,0.37230953,31,2,13,1,1,1,valid
3324,909509106,*O[Si](C)(C)O[Si](C)(C)O[Si](C)(C)O[Si](C)(C)OC(C)CCCCC(*)C,0.42702035,59,2,16,5,0,0,valid
3848,1044740151,*CCN(*)C(=O)c1c(F)cc(F)c(F)c1F,0.34348957,30,2,9,1,1,1,valid
1281,346660576,*c1ccc(-c2ccc(C3(*)CCCCC3)cc2)cc1,0.39773705,33,2,18,0,0,0,valid
5550,1507536890,*CCCCCOc1ccc(-c2ccc(O*)c3ccccc23)c2ccccc12,0.36158697,42,2,25,2,0,0,valid
3151,854626537,*Nc1ccc(-c2c(N*)ccc3c2[C@@H](C)CC3(C)C)cc1,0.36596567,42,2,18,0,2,0,valid
4631,1248304721,*c1ccc(Oc2ccc(-c3cnc4cc(-c5ccc6nc(*)cnc6c5)ccc4n3)cc2)cc1,0.39789231,57,2,28,1,4,0,valid
3882,1053128614,*Nc1ccc2ccc3c(N*)c(-c4cccc(C5(c6ccccc6)c6ccccc6-c6ccccc65)c4)cc4ccc1c2c43,0.3681964,73,2,41,0,2,0,valid
4465,1203570548,*Nc1cc2c(cc1N*)C(C)(C)C(C)C2(C)C,0.36621378,32,2,14,0,2,0,valid
5859,1588472676,*Oc1ccc(C(C)(C)c2ccc(OC(=O)c3cc(NC(=O)c4ccc(NC(=O)C(C)N5C(=O)c6ccccc6C5=O)cc4)cc(C(*)=O)c3)cc2)cc1,0.34759081,98,2,41,8,3,6,valid
6671,1809858457,*Nc1cc(Cl)c(N*)cc1Cl,0.34205564,20,2,6,0,2,0,valid
1442,388271536,*CC(*)C(=O)OC(C1COC(CP(=O)(OCC)OCC)O1)C(OC(=O)C(*)(C)C*)C1COC(CP(=O)(OCC)OCC)O1,0.34820034,79,4,25,14,0,4,valid
4694,1264383388,*Nc1ccc(/N=N/c2ccc(/C=C/c3ccc(/N=N/c4ccc(N*)c5ccccc45)cc3)cc2)c2ccccc12,0.36475136,71,2,34,0,6,3,valid
6632,1801465428,*OC(=O)c1cccc(OCCCCCCOc2cccc(C(=O)OC3COC4C(*)COC34)c2)c1,0.34442932,56,2,26,8,0,2,valid
4242,1146375572,*CC(*)(CC(=O)OCc1ccccc1)C(=O)OCc1ccccc1,0.34757807,39,2,19,4,0,2,valid
1743,470248513,*CC(*)C(=O)OCCSCC,0.38932692,17,2,7,2,0,1,valid
1576,425876006,*c1ccc(Oc2ccc(P(=O)(c3ccccc3)c3ccc(Oc4ccc(-c5nc(-c6ccccc6)[nH]c5*)cc4)cc3)cc2)cc1,0.39143285,81,2,39,3,2,1,valid
5817,1578702981,*C(F)=C(F)C(F)(C(*)(F)F)C(F)(F)F,0.32146163,32,2,5,0,0,1,valid
1167,313765532,*C=CC1CC(*)C(F)(F)C1(F)OC(F)(F)C(F)(F)C(F)(F)F,0.35218928,46,2,10,1,0,1,valid
7203,1947367944,*CC(*)(C)C(=O)OCCCCOc1ccc(OC(=O)c2ccc(OCCCCCC)cc2)cc1,0.35714893,53,2,27,6,0,2,valid
3295,902068777,*CCCCCCOC(=O)CCCCCCCCCCN1C(=O)c2ccc(-c3ccc(-c4ccc5c(c4)C(=O)N(CCCCCCCCCCC(=O)OCCCCCCN4C(=O)c6ccc(-c7ccc8c(c7)C(=O)N(*)C8=O)cc6C4=O)C5=O)cc3)cc2C1=O,0.34746977,147,2,72,12,4,10,valid
7402,2002181530,*c1cccc(N2C(=O)c3ccc(Oc4cccc(Oc5ccc6c(c5)C(=O)N(*)C6=O)c4)cc3C2=O)c1,0.35648085,68,2,28,6,2,4,valid
5657,1533947375,*CC1CCCC(CN2C(=O)c3ccc(Oc4ccc5c(c4)C(=O)N(*)C5=O)cc3C2=O)C1,0.35941978,59,2,24,5,2,4,valid
3751,1017786656,*Nc1ccc(Cc2ccccc2C(c2ccccc2Cc2ccc(N)cc2)c2ccccc2Cc2ccc(N*)cc2)cc1,0.36342323,65,2,40,0,3,0,valid
1030,281967969,*Nc1ccc(C[C@@H](C)c2ccc([C@H](C)Cc3ccc(N*)cc3)cc2)cc1,0.36054021,53,2,24,0,2,0,valid
3231,881168754,*Nc1cccc2c(N*)cccc12,0.33466696,20,2,10,0,2,0,valid
5398,1466879267,*CC(*)C(=O)OC(F)(F)C(F)(F)C(F)(F)C(F)(F)C(F)(F)C(F)(F)C(F)(F)C(F)(F)F,0.31737027,69,2,11,2,0,1,valid
1923,516575920,*c1ccc2c(c1)c1cc(-c3sc(-c4ccc(-c5cc(CCCCCC)c(*)s5)c5nsnc45)cc3CCCCCC)ccc1n2C(CCCCCCCC)CCCCCCCC,0.42806849,94,2,55,0,3,0,valid
2002,540095012,*CCCCCCOC(=O)OCCCCCCOC(=O)OCCCCCCN1C(=O)c2ccc(C(=O)c3ccc4c(c3)C(=O)N(*)C4=O)cc2C1=O,0.33877986,83,2,37,11,2,7,valid
3421,937218293,*CC(*)OC(=O)C1CCCC1,0.36011903,19,2,8,2,0,1,valid
592,164960718,*c1ccc2c(c1)C(=O)N(c1ccc(Sc3ccc(N4C(=O)c5ccc(C(*)(C(F)(F)F)C(F)(F)F)cc5C4=O)cc3)cc1)C2=O,0.3879693,88,2,30,4,2,4,valid
1992,537336269,*CC(*)(C)C(=O)OCCCCCC(=O)Oc1ccc(OC(=O)c2ccc(OCC)cc2)cc1,0.34042214,55,2,25,7,0,3,valid
1869,505306090,*c1ccc2c(c1)C(=O)N(c1ccc(OCCN(CCOc3ccc(N4C(=O)c5ccc(C(*)(C(F)(F)F)C(F)(F)F)cc5C4=O)cc3)c3ccccc3)cc1)C2=O,0.35771697,104,2,41,6,3,4,valid
5234,1421209921,*Oc1ccccc1C(=O)OC(=O)c1ccccc1OC(=O)CCCCCCC(*)=O,0.33135982,47,2,22,7,0,4,valid
483,134957671,*OC(=O)C(CC(C)C)NC(=O)CCCCC(=O)NC(CC(C)C)C(=O)OC1COC2C(*)COC12,0.34245153,62,2,24,8,2,4,valid
2073,557037726,*CC(O)COc1ccc(C(C)(C)C2CCC(C)(c3ccc(O*)cc3)CC2)cc1,0.35740346,50,2,25,3,0,0,valid
7050,1905713032,*Nc1ccc2c(-c3ccccc3)c(N*)c(-c3ccccc3)c(-c3ccccc3)c2c1-c1ccccc1,0.37513122,62,2,34,0,2,0,valid
7488,2023841912,*c1ccc2c(c1)C(=O)N(c1ccc(Cc3ccc(N4C(=O)c5ccc(C(F)(F)C(F)(F)C(*)(F)F)cc5C4=O)cc3)cc1)C2=O,0.3587456,88,2,32,4,2,4,valid
4951,1341096524,*C=CC1CC(*)C2C(=O)N(CCCCCCCC)C(=O)C12,0.36926721,37,2,17,2,1,3,valid
5160,1397495008,*c1ccc(Oc2ccc(Oc3ccc(-c4cnc5ccc(-c6ccc7nc(*)cnc7c6)cc5n4)cc3)cc2)cc1,0.38737398,68,2,34,2,4,0,valid
268,75536580,*Oc1ccc(NC(=O)c2ccc(S(=O)(=O)c3ccc(C(=O)Nc4ccc(Oc5ccc(C6(c7ccc(*)cc7)C7CC8CC(C7)CC6C8)cc5)cc4)cc3)cc2)cc1,0.36857397,105,2,48,6,2,4,valid
4986,1349968586,*NC(=O)[C@H](CCC[C@H](N)C(=O)O)N*,0.29081425,33,2,7,3,3,2,valid
2516,682848245,*c1cccc(Oc2cccc(N3C(=O)c4ccc(Oc5ccc6c(c5)C(=O)N(*)C6=O)cc4C3=O)c2)c1,0.36290404,68,2,28,6,2,4,valid
4853,1313737543,*O[Si](C)(C)c1cccc(C(F)(F)C(F)(F)C(F)(F)c2cccc([Si](*)(C)C)c2)c1,0.39988791,64,2,19,1,0,0,valid
4450,1200344407,*Nc1ccc([C@]2(C)CCc3cc(N*)ccc32)cc1,0.35515271,35,2,16,0,2,0,valid
7950,2142436702,*CC(*)OCCOc1ccc(C=C(C#N)C#N)cc1,0.36175051,31,2,14,2,2,1,valid
4890,1323609368,*C(=Cc1cc(OC)c(C=C(c2ccc(F)cc2)c2ccc3cc(*)ccc3c2)cc1OC)c1ccc(F)cc1,0.3940856,66,2,34,2,0,2,valid
7095,1917339697,*CC(C)(C)CS(=O)(=O)CC(C)(C)COC(=O)c1ccc(C(=O)O*)cc1,0.3542055,51,2,18,6,0,4,valid
2223,602531963,*CCCOC(=O)CCCCCCC(=O)O*,0.34528198,23,2,11,4,0,2,valid
6601,1793714873,*O[Si](C)(CCC(F)(F)F)CCC(F)(F)CC[Si](*)(C)CCC(F)(F)F,0.39640664,52,2,13,1,0,0,valid
7060,1907952467,*Nc1ccc(NC(=O)c2ccc(NC(=O)CCCCCCCCCCC(=O)Nc3ccc(C(*)=O)cc3)cc2)cc1C(=O)OCCCCCCCCCCCCCCCCCC,0.36305702,90,2,51,6,4,5,valid
4894,1325980765,*CC(*)(C)C(=O)OCCCCCC(=O)Oc1ccc(OC(=O)c2ccc(OC)cc2)cc1,0.3349532,54,2,24,7,0,3,valid
7290,1968997516,*CC(CO*)(CS(=O)(=O)CCCCC)CS(=O)(=O)CCCCC,0.3851805,40,2,15,5,0,4,valid
2275,618916633,*Oc1ccc(NC(=O)CCCCC(=O)Nc2ccc(OC3COC4C(*)COC34)cc2)cc1,0.33012557,54,2,24,6,2,2,valid
3017,818853032,*CC(C)(CC)COC(=O)c1ccc(-c2ccc(C(=O)O*)cc2)cc1,0.35540471,45,2,20,4,0,2,valid
6624,1799071483,*O[Si](C)(C)O[Si](C)(C)O[Si](C)(C)O[Si](C)(C)c1ccc(Oc2ccc([Si](*)(C)C)cc2)cc1,0.41859746,77,2,22,5,0,0,valid
2518,683707675,*Oc1ccc(C(C)(C)c2ccc(OC(=O)c3ccc([Si](C)(C)c4ccc(C(*)=O)cc4)cc3)cc2)cc1,0.37681981,71,2,31,4,0,2,valid
1262,340997850,*Nc1cc(NC(=O)c2ccccc2C(*)=O)cc(-c2nnc(-c3ccccn3)o2)c1,0.37065155,53,2,21,3,5,2,valid
6562,1785002432,*Nc1ccc(C(=O)c2ccc(Nc3ccc4c(c3)c3cc(*)ccc3n4CC(CC)CCCC)cc2)cc1,0.38972953,62,2,33,1,3,1,valid
922,255628383,*CC(*)(C#N)C(=O)OCCCC,0.37262971,21,2,8,2,1,1,valid
3929,1065372195,*NCCCC(C)CN*,0.32866479,12,2,6,0,2,0,valid
4622,1247053205,*Oc1c(Cl)cc(C2(c3cc(Cl)c(OC(*)=O)c(Cl)c3)CC3CCC2C3)cc1Cl,0.40020648,56,2,20,3,0,1,valid
6147,1669233687,*Nc1ccc2c(c1)-c1cc(N*)ccc1C2(c1cccc(N)c1)c1cccc(N)c1,0.36327094,52,2,25,0,4,0,valid
5791,1571763607,*Nc1ccc(-c2ccc(N*)c(-c3ccccc3CC=C)c2-c2ccccc2CC=C)cc1,0.35761142,53,2,30,0,2,2,valid
1946,523668736,*CC(*)(C)C(=O)OCCCCCCCOc1ccc2cc(C(=O)Oc3ccccc3)ccc2c1,0.34820779,53,2,28,5,0,2,valid
6746,1828973221,*c1cccc(P(=O)(c2ccccc2)c2cccc(N3C(=O)c4ccc(NC(=O)OCCOc5ccc(P(=O)(c6ccccc6)c6ccc(OCCOC(=O)Nc7ccc8c(c7)C(=O)N(*)C8=O)cc6)cc5)cc4C3=O)c2)c1,0.35364817,136,2,58,12,4,8,valid
152,46067784,*CC(*)(C)C(=O)OCc1ccc2c(c1)c1ccccc1n2CCCC,0.3630391,41,2,21,2,1,1,valid
1884,507783555,*CC(*)(C#N)C(=O)OC(C)C,0.36628241,22,2,7,2,1,1,valid
6136,1665519447,*CCCCCCOC(=O)CCCCC(=O)O*,0.34866959,24,2,12,4,0,2,valid
4579,1236653976,*CCOCCOC(=O)O*,0.32111694,14,2,5,4,0,1,valid
7051,1906030698,*c1cc(OCCCC)cc(N2C(=O)c3ccc(Oc4ccc5c(c4)C(=O)N(*)C5=O)cc3C2=O)c1,0.37507763,64,2,26,6,2,4,valid
1343,363884489,*CC(*)OC(=O)c1ccc(C)cc1,0.36495332,23,2,10,2,0,1,valid
4976,1347090486,*CCCCCCCCCCOC(=O)CCCCCCCCC(=O)O*,0.37098942,32,2,20,4,0,2,valid
1002,273571217,*N/N=C(\N*)c1c(N)nc2[nH]ncc2c1N,0.32001736,31,2,7,0,8,1,valid
3374,924258388,*CC(*)OC(=O)c1ccc(OC)cc1,0.34230372,24,2,10,3,0,1,valid
4639,1250759727,*Nc1ccc(-c2c3ccccc3c(-c3ccc(N*)cc3)c3ccccc23)cc1,0.3582881,48,2,26,0,2,0,valid
2758,750380744,*O*CCCCCCCCCC(=O)Oc1ccc(-c2ccc(C(=O)Oc3cccc(OC(=O)c4ccc(-c5ccc(OC(=O)CCCCCCCCC(*)CO*)cc5)cc4)c3)cc2)cc1,0.38046147,103,4,53,10,0,4,valid
6258,1697480499,*c1ccc(C(=O)Oc2c(C)cc(C(c3cccnc3)c3cc(C)c(OC(=O)c4ccc(N5C(=O)CC(Nc6ccc(NC7CC(=O)N(*)C7=O)cc6)C5=O)cc4)c(C)c3)cc2C)cc1,0.38079558,117,2,50,8,5,6,valid
5529,1501485804,*Nc1ccc(C[C@@H](C)C2(Cc3ccc(N*)cc3)CCCCC2)cc1,0.3481947,45,2,22,0,2,0,valid
921,255574677,*c1ccc(Cc2ccc(NC(=O)c3ccc(Oc4ccc5c(c4)C(=O)N(*)C5=O)cc3)cc2)cc1,0.36146511,63,2,28,4,2,3,valid
1267,342399286,*CCCCCOc1ccc(NC(=O)c2cccc(C(=O)Nc3ccc(O*)cc3)c2)cc1,0.34643018,51,2,25,4,2,2,valid
4959,1343284955,*C(=O)c1cc2c(cc1Cl)C(=O)N(c1cc(C(=O)OC)cc(N3C(=O)c4cc(*)c(Cl)cc4C3=O)c1)C2=O,0.39142907,76,2,25,7,2,6,valid
2648,721426023,*OC(COC(=O)c1ccc(-c2cc(CCCCCCCC)c(-c3ccc(C(*)=O)c(F)c3F)cc2CCCCCCCC)c(F)c1F)COc1ccc(N=Nc2ccc(C#N)cc2)cc1,0.37990658,104,2,52,5,3,3,valid
3581,975874706,*CC(*)(C)C(=O)OCCCCCCCCCCOc1ccc(OC(=O)c2ccc(OC)c(Br)c2)cc1,0.3611176,58,2,28,6,0,2,valid
5876,1592724652,*Oc1ccc(C(C)(C)c2ccc(OC(=O)c3ccc(C(*)=O)cc3)c(C(C)C)c2)cc1C(C)C,0.39498446,63,2,29,4,0,2,valid
5399,1467166248,*CC(*)C(=O)OC(C(F)(F)F)C(F)(F)F,0.32320653,31,2,6,2,0,1,valid
5703,1547207194,*Oc1ccc(-c2ccc(OC(=O)c3ccc(C(=O)c4ccc(C(*)=O)cc4)cc3)c(-c3ccccc3)c2)cc1-c1ccccc1,0.37083826,80,2,39,5,0,3,valid
3464,949058568,*Nc1cc2c(cc1N*)C(CCCCCC)(CCCCCC)c1cc(N)c(N)cc1-2,0.35765063,48,2,25,0,4,0,valid
1447,390128853,*Nc1ccc(Cc2ccc(N*)c3c2CCCC3)c2c1CCCC2,0.3574561,37,2,21,0,2,0,valid
1131,302979803,*Oc1ccc(CC(NC(=O)CCc2ccc(OC(=O)COCC(*)=O)cc2)C(=O)OCCCCCC)cc1,0.34376894,61,2,28,8,1,4,valid
1677,450668833,*CCCCCCOc1c(OC)cc(/C=C/c2ccc(/C=C/c3cc(OC)c(O*)c(OC)c3)cc2)cc1OC,0.36288885,64,2,32,6,0,2,valid
1995,538524881,*c1cc(-c2ccc(C(=C3C=C(C(C)(C)C)C(=O)C(C(C)(C)C)=C3)c3cc(C(C)(C)C)c(OC(C)=O)c(C(C)(C)C)c3)cc2)c(*)s1,0.45309822,99,2,41,3,0,5,valid
6153,1669945913,*CC(*)c1ccc([Si](C)(C)O[Si](C)(C)O[Si](C)(C)C)cc1,0.45056995,49,2,15,2,0,0,valid
3911,1059116091,*Oc1ccc(C(=O)Nc2cc(C(c3ccc(C)c(NC(=O)c4ccc(OC(=O)c5ccc(C(*)=O)cc5)cc4)c3)(C(F)(F)F)C(F)(F)F)ccc2C)cc1,0.34683518,101,2,39,6,2,4,valid
396,109081671,*CCN(*)C(=O)C(C)C,0.3630483,17,2,6,1,1,1,valid
6076,1647821918,*CC(*)(C)C(=O)OCC1COC(CP(=O)(OCC)OCC)O1,0.34351571,39,2,13,7,0,2,valid
4981,1349238031,*CCCCCCN1C(=O)c2ccc(C(=O)c3ccc4c(c3)C(=O)N(*)C4=O)cc2C1=O,0.34709523,57,2,23,5,2,5,valid
3879,1051950887,*Oc1ccc(CC(NC(=O)Cc2ccc(OC(=O)CCCCC(*)=O)cc2)C(=O)OCCCCCCCC)cc1,0.35265054,63,2,31,7,1,4,valid
5646,1531336843,*C(=O)c1ccc2c(c1)C(=O)N(c1ccc(Oc3cccc(-c4cc(-c5ccccc5)cc(-c5cccc(Oc6ccc(N7C(=O)c8ccc(*)cc8C7=O)cc6)c5)n4)c3)cc1)C2=O,0.37590071,116,2,52,7,3,5,valid
1709,461562711,*CC(*)c1ccccc1COCCc1ccccc1,0.36290546,26,2,17,1,0,0,valid
7593,2050460955,*CC(*)(C)C(=O)OCCCCCCCCCCCOc1ccc(N=Nc2ccc(OC(=O)c3ccc4c(c3)OCCOCCOCCOCCO4)cc2)cc1,0.35856938,81,2,42,10,2,3,valid
5320,1446406615,*Nc1ccc(C2(c3ccc(N*)cc3)c3cccc(N)c3-c3c(N)cccc32)cc1,0.36840054,52,2,25,0,4,0,valid
3540,967963503,*C1C(=O)OC(=O)C1C1C2CC(C(=O)OC3CCCCC3)C(C2)C1*,0.34535226,46,2,18,5,0,3,valid
1402,377154393,*CC(*)c1ccccc1COCc1ccccc1,0.35933332,25,2,16,1,0,0,valid
5992,1625056718,*Oc1ccc(CC(NC(=O)CCc2ccc(OC(=O)CC(C)CCC(*)=O)cc2)C(=O)OC(C)CC)cc1,0.3483794,65,2,29,7,1,4,valid
7615,2057063340,*c1ccc(Oc2cccc(Oc3ccc(N4C(=O)c5cccc(Oc6ccc(-c7ccc(Oc8cccc9c8C(=O)N(*)C9=O)cc7)cc6)c5C4=O)cc3)c2)cc1,0.361259,99,2,46,8,2,4,valid
4777,1290822168,*c1cc(N=Nc2ccc(C#N)cc2)cc(*)c1O,0.39563271,31,2,13,1,3,1,valid
7541,2038032102,*Cc1ccc(COC(=O)Cc2ccc(C(=O)O*)cc2)cc1,0.34236476,37,2,17,4,0,2,valid
4332,1166598350,*Nc1ccc2cc3ccccc3cc2c1N*,0.33917986,24,2,14,0,2,0,valid
7455,2014740524,*CC(*)OC(=O)c1ccc(CC)cc1,0.37318074,24,2,11,2,0,1,valid
59,13874722,*CCCCCOCO*,0.36424093,10,2,6,2,0,0,valid
4751,1284040004,*Nc1ccc([C@H]2[C@H](C)c3cc(N*)ccc3C2(C)C)cc1,0.36746212,44,2,18,0,2,0,valid
4312,1160809525,*CC(*)(C)C(=O)OC1CC(C)CC(C)(C)C1,0.38218681,32,2,13,2,0,1,valid
5568,1510766002,*Nc1ccc(-c2cccc(-c3ccc(N*)cc3)c2)cc1,0.34163964,36,2,18,0,2,0,valid
3487,952804603,*O[Si](C)(C)O[Si](C)(C)O[Si](C)(C)Oc1c(C)cc(-c2cc(C)c(*)c(C)c2)cc1C,0.39230829,67,2,22,4,0,0,valid
183,54206705,*C=C(*)C(CCCCCCC)[Si](C)(C)C,0.41060554,28,2,13,0,0,1,valid
4891,1324036450,*Nc1ccc(-c2cc(N*)ccc2-c2c(-c3ccccc3)ccc(-c3ccccc3)c2-c2ccccc2)cc1,0.36283476,65,2,36,0,2,0,valid
1824,492534708,*Nc1ccc(-c2ccc(N*)cc2-c2cccc3ccccc23)cc1,0.35766068,40,2,22,0,2,0,valid
1826,492640026,*C(=O)Nc1ccc2c(c1)Cc1cc(NC(=O)c3ccc4c(c3)C(=O)N(c3ccc(NC(=O)Nc5ccc(N6C(=O)c7ccc(*)cc7C6=O)cc5)cc3)C4=O)ccc1-2,0.34865411,109,2,44,7,6,7,valid
1697,457390290,*CC(OCCCC)C1C(=O)OC(=O)C1*,0.32628739,26,2,10,4,0,2,valid
4972,1346259301,*C=CC(C)C(*)C(=O)OCCN(C)c1ccc(N(C)C)cc1,0.37701058,39,2,17,2,2,2,valid
3556,972362080,*CC(*)OCCOCCOCCOC,0.35815042,17,2,9,4,0,0,valid
1684,454931454,*Nc1cccc(-c2cc(-c3cccc(C)c3)c(-c3cccc(C)c3)c(-c3cccc(C)c3)c2-c2cccc(C)c2)c1N*,0.37902645,77,2,40,0,2,0,valid
5888,1597060488,*Oc1ccc(Oc2ccc(OC(=O)c3ccccc3-c3ccccc3C(*)=O)cc2)cc1,0.35136953,52,2,26,5,0,2,valid
3499,955951687,*Nc1ccc2c3cccc4c(N*)ccc(c5cccc1c52)c43,0.33296652,38,2,20,0,2,0,valid
6550,1782813918,*Nc1ccc(C(C)(C)c2ccc(C(C)(C)c3ccc(Nc4ccc(C(O)(c5ccccc5)c5ccc(C(O)(c6ccccc6)c6ccc(*)cc6)cc5)cc4)cc3)cc2)cc1,0.39392951,106,2,56,2,2,0,valid
3984,1078694994,*Oc1ccc(P(=O)(c2ccccc2)c2ccc(*)cc2)cc1,0.38958964,38,2,18,2,0,1,valid
2364,643189465,*Nc1c(-c2ccccc2)cc(-c2ccc(-c3cc(-c4ccccc4)c(NC(=O)c4ccc(C(*)=O)cc4)c(-c4ccccc4)c3)cc2)cc1-c1ccccc1,0.38237528,98,2,50,2,2,2,valid
7808,2103595659,*CCOCCOCCOC(=O)CCCCC(=O)O*,0.33678464,26,2,12,6,0,2,valid
4984,1349609988,*Nc1c(N)n(C)c(N*)nc1=O,0.3003834,22,2,5,1,5,1,valid
6909,1870599069,*CC(*)C(=O)OC1CC2CCC1(C)C2(C)C,0.38692751,30,2,13,2,0,1,valid
7855,2114560231,*c1ccc(CCc2ccccc2N2C(=O)C(=O)N(c3ccc(Oc4ccc(N5C(=O)C(=O)N(*)C5=O)cc4)cc3)C2=O)cc1,0.35389023,81,2,32,7,4,6,valid
5315,1444682939,*Nc1cccc(NC(=O)c2cccc(C(=O)Nc3cccc(NC(=S)NC(=O)c4cccc(C(=O)NC(*)=S)c4)c3)c2)c1,0.34030013,78,2,30,4,6,6,valid
3197,869392310,*NC1=CC=C2C=Cc3c(N*)ccc4c3[C@H]2[C@@H]1C=C4,0.33488674,43,2,16,0,2,4,valid
489,136482029,*c1ccc(Cc2ccc(N3C(=O)c4ccc(OCCN(CCOc5ccc6c(c5)C(=O)N(*)C6=O)c5ccc(C=Cc6ccc([N+](=O)[O-])cc6)cc5)cc4C3=O)cc2)cc1,0.35258622,111,2,47,8,4,6,valid
4527,1219358292,*CCCCCCNC(=O)CC(C)(C)c1ccc(C(C)(C)CC(=O)N*)cc1,0.35064905,46,2,22,2,2,2,valid
7723,2081754132,*Nc1ccc([C@]2(c3ccccc3)c3ccccc3-c3cccc(N*)c32)cc1,0.36468241,49,2,25,0,2,0,valid
3343,915653393,*Oc1ccc(C2(C)CCC(C(C)(C)c3ccc(Oc4ccc(C(=O)c5ccc(*)cc5)cc4)cc3)CC2)cc1,0.38061245,69,2,35,3,0,1,valid
5540,1504320453,*c1ccc(Oc2ccc(NC(=O)c3ccc(Oc4ccc5c(c4)C(=O)N(*)C5=O)cc3)cc2)cc1,0.35373697,63,2,27,5,2,3,valid
1825,492635161,*CC(*)(C)C(=O)OCCCCCCCCOc1ccc2cc(C(=O)Oc3ccccc3)ccc2c1,0.35070234,54,2,29,5,0,2,valid
5176,1401907543,*C(=C(C#N)c1ccc(C(=O)OC2CCN(*)CC2)cc1)c1ccc(OC)cc1,0.38086854,50,2,22,3,2,2,valid
3142,852180145,*CC(*)(C)C(=O)OCCN(CC)c1ccc(N=Nc2ccc(C#N)cc2)cc1,0.37352321,48,2,21,2,4,2,valid
5865,1589952649,*Nc1ccc(NC(=O)CCCC(*)=O)cc1,0.31441962,27,2,11,2,2,2,valid
1827,493007317,*C(=O)c1ccc2c(c1)C(=O)N(c1ccc(C(=O)c3ccccc3N3C(=O)c4ccc(*)cc4C3=O)cc1)C2=O,0.37514628,74,2,30,6,2,6,valid
4841,1309160623,*CCOC(=O)NNC(=O)CCCCCCCCC(=O)NNC(=O)O*,0.3238941,38,2,14,6,4,4,valid
1110,297297701,*C1CCC(N2C(=O)c3ccc(S(=O)(=O)c4ccc5c(c4)C(=O)N(*)C5=O)cc3C2=O)CC1,0.37391211,65,2,22,6,2,6,valid
1414,380076712,*Nc1c(N*)c(-c2cccc(C)c2)c(-c2ccccc2)c(-c2ccccc2)c1-c1ccccc1,0.37986013,59,2,31,0,2,0,valid
3330,912214142,*Oc1c(C)cc(*)cc1C(C)CCCC,0.42545276,24,2,13,1,0,0,valid
2649,721715227,*Sc1ccc(P(=O)(c2ccccc2)c2ccc(Sc3ccc(-c4ccc(*)cc4)cc3)cc2)cc1,0.39670171,60,2,28,1,0,1,valid
3901,1057577802,*c1ccc(NC(=O)c2ccc(OCCOCCOCCOCCOCCOc3ccc(C(=O)Nc4ccc5[nH]c(*)nc5c4)cc3)cc2)cc1,0.34464658,78,2,37,8,4,2,valid
6859,1860476282,*Oc1ccc(Oc2ccc(C=Nc3ccc(N=Cc4ccc(*)cc4)cc3)cc2)cc1,0.37280796,50,2,26,2,2,2,valid
5095,1382769983,*Nc1cccc2c1OC1(Oc3c(cccc3N*)C=C1C)C(C)=C2,0.35078115,41,2,19,2,2,2,valid
6803,1846095810,*CC(*)(C)C(=O)OCCCCCOc1ccc2cc(C(=O)Oc3ccccc3)ccc2c1,0.34387832,51,2,26,5,0,2,valid
2525,686272948,*c1ccc(NC(=O)c2cc(C(=O)Nc3ccc(-c4nnc(*)o4)cc3)cc(N3C(=O)c4ccccc4C3=O)c2)cc1,0.36231124,75,2,30,5,5,4,valid
5680,1541215652,*CC(*)(C)C(=O)OC1CCCCC1C(C)(C)C,0.39683141,31,2,14,2,0,1,valid
1720,463727468,*CC(*)C(=O)OCC(F)(F)C(F)(F)OC(F)(F)F,0.31340132,36,2,7,3,0,1,valid
502,139585639,*Oc1ccc(S(=O)(=O)c2ccc(Oc3ccc(C=C4CCC(=Cc5ccc(*)cc5)C4=O)cc3)cc2)cc1,0.3884516,68,2,31,5,0,5,valid
2681,729669366,*Oc1ccc(C(c2ccc(OC(=O)c3ccc(Oc4ccc(C(*)=O)cc4)cc3)cc2)(C(F)(F)F)C(F)(F)F)cc1,0.35569196,76,2,29,5,0,2,valid
4233,1144028367,*Nc1ccc(CC(C)(C)NC(=O)CCCCC(*)=O)cc1,0.34067775,36,2,16,2,2,2,valid
3876,1050868721,*C(F)(F)C1(F)C(F)(F)C(*)(F)C(F)(F)C(F)(Cl)C1(F)F,0.3357861,48,2,7,0,0,0,valid
7208,1948010634,*Oc1ccc(OC(=O)c2ccc(Oc3ccc(C(*)=O)cc3)cc2)c2ccccc12,0.35595045,51,2,24,5,0,2,valid
2741,746903081,*C/C=C/COC(=O)NCCCCCCNC(=O)O*,0.33443961,29,2,12,4,2,3,valid
7142,1929156646,*OC1CCC(OC(=O)OCCCCCOC(*)=O)CC1,0.34122931,31,2,13,6,0,2,valid
4568,1233315694,*C=Cc1ccc(*)cc1,0.38774885,15,2,8,0,0,1,valid
4654,1253393179,*CC(COC(C)OCC)O*,0.36879886,16,2,7,3,0,0,valid
1783,479814581,*O[Si](O[Si](O[Si](O[Si](CC[Si](C)(C)O[Si](C)(C)CC[Si](*)(c1ccccc1)c1ccccc1)(c1ccccc1)c1ccccc1)(c1ccccc1)c1ccccc1)(c1ccccc1)c1ccccc1)(c1ccccc1)c1ccccc1,0.39773141,151,2,68,5,0,0,valid
7959,2144122430,*CC(OO*)c1ccc(C(C)(C)C)cc1,0.37482971,26,2,12,2,0,0,valid
1306,353348926,*CC(*)C(=O)OCCC(F)(F)C(F)(F)C(F)(F)C(F)(F)C(F)(F)C(F)(F)C(F)(F)C(F)(F)F,0.32579382,71,2,13,2,0,1,valid
5197,1409830378,*CC(OC)C1C(=O)OC(=O)C1*,0.287972,23,2,7,4,0,2,valid
2380,647273188,*CC(*)c1cc(C(=O)Oc2ccc(OCCCCCCCCCC)cc2)ccc1C(=O)Oc1ccc(OCCCCCCCCCC)cc1,0.37509747,70,2,42,6,0,2,valid
1507,404125467,*CCCCCOc1ccc(C=CC(=O)OCCN(CCOC(=O)C=Cc2ccc(O*)cc2)c2ccc(N=Nc3ccc([N+](=O)[O-])cc3)cc2)cc1,0.35112235,89,2,39,8,4,6,valid
2297,625017301,*CCCNC(=O)CCCCC(=O)NCCCN(*)C,0.34164847,28,2,13,2,3,2,valid
213,61915107,*c1ccc2c(c1)C(=O)N(c1cc(C)c(-c3c(C)cc(N4C(=O)c5ccc(C(*)(C(F)(F)F)C(F)(F)F)cc5C4=O)cc3C)c(C)c1)C2=O,0.43074666,98,2,35,4,2,4,valid
4290,1156532186,*C([2H])([2H])C(*)([2H])c1c([2H])c([2H])c([2H])c([2H])c1[2H],0.38844688,60,2,8,0,0,0,valid
3872,1050347337,*Oc1ccc(N=Cc2ccc(Oc3ccc(C(c4ccc(Oc5ccc(C=Nc6ccc(Oc7ccc(-c8ccc(*)cc8)cc7)cc6)cc5)cc4)(C(F)(F)F)C(F)(F)F)cc3)cc2)cc1,0.36915045,114,2,53,4,2,2,valid
4729,1275276173,*Oc1ccc(NC(=O)c2ccc(P(=O)(c3ccccc3)c3ccc(C(=O)Nc4ccc(Oc5ccc(P(=O)(c6ccccc6)c6ccc(*)cc6)cc5)cc4)cc3)cc2)cc1,0.37546944,106,2,50,6,2,4,valid
1579,426591461,*c1ccc(Oc2cccc(-c3cc(-c4ccccc4)cc(-c4cccc(Oc5ccc(N6C(=O)c7ccc(Oc8ccc9c(c8)C(=O)N(*)C9=O)cc7C6=O)cc5)c4)n3)c2)cc1,0.37263298,112,2,51,7,3,4,valid
4835,1308167790,*C(=O)c1ccc2c(c1)C(=O)N(c1cccc(Cc3ccc(C(=O)c4cccc(N5C(=O)c6ccc(*)cc6C5=O)c4)cc3)c1)C2=O,0.37344882,87,2,37,6,2,6,valid
463,129677973,*Oc1c(Cl)cc(C(=C(Cl)Cl)c2cc(Cl)c(OC(*)=O)c(Cl)c2)cc1Cl,0.40362445,54,2,15,3,0,2,valid
4861,1315760893,*Nc1ccc([C@H](C=C)c2ccc(Cc3ccc([C@@H](C=C)c4ccc(N*)cc4)cc3)cc2)cc1,0.35508348,66,2,31,0,2,2,valid
3906,1058557408,*CCOC(=O)C1CCC(C(=O)O*)CC1,0.32751388,26,2,10,4,0,2,valid
1067,289637508,*CC(*)(CC(=O)OCC1CCCCC1)C(=O)OCC1CCCCC1,0.3794888,39,2,19,4,0,2,valid
903,251202338,*Oc1ccc(CC(NC(=O)Cc2ccc(OC(=O)CCC(*)=O)cc2)C(=O)OCCCCCCCC)cc1,0.34943466,61,2,29,7,1,4,valid
3769,1022982762,*C1CCC(CC2CCC(N3C(=O)c4ccc(-c5ccc6c(c5)C(=O)N(*)C6=O)cc4C3=O)C(C)C2)CC1C,0.37118198,72,2,31,4,2,4,valid
7466,2017537150,*CC(F)(F)C(F)(F)COC(=O)NCCCCCCNC(=O)O*,0.32427748,38,2,12,4,2,2,valid
3109,843120215,*Oc1c(OC)cc(-c2cc(OC)c(OC(=O)c3cccc(C(*)=O)c3)c(OC)c2)cc1OC,0.34670291,59,2,24,8,0,2,valid
3954,1071356842,*Oc1ccc(C(=O)c2ccc(OC(=O)OC3C(C)(C)C(OC(*)=O)C3(C)C)cc2)cc1,0.35694077,59,2,23,7,0,3,valid
4867,1318766747,*CCN(CCOC(=O)Nc1ccc(C)c(NC(=O)O*)c1)c1ccc(N=Nc2ccc(B(c3c(C)cc(C)cc3C)c3c(C)cc(C)cc3C)cc2)cc1,0.34069727,92,2,43,4,5,3,valid
295,83752896,*CC(*)c1cccc(Br)c1,0.42093042,18,2,8,0,0,0,valid
6628,1800029719,*Nc1ccc2c(c1)C1(c3ccccc3-c3ccccc31)c1cc(N*)ccc1-2,0.37700036,49,2,25,0,2,0,valid
7820,2105342564,*Nc1cccc(C2=C(c3ccccc3)C=C[C@@H](c3ccccc3)[C@]2(c2ccccc2)c2cccc(N*)c2)c1,0.37740484,72,2,36,0,2,2,valid
3618,982900215,*Nc1ccc(-c2ccc(NC(=O)Cc3cc(CC(*)=O)c(C)cc3C)cc2)cc1,0.33947658,51,2,24,2,2,2,valid
2531,687864744,*Oc1ccc(C2(c3ccc(Oc4ccc(C(=O)Oc5ccc(C(C)(C)c6ccc(OC(=O)c7ccc(*)cc7)cc6)cc5)cc4)cc3)CCC(C(C)(C)C)CC2)cc1,0.37364551,103,2,51,6,0,2,valid
725,203166993,*CC(*)(C)C(=O)Oc1ccc(C(=O)Oc2ccc(OC)cc2)cc1,0.34147075,43,2,18,5,0,2,valid
2027,546427927,*C(=O)Nc1ccc(Cc2ccc(NC(=O)c3ccc4c(c3)C(=O)N(c3ccc(N=Nc5ccc(C)cc5)c(N5C(=O)c6ccc(*)cc6C5=O)c3)C4=O)cc2)cc1,0.36541949,105,2,44,6,6,7,valid
5445,1477468420,*Cc1ccc(COP(=O)(N=Nc2ccc(Oc3ccc(N=NP(=O)(O*)OC)cc3)cc2)OC)cc1,0.35571352,61,2,22,7,4,4,valid
3931,1065541315,*CCCCCOc1cccc(NC(=O)c2cccc(C(=O)Nc3cccc(O*)c3)c2)c1,0.34386571,51,2,25,4,2,2,valid
5677,1538729127,*C=C(*)c1ccccc1[Si](C)(C)C,0.43881448,26,2,11,0,0,1,valid
6725,1823476334,*C(=O)c1ccc2c(c1)C(=O)N(c1cc(OCCCCCCCCCCCCCCCC)cc(N3C(=O)c4ccc(*)cc4C3=O)c1)C2=O,0.37139047,80,2,39,6,2,5,valid
6237,1691546435,*c1nc2cc(S(=O)(=O)c3ccc4oc(C5CCC(*)CC5)nc4c3)ccc2o1,0.3932565,51,2,20,4,2,2,valid
25,5857263,*c1ccc(Oc2ccc(Oc3ccc(Oc4ccc(N5C(=O)c6ccc(-c7ccc8c(c7)C(=O)N(*)C8=O)cc6C5=O)cc4)cc3)cc2)cc1,0.36614256,90,2,40,7,2,4,valid
6299,1706553936,*Nc1ccc(C(C)(CC([C@H]2CC[C@H](N)CC2)[C@H]2CC[C@H](N*)CC2)c2ccc(N)cc2)cc1,0.35832784,72,2,28,0,4,0,valid
1244,334420972,*c1ccc(Oc2ccccc2N2C(=O)c3ccc(Oc4ccc5c(c4)C(=O)N(*)C5=O)cc3C2=O)cc1,0.37092475,66,2,28,6,2,4,valid
4458,1202039443,*CC(COCC)O*,0.37418551,11,2,5,2,0,0,valid
3047,827035363,*Oc1ccc(CC(NC(=O)Cc2ccc(OC(=O)CCCCC(*)=O)cc2)C(=O)OCC)cc1,0.33464221,57,2,25,7,1,4,valid
4142,1121099554,*c1cc(C(=O)NCCCCCCCCCCCC)cc(N2C(=O)c3ccc(-c4ccc5c(c4)C(=O)N(*)C5=O)cc3C2=O)c1,0.36819069,77,2,35,5,3,5,valid
6436,1746336965,*c1cccc(S(=O)(=O)c2cccc(N3C(=O)c4ccc(Oc5ccc(S(=O)(=O)c6ccc(Oc7ccc8c(c7)C(=O)N(*)C8=O)cc6)cc5)cc4C3=O)c2)c1,0.36342185,106,2,40,10,2,8,valid
124,36780446,*Oc1cc(CCCC)cc(OC(=O)c2cccc(C(*)=O)c2)c1,0.36080704,40,2,18,4,0,2,valid
3211,873632495,*C#Cc1ccccc1C#C[SiH](*)c1ccccc1,0.43769633,31,2,16,0,0,0,valid
2615,710418627,*Oc1ccc(CC(NC(=O)CCc2ccc(OC(=O)CCCC(*)=O)cc2)C(=O)OCCCCCCCC)cc1,0.3506977,63,2,31,7,1,4,valid
3890,1055238521,*CC(*)c1cc(C(=O)Oc2ccc(OCCCCCCCCCCCC)cc2)ccc1C(=O)Oc1ccc(OCCCCCCCCCCCC)cc1,0.37774913,74,2,46,6,0,2,valid
5835,1582367381,*CC(COc1ccc(S(=O)(=O)c2ccc(O*)cc2)cc1)OC(C)=O,0.34921256,45,2,17,6,0,3,valid
7570,2045712230,*Nc1ccc2cccc3c2c1C(c1ccc(CCCC)cc1)=C(c1ccc(CCCC)cc1)[C@H]3N*,0.3682026,60,2,33,0,2,1,valid
5827,1580553227,*c1ccc(-c2cc(-c3ccc(OCCCC#N)cc3)cc(-c3ccc(N4C(=O)c5ccc(Oc6ccc7c(c6)C(=O)N(*)C7=O)cc5C4=O)cc3)n2)cc1,0.38498267,99,2,43,6,4,4,valid
64,16855553,*CC(*)C(=O)Oc1ccccc1,0.3539411,20,2,9,2,0,1,valid
1500,402031428,*Nc1cc2cccc3c4cccc5cccc(c(c1N*)c23)c54,0.33482328,38,2,20,0,2,0,valid
784,220000766,*CC(*)C(=O)OCC(CC)CCCC,0.3869788,22,2,11,2,0,1,valid
6927,1873610912,*c1ccc2c(c1)C(=O)N(c1ccc(S(=O)(=O)c3ccc(S(=O)(=O)c4ccc(S(=O)(=O)c5ccc(N6C(=O)c7ccc(C(*)(C(F)(F)F)C(F)(F)F)cc7C6=O)cc5)cc4)cc3)cc1)C2=O,0.37485249,134,2,43,10,2,10,valid
1401,377086807,*Oc1ccc(Oc2ccc(NC(=O)c3ccc(Oc4ccc(Oc5ccc(C(=O)Nc6ccc(*)cc6)cc5)cc4-c4ccccc4)cc3)cc2)cc1,0.36142293,87,2,44,6,2,2,valid
2279,620886467,*Oc1ccc(CC(NC(=O)CCc2ccc(OC(=O)CCCCCCCCC(*)=O)cc2)C(=O)OCCCCCCCCCCCC)cc1,0.36486218,72,2,40,7,1,4,valid
316,89377326,*Nc1ccc(-c2ccc(N*)c(-c3ccccc3)c2-c2cccc3ccccc23)cc1,0.3649896,51,2,28,0,2,0,valid
4186,1132923909,*CCCCCCCCCCCC(=O)Oc1ccc(OC(=O)c2ccc3c(c2)C(=O)N(*)C3=O)cc1,0.34726599,58,2,27,6,1,4,valid
4563,1230087703,*C=Cc1ccc(-c2nnc(-c3ccc(C=Cc4ccc5c(c4)c4cc(-c6ccc7c(c6)c6cc(*)ccc6n7CCCCCCCC)ccc4n5CCCCCCCC)cc3)n2-c2ccccc2)cc1,0.39496451,111,2,64,0,5,2,valid
2098,565283885,*Nc1ccc(-c2cccc(C)c2-c2ccc(N*)c(-c3ccc(C)cc3)c2-c2ccc(C)cc2)c(-c2ccc(C)cc2)c1-c1ccc(C)cc1,0.38573102,89,2,47,0,2,0,valid
6910,1870681436,*Nc1ccc2cc(C(C)(C)C)ccc2c1-c1c(N*)ccc2cc(C(C)(C)C)ccc12,0.38263341,55,2,28,0,2,0,valid
765,215105340,*c1c(C)cc(C)c(N2C(=O)c3ccc(S(=O)(=O)c4ccc5c(c4)C(=O)N(*)C5=O)cc3C2=O)c1C,0.40691826,72,2,25,6,2,6,valid
4763,1287726377,*Oc1ccc(Oc2ccc(C(=O)c3ccc(C(=O)c4ccc(*)cc4)cc3)cc2)cc1,0.37938549,54,2,26,4,0,2,valid
7502,2026975698,*CC(*)(C)C(=O)OCCCN(CCO)c1ccc(N=Nc2ccc([N+](=O)[O-])cc2)cc1,0.35100241,59,2,21,5,4,3,valid
6441,1748642050,*c1ccc(Oc2ccc(-c3cc(-c4ccccc4)c4cc(Oc5ccc6nc(*)c(-c7ccccc7)c(-c7ccccc7)c6c5)ccc4n3)cc2)cc1,0.40987104,90,2,48,2,2,0,valid
4497,1210773764,*c1ccc(-c2cc(CCCCCCCC)c(-c3ccc(-c4ccc(-c5sc(-c6ccc([Si](*)(C)C)s6)cc5CCCCCCCC)s4)s3)s2)s1,0.43305383,89,2,42,0,0,0,valid
1296,351260510,*CC(O)COc1ccc(C(C)(C)c2ccc(OCC(O)COc3ccc(NC(=O)CCCCC(=O)Nc4ccc(O*)cc4)cc3)cc2)cc1,0.3386598,81,2,39,8,2,2,valid
3127,846740244,*Nc1cc(S)c(N*)cc1S,0.34631119,18,2,6,0,2,0,valid
5696,1545578155,*Oc1ccc(C(C)(C)c2ccc(Oc3ccc(C(=O)c4ccc(C(=O)c5ccc(*)c(C(F)(F)F)c5)cc4)cc3C(F)(F)F)cc2)cc1,0.38323456,89,2,37,4,0,2,valid
4995,1353215039,*c1cccc(Oc2ccc(P(=O)(c3ccccc3)c3ccccc3)c(Oc3cccc(N4C(=O)c5ccc(-c6ccc7c(c6)C(=O)N(*)C7=O)cc5C4=O)c3)c2)c1,0.3682581,104,2,46,7,2,5,valid
1071,290244345,*Nc1cc(S(=O)(=O)c2ccc(O)c(N*)c2)ccc1O,0.32138495,37,2,12,4,2,2,valid
1183,317020980,*CC(*)(C)C(=O)OCC[N+](C)(C)CCCCCCC,0.48837644,34,2,15,2,1,1,valid
4166,1128593254,*Nc1ccc(C2=CC[C@](N*)(c3ccc(-c4ccccc4)cc3)C=C2)cc1,0.34625627,50,2,24,0,2,2,valid
6419,1741015152,*NCCCCCCCCN*,0.33689515,12,2,8,0,2,0,valid
1543,414579766,*c1ccc(Cc2ccc(N3C(=O)c4ccc([Si](C)(C)O[Si](C)(C)c5ccc6c(c5)C(=O)N(*)C6=O)cc4C3=O)cc2)cc1,0.38469453,88,2,33,5,2,4,valid
6101,1654010569,*CC(C)(C)COC(=O)CCC(=O)O*,0.33568039,25,2,9,4,0,2,valid
4620,1246466408,*C(=O)Nc1ccc(Oc2ccc(-c3ccc(Oc4ccc(NC(=O)c5ccc6c(c5)C(=O)N(c5ccc(Oc7ccccc7-c7ccccc7Oc7ccc(N8C(=O)c9ccc(*)cc9C8=O)cc7)cc5)C6=O)cc4)cc3)cc2)cc1,0.3624363,140,2,66,10,4,6,valid
3146,852757055,*Nc1cc(C)c(C)c2c(N*)cc(C)c(C)c12,0.34685576,32,2,14,0,2,0,valid
4405,1186098894,*Nc1ccc(C2(c3ccc(N*)cc3)CCC(CC3CCCCC3)CC2)cc1,0.36004283,45,2,25,0,2,0,valid
2699,734958593,*CC(*)c1ccccc1COC,0.37399571,17,2,10,1,0,0,valid
3375,924456640,*CCC(c1ccccc1)[Si](*)(C)C,0.39149503,25,2,11,0,0,0,valid
127,37623475,*Nc1ccc(-c2ccc(N*)c(-c3cccc(C)c3)c2-c2cccc(C)c2)cc1,0.37320004,51,2,26,0,2,0,valid
5537,1503069300,*Oc1ccc(CC(NC(=O)CCc2ccc(OC(=O)CCC(*)=O)cc2)C(=O)OCCCCCC)cc1,0.34701241,60,2,28,7,1,4,valid
3841,1042430628,*Nc1cc(C)c(Cc2ccc(CCc3ccc(Cc4c(C)cc(N*)cc4C)cc3)cc2)c(C)c1,0.36377279,58,2,32,0,2,0,valid
7933,2137510659,*c1cccc(N/C=C\C(=O)c2cccc(C(=O)/C=C\Nc3cccc(S(*)(=O)=O)c3)c2)c1,0.37814125,63,2,24,4,2,6,valid
3527,963961682,*Nc1ccc(C2(c3ccc(N*)cc3)c3ccccc3-c3ccc(N)cc32)cc1,0.36566131,49,2,25,0,3,0,valid
4845,1311329501,*[Se]c1c(Cl)c(Cl)c(*)c(Cl)c1Cl,0.39302909,30,2,6,0,0,0,valid
6440,1747846009,*CCCCCCOC(=O)c1ccc(C(=O)O*)cc1,0.34961914,30,2,14,4,0,2,valid
5711,1549802812,*CC(*)c1cc(C(=O)OCCCCCCCCCC)ccc1-c1ccc(OCCCCCCCC)cc1,0.39428806,52,2,33,3,0,1,valid
3185,865858202,*Oc1ccc(C(=O)CNc2ccc(S(=O)(=O)c3ccc(NCC(=O)c4ccc(*)cc4)cc3)cc2)cc1,0.36395079,66,2,28,5,2,4,valid
6428,1744491015,*CC(O)COc1ccc(C(C)(C)c2ccc(OCC(O)COc3ccc(C4(c5ccc(O*)cc5)c5ccccc5-c5ccccc54)cc3)cc2)cc1,0.35752228,87,2,46,6,0,0,valid
4326,1164865014,*CCCCCCCCCCCCCCCCOC(=O)CCCCC(=O)O*,0.37375344,34,2,22,4,0,2,valid
6625,1799254140,*Oc1ccc(C2(c3ccc(OC(*)=O)cc3C)CC3CC2C2C4CCC(C4)C32)cc1C,0.39110607,55,2,27,3,0,1,valid
7076,1912601583,*OC(=O)c1ccc(C(=O)OC2CC3CC(*)CC(C2)O3)cc1,0.34801487,41,2,16,5,0,2,valid
90,23713841,*C(=O)Nc1ccc(Oc2ccc(C3(c4ccc(Oc5ccc(NC(=O)c6ccc7c(c6)C(=O)N(c6ccc(Oc8ccc(Oc9ccc(N%10C(=O)c%11ccc(*)cc%11C%10=O)cc9)cc8)cc6)C7=O)cc5)cc4)NC(=O)c4ccccc43)cc2)cc1,0.36615689,159,2,68,11,5,7,valid
3414,935627680,*CC(*)c1ccc(C(=O)c2ccccc2)cc1,0.37525609,29,2,15,1,0,1,valid
2250,610345428,*CCCCCCC(c1ccc(O)cc1)C(*)c1ccc(O)cc1C,0.35738719,37,2,21,2,0,0,valid
1965,530057519,*c1ccc(Oc2ccc(Sc3ccc(Oc4ccc(-c5ccc(*)s5)cc4C(F)(F)F)cc3)cc2)c(C(F)(F)F)c1,0.40843871,73,2,29,2,0,0,valid
3997,1081913704,*Cc1ccccc1CSS*,0.39101963,14,2,8,0,0,0,valid
5091,1382189340,*CCC=C(*)C(C)C,0.40099098,14,2,7,0,0,1,valid
5995,1626255936,*Oc1ccc(C(C)(C)c2ccc(OC(=O)c3cccc(C(F)(F)C(F)(F)C(F)(F)c4cccc(C(*)=O)c4)c3)cc2)cc1,0.35753446,82,2,32,4,0,2,valid
4393,1182712915,*Oc1ccc(S(=O)(=O)c2ccc(Oc3ccc(C(c4ccc(*)cc4)c4ccccc4C(=O)O)cc3)cc2)cc1,0.37097336,70,2,32,6,0,3,valid
6963,1883635741,*Oc1ccc(-c2ccc(N=Nc3ccc(C(*)=O)cc3)cc2)cc1,0.36731588,42,2,19,2,2,2,valid
2221,602268285,*CCNC(=O)c1ccc(C(=O)NCCOc2ccc3ccc(O*)cc3c2)cc1,0.32844046,46,2,22,4,2,2,valid
5097,1383379124,*Oc1ccc(CC(NC(=O)CCc2ccc(OC(=O)CCCCC(*)=O)cc2)C(=O)OCC(C)C)cc1,0.34693865,62,2,28,7,1,4,valid
4628,1247317223,*Nc1ccc(-c2cc3ccc2CCc2ccc(c(-c4ccc(N*)c(N)c4)c2)CC3)cc1N,0.36354697,56,2,28,0,4,0,valid
5574,1511530438,*OC(=O)C(NC(=O)CCCCCCCCC(=O)NC(C(=O)OC1COC2C(*)COC12)C(C)CC)C(C)CC,0.35095234,66,2,28,8,2,4,valid
3945,1068808459,*C=Cc1cc(OCC(CC)CCCC)c(*)cc1-c1ccc(F)c(C(F)(F)F)c1,0.39040099,50,2,23,1,0,1,valid
1848,499802239,*C(=O)Nc1ccc(Oc2ccccc2-c2ccccc2Oc2ccc(NC(=O)c3ccc4c(c3)C(=O)N(c3ccc(C)c(N5C(=O)c6ccc(*)cc6C5=O)c3)C4=O)cc2)cc1,0.36654157,110,2,49,8,4,6,valid
5516,1497639710,*CC(*)(C)C(=O)OCCCCCCN1CCN(c2ccc(N=Nc3ccc(C#N)cc3)cc2)CC1,0.37393027,57,2,27,2,5,2,valid
1431,384321860,*CCCCCCCCCCCCCCCCOC(=O)NCCCCCCCCCCNC(=O)O*,0.3759777,42,2,28,4,2,2,valid
7022,1897620577,*CC(CCCCCCOc1ccc(N=Nc2ccc(C#N)cc2)cc1)COC(=O)CCCCCCCCCCCCC(=O)O*,0.37422275,64,2,36,5,3,3,valid
3469,949719355,*OP(=O)(Oc1ccc(Br)cc1)Oc1c(Br)cc(C(c2cc(Br)c(*)c(Br)c2)(C(F)(F)F)C(F)(F)F)cc1Br,0.39848019,79,2,21,4,0,1,valid
6399,1734532283,*C1(C)CC(*)(C)C(=O)N(C)C1=O,0.35709749,27,2,8,2,1,2,valid
7791,2101723306,*O[Si](C)(Oc1ccc(C(C)(C)c2ccc(*)cc2)cc1)c1ccccc1,0.39715022,48,2,22,2,0,0,valid
5040,1367013502,*N=P(*)(OCCOCCOC)OCCOCCOC,0.35370177,25,2,10,6,1,1,valid
6293,1705359198,*c1cc(-c2sc(-c3cc(CCCCCCCCCC)c(*)s3)cc2CCCCCCCCCC)c2cccccc1-2,0.44266435,61,2,38,0,0,0,valid
6184,1676853034,*CC(*)(C)C(=O)OCc1ccc(C=CC(=O)Oc2ccc3oc(=O)ccc3c2)cc1,0.32586124,53,2,23,6,0,4,valid
3813,1034918215,*Nc1ccc(C(C)(C)c2ccc(NC(=O)c3cc(NC(=O)c4ccccc4)cc(C(*)=O)c3)cc2)cc1,0.35251392,67,2,30,3,3,3,valid
746,209437861,*CC(CCCCCCCCCCCC)COC(=O)NC(=O)c1ccc(C(=O)NC(=O)O*)cc1,0.34646463,53,2,25,6,2,4,valid
2485,676718973,*Nc1ccc2c(-c3ccccc3)c3cc(N*)ccc3cc2c1,0.35297374,37,2,20,0,2,0,valid
5190,1408229683,*CC(*)(C)C(=O)OCc1ccccc1Cl,0.35759108,26,2,11,2,0,1,valid
6776,1837695049,*C(=O)N1C(=S)N(C(=O)c2ccc3c(c2)C(=O)N(c2ccc(Oc4ccc(N5C(=O)c6ccc(*)cc6C5=O)cc4)cc2)C3=O)C(C)=C(C(=O)OCC)C1c1ccccc1,0.3735679,113,2,44,9,4,9,valid
1160,311737289,*Oc1ccc(-c2ccc(Oc3ccc(Oc4cc(Oc5ccc(*)cc5)ccc4CCCCCC)cc3)c3ccccc23)c2ccccc12,0.37973562,75,2,44,4,0,0,valid
621,173018796,*Oc1ccc(C(=O)c2ccccc2)c(-c2cc(Oc3ccc(C(c4ccc(*)cc4)(C(F)(F)F)C(F)(F)F)cc3)ccc2C(=O)c2ccccc2)c1,0.37955991,94,2,41,4,0,2,valid
5226,1418585210,*CC(*)c1cccc(O)c1,0.34145083,17,2,8,1,0,0,valid
6769,1836401630,*c1ccc(-c2ccc(-c3ccc4nc(Oc5cc(-c6ccccc6)c6cc(*)ccc6n5)cc(-c5ccccc5)c4c3)cc2)cc1,0.39257783,79,2,42,1,2,0,valid
1377,371139580,*Nc1ccc(-c2c(-c3ccccc3)cc(N*)c(-c3ccccc3)c2-c2ccccc2)cc1,0.36585327,56,2,30,0,2,0,valid
7560,2042618640,*C=Cc1ccc2c3ccc(*)cc3n(-c3ccc(OCCCCCCCCCC)c(OCCCCCCCCCC)c3)c2c1,0.38669468,63,2,40,2,1,1,valid
4743,1280502593,*CCCCCCCOC(=O)c1ccc(-c2ccc(C(=O)O*)cc2)cc1,0.35177391,42,2,21,4,0,2,valid
1734,468435322,*C=Cc1sc(-c2ccc(-c3ccc(-c4ccc(-c5sc(C=CC6=CC(=C(C#N)C#N)C=C(*)O6)c(CCCCCC)c5CCCCCC)s4)s3)s2)c(CCCCCC)c1CCCCCC,0.42429336,109,2,56,1,2,5,valid
4235,1144375159,*c1ccc(-c2sc(-c3cc(CCCCCCCC)c(*)s3)cc2CCCCCCCC)cc1,0.42872185,50,2,30,0,0,0,valid
6991,1890222826,*CC(COc1ccc(C(C)(c2ccccc2)c2ccc(O*)cc2)cc1)OC(=O)c1ccccc1,0.35693176,57,2,30,4,0,1,valid
3630,985248291,*Nc1c(C)cc(C2(c3cc(C)c(N*)c(C)c3)c3ccccc3-c3ccccc32)cc1C,0.39543139,56,2,29,0,2,0,valid
5413,1470645091,*C(=O)c1ccc2c(c1)C(=O)N(c1c(C)cc(Cc3cc(C)c(N4C(=O)c5ccc(*)cc5C4=O)c(C)c3)cc1C)C2=O,0.41157762,82,2,34,5,2,5,valid
5415,1470774077,*c1ccc(Oc2ccccc2Oc2ccc(N3C(=O)c4ccc(Oc5ccc6c(c5)C(=O)N(*)C6=O)cc4C3=O)cc2C(F)(F)F)c(C(F)(F)F)c1,0.36576424,95,2,36,7,2,4,valid
305,86465615,*C1C(=O)OC(=O)C1C1C2CC(C(=O)OCCOCC)C(C2)C1*,0.32509916,43,2,16,6,0,3,valid
5058,1371045959,*C1C2CC(C)C(C2)C1*,0.40953416,18,2,8,0,0,0,valid
1300,351892249,*OP(=O)(Oc1ccccc1)Oc1ccc(*)cc1,0.34040236,30,2,12,4,0,1,valid
3575,975186441,*C(=O)OCCOC(=O)C=Cc1cccc(N2C(=O)c3ccc(*)cc3C2=O)c1,0.33326323,50,2,20,6,1,5,valid
2399,652821562,*CCCCCCCCCOC(=O)CCC(=O)O*,0.3543665,25,2,13,4,0,2,valid
5498,1490994278,*Nc1cccc(NC(=O)CCCCC(=O)Nc2cccc(NC(=S)NC(=O)CCCCC(=O)NC(*)=S)c2)c1,0.33328285,66,2,26,4,6,6,valid
2181,591186983,*N=P(*)(Oc1cccc(C(F)(F)F)c1)Oc1cccc(C(F)(F)F)c1,0.39150603,47,2,14,2,1,1,valid
5135,1391761944,*Cc1cc(C(C)(C)C)cc(*)c1O,0.40309705,24,2,11,1,0,0,valid
6795,1843486758,*CC(*)OC(=O)C(F)(F)C(F)(F)F,0.31968743,27,2,5,2,0,1,valid
736,205810542,*Nc1ccc(Cc2ccc(N*)c3ccccc23)c2ccccc12,0.34615054,37,2,21,0,2,0,valid
5346,1452761460,*Cc1cccc(CNC(=O)c2ccccc2-c2ccccc2C(=O)N*)c1,0.34299947,43,2,22,2,2,2,valid
5614,1523200168,*CCCCCCCCCCOc1ccc(N=Cc2ccc(C=Nc3ccc(O*)cc3C)cc2)c(C)c1,0.38083348,54,2,32,2,2,2,valid
5084,1379119982,*CC(*)(C)C(=O)OCCCCCCOc1ccc(C=CC2=C(C#N)C(=C(C#N)C#N)OC2(C)C)cc1OCCCCCC,0.37360953,71,2,34,5,3,4,valid
1139,304139587,*c1ccc(C(C#N)(C(=O)OCC)C(*)(C#N)C(=O)OCC)cc1,0.38803882,44,2,16,4,2,2,valid
6400,1734712168,*C(c1ccc(N(C)C)cc1)C(*)c1ccc([N+](=O)[O-])cc1,0.39669979,45,2,16,2,2,1,valid
3203,871245251,*CCOP(=O)(N=Nc1ccc(C(=O)c2ccc(N=NP(=O)(O*)OCC)cc2)cc1)OCC,0.36466519,57,2,19,7,4,5,valid
3174,862321368,*CC(*)c1cc(C(=O)OCCCCCC)ccc1-c1ccc(OCCCCCCCC)cc1,0.38417048,48,2,29,3,0,1,valid
2047,552032340,*OC(C)COC(=O)c1ccc(C(*)=O)cc1,0.34490108,29,2,11,4,0,2,valid
1412,379560437,*CCCCP(C)(=O)CCCNC(=O)CCCCC(=O)N*,0.3443087,33,2,14,3,2,3,valid
6629,1800644931,*Oc1c(C)cc(-c2cc(C)c(OC(=O)CCCCCC(*)=O)c(C)c2)cc1C,0.36806189,50,2,23,4,0,2,valid
6083,1649518604,*Nc1ccc(C(c2ccccc2)(c2ccccc2)c2cc(C(c3ccccc3)(c3ccccc3)c3ccc(N)cc3)cc(C(c3ccccc3)(c3ccccc3)c3ccc(N*)cc3)c2)cc1,0.3872297,110,2,63,0,3,0,valid
4936,1337045352,*CCCCCCOC(=O)OCCCCCCCCCCOC(=O)OCCCCCCOc1ccc(C(=O)c2ccc(O*)cc2)cc1,0.36434074,65,2,37,9,0,3,valid
5275,1433887505,*NC1CCC(CC(C)(C)NC(=O)CCCCC(*)=O)CC1,0.33902943,36,2,16,2,2,2,valid
6461,1753717945,*CC(*)OC(=O)c1cccc([Si](C)(C)C)c1,0.39879763,33,2,12,2,0,1,valid
7871,2118723389,*Oc1ccc(CC(NC(=O)CCc2ccc(OC(=O)COCCOCC(*)=O)cc2)C(=O)OCc2ccccc2)cc1,0.33524164,67,2,31,9,1,4,valid
2477,673984159,*CC(C(C)C)C(COC(=O)c1ccc(C(=O)O*)cc1)C(C)C,0.35713078,42,2,18,4,0,2,valid
3290,900477091,*OC(COC(=O)c1ccccc1-c1ccccc1C(*)=O)COc1ccc(N=Nc2ccc(C#N)cc2)cc1,0.3636633,63,2,30,5,3,3,valid
1293,350457801,*Nc1ccc(-c2ccc(N*)c(-c3ccccc3)c2)cc1-c1ccccc1,0.35335103,45,2,24,0,2,0,valid
1025,281136178,*CNC(=O)OCc1ccc(COC(=O)NCc2ccc(C(C)(C)c3ccc(*)o3)o2)o1,0.33949603,54,2,21,7,2,2,valid
5227,1418607549,*CC(*)c1ccc(CCl)cc1,0.38772297,19,2,9,0,0,0,valid
1493,400957282,*c1ccc2oc(-c3ccc(Oc4ccc(C(c5ccc(Oc6ccc(-c7nc8cc(C(*)(C(F)(F)F)C(F)(F)F)ccc8o7)cc6)cc5)(C(F)(F)F)C(F)(F)F)cc4)cc3)nc2c1,0.39360428,118,2,44,4,2,0,valid
7431,2007281733,*c1cc(CCCCCCCCCC)c(*)s1,0.41339329,23,2,14,0,0,0,valid
1867,505139445,*CC(CC)(CC)C(=O)O*,0.3595269,18,2,7,2,0,1,valid
5105,1386318462,*c1ccc(Oc2ccc(C(c3ccc(Oc4ccc(-c5nc(-c6ccccn6)nnc5*)cc4)cc3)(C(F)(F)F)C(F)(F)F)cc2)cc1,0.39042731,85,2,35,2,4,0,valid
1748,471232533,*c1ccc(C(C#N)(C(=O)OCC(C)C)C(*)(C#N)C(=O)OCC(C)C)cc1,0.40104325,52,2,20,4,2,2,valid
941,259180745,*CC(*)C(=O)c1ccc(Br)cc1,0.39504944,23,2,9,1,0,1,valid
401,110986650,*CCCCCCCCNC(=O)c1ccc(C(=O)N*)c(Sc2ccccc2)c1,0.3581334,43,2,21,2,2,2,valid
154,46473006,*C=CC1CC(*)C(C#N)(CCC)C1,0.39981874,24,2,11,0,1,1,valid
340,94543909,*CC(CCCCCCOc1ccc(N=Nc2ccc(Br)cc2)cc1)COC(=O)CCCCC(=O)O*,0.37066043,55,2,27,5,2,3,valid
1788,480361178,*CCNC(=O)c1ccc(C(=O)N*)c(Oc2ccccc2)c1,0.33491871,37,2,16,3,2,2,valid
1144,307396008,*CC(*)OC(=O)CC1CCCC1,0.3604384,20,2,9,2,0,1,valid
428,118556246,*Oc1c(C)cc(-c2cc(CBr)c(Oc3ccc(C(=O)c4ccc(*)cc4)cc3)c(CBr)c2)cc1CBr,0.4178534,66,2,29,3,0,1,valid
7176,1938664551,*Nc1cccc(-c2c(N*)cccc2-c2ccccc2)c1,0.35005317,34,2,18,0,2,0,valid
4952,1341187910,*Cc1cccc(CNC(=O)CCCCC(=O)N*)c1,0.32740895,30,2,14,2,2,2,valid
5488,1487747929,*Oc1ccc(S(=O)(=O)c2ccc(Oc3c(C)cc(C(C)(C)c4cc(C)c(*)c(C)c4)cc3C)cc2C(O)(C(F)(F)F)C(F)(F)F)c(C(O)(C(F)(F)F)C(F)(F)F)c1,0.38564574,116,2,37,6,0,2,valid
859,240082161,*NCCCCCCCCCCCN*,0.34603548,15,2,11,0,2,0,valid
6338,1718233222,*Nc1ccc2cc3c(cc2c1-c1c(N*)ccc2cc4c(cc12)CCCC4)CCCC3,0.37579984,51,2,28,0,2,0,valid
5780,1569186084,*CCCCCCCOC(=O)NCCCCCCNC(=O)O*,0.34603241,29,2,15,4,2,2,valid
4625,1247292893,*C(=O)c1ccc2c(c1)C(=O)N(c1cccc(OCCOCCOc3cccc(N4C(=O)c5ccc(*)cc5C4=O)c3)c1)C2=O,0.34407338,78,2,33,8,2,5,valid
4752,1284082821,*CC(O)COc1ccc(C(C)(C)c2ccc(OCC(O)COc3cccc(NC(=O)CCCCCC(=O)Nc4cccc(O*)c4)c3)cc2)cc1,0.33816204,82,2,40,8,2,2,valid
4593,1239731818,*c1ccc(Sc2ccc(Sc3ccc(N4C(=O)c5ccc(Oc6ccc7c(c6)C(=O)N(*)C7=O)cc5C4=O)cc3)s2)cc1,0.37246963,78,2,30,5,2,4,valid
6437,1746379826,*Oc1ccc(Oc2ccc(C=NCCCCCCCCCCCCN=Cc3ccc(*)cc3)cc2)cc1,0.37925907,52,2,32,2,2,2,valid
5463,1481540874,*CCCCCCNC(=O)CCCC(=O)O*,0.33848118,23,2,11,3,1,2,valid
1604,432187357,*CCOC(=O)NCCCCCCCCCCNC(=O)O*,0.34759464,28,2,14,4,2,2,valid
6028,1635058755,*c1ccc(-c2ccc(-c3cc(-c4ccccc4)c4cc(C5(c6ccc7nc(*)cc(-c8ccccc8)c7c6)c6ccccc6-c6ccccc65)ccc4n3)cc2)cc1,0.43428946,100,2,55,0,2,0,valid
6837,1853589021,*Nc1ccc2c(c1)[C@@]1(C)c3ccc(N)cc3[C@]2(C)c2cc(N*)ccc21,0.3829945,54,2,22,0,3,0,valid
3076,836337726,*c1ccc2oc3ccc(S(=O)(=O)c4ccc(Oc5ccc(S(*)(=O)=O)cc5)cc4)cc3c2c1,0.37867656,62,2,24,6,0,4,valid
2206,598302444,*CCSSCCOCO*,0.39441419,11,2,5,2,0,0,valid
5342,1451687458,*Nc1ccc(-c2ccc(NC(=O)c3cc(C(*)=O)cc(S(=O)(=O)c4ccccc4)c3)cc2)cc1,0.35263573,64,2,26,4,2,4,valid
4023,1087727668,*Nc1ccc(C(Cc2ccccc2)c2ccc(N*)cc2)cc1,0.35034415,36,2,20,0,2,0,valid
7152,1931637723,*Nc1ccc(Oc2ccc(-c3ccc(Oc4ccc(N*)cc4)cc3)cc2)cc1,0.34360821,47,2,24,2,2,0,valid
7198,1944776345,*CC1CC(*)C(OC(=O)CCCCCCCCCCOc2ccc(-c3ccc(C#N)cc3)cc2)C1OC(=O)CCCCCCCCCCOc1ccc(-c2ccc(C#N)cc2)cc1,0.36288651,96,2,54,6,2,2,valid
4546,1223550383,*Oc1ccc(C2(c3ccc(OC(=O)CCCCCCCCC(*)=O)cc3)c3ccccc3-c3ccccc32)cc1,0.36635489,64,2,35,4,0,2,valid
7464,2016694996,*N=P(*)(OCCCCCCCCCC)OCCCCCCCCCC,0.40515813,31,2,20,2,1,1,valid
3453,945771244,*N=P(*)(N1CCCCC1)N1CCCCC1,0.4443714,25,2,10,0,3,1,valid
6805,1846941939,*Oc1cccc(Oc2ccc(S(=O)(=O)c3ccc(*)cc3)cc2)c1,0.3644213,43,2,18,4,0,2,valid
4439,1195238736,*Nc1ccc2c(c1)C1(c3ccccc3-c3ccccc31)c1c-2cc(-c2ccccc2)c(N*)c1-c1ccccc1,0.38640294,69,2,37,0,2,0,valid
5279,1435571706,*CC(F)(F)CC(*)(C(F)(F)F)C(F)(F)F,0.3151687,32,2,6,0,0,0,valid
3034,821914285,*c1ccc2c(c1)C(=O)N(c1cccc(N3C(=O)c4ccc(C(*)(C(F)(F)F)C(F)(F)F)cc4C3=O)c1C)C2=O,0.39473937,78,2,26,4,2,4,valid
4329,1166008818,*ON(C(F)(F)F)C(F)(Br)C(*)(F)F,0.34640325,29,2,3,1,1,0,valid
66,17899555,*C=C(*)c1ccc(-n2c(=O)c3cc4c(=O)n(-c5ccc(C#C)cc5)c(=O)c4cc3c2=O)cc1,0.37446752,66,2,26,4,2,5,valid
84,22905078,*CC(*)C(=O)OCC(F)(F)C(F)(F)C(F)(F)C(F)(F)C(F)(F)F,0.32506583,49,2,9,2,0,1,valid
898,248544464,*C(=O)Nc1ccc(Cc2ccc(NC(=O)c3ccc4c(c3)C(=O)N(c3cccc(P(=O)(c5ccccc5)c5cccc(N6C(=O)c7ccc(*)cc7C6=O)c5)c3)C4=O)cc2)cc1,0.36643788,114,2,49,7,4,7,valid
2734,745925185,*c1ccc2c(c1)C(CCCCCC)(CCCCCC)c1cc(-c3ccc4c(c3)c3cc(*)ccc3n4-c3ccc(C)cc3)ccc1-2,0.39958205,78,2,44,0,1,0,valid
2544,690246774,*CC(O)COC(=O)c1cccc(C(=O)OCC(O)COc2ccc(C(C)(C)c3ccc(O*)cc3)cc2)c1,0.33980018,65,2,29,8,0,2,valid
6246,1695808727,*N=P(*)(OCCOCCOCCOC)OCCOCCOCCOC,0.35486325,31,2,14,8,1,1,valid
887,247237663,*c1ccc(Oc2ccc(N3C(=O)c4cccc(Oc5cccc6c5C(=O)N(*)C6=O)c4C3=O)cc2)cc1,0.3708276,66,2,28,6,2,4,valid
7744,2088836138,*Nc1cc(NC(=O)c2ccc(C(*)=O)cc2)cc(C(=O)OCCOc2ccc(C=CC(=O)c3ccccc3)cc2)c1,0.33943135,71,2,32,6,2,5,valid
7764,2092674324,*CC(F)(F)C(F)(F)C(F)(F)COC(=O)c1cccc(C(=O)O*)c1OCCCCC,0.34076472,53,2,18,5,0,2,valid
3571,974608076,*Oc1c(-c2ccccc2)cc(*)cc1-c1cccc(-c2ccccc2)c1-c1ccccc1,0.40445891,53,2,30,1,0,0,valid
3514,961272139,*Nc1ccc(C2=C(c3ccccc3)/C(=C/c3ccccc3)[C@@H](N*)/C(=C/c3ccccc3)C2)cc1,0.38000782,68,2,32,0,2,3,valid
136,40655089,*C(=O)Nc1ccc(Oc2ccc(-c3ccc(Oc4ccc(NC(=O)c5ccc6c(c5)C(=O)N(c5ccc(Oc7ccc(S(=O)(=O)c8ccc(Oc9ccc(N%10C(=O)c%11ccc(*)cc%11C%10=O)cc9)cc8)cc7)cc5)C6=O)cc4)cc3)cc2)cc1,0.36114325,160,2,66,12,4,8,valid
2509,681043697,*N[C@H]([C@H](N)CO)[C@@H](C=O)N*,0.29472279,32,2,5,2,3,1,valid
7845,2112770434,*C1=C(c2ccc(-c3ccc4c(c3)C(CCCCCC)(CCCCCC)c3cc(-c5ccc(*)cc5)ccc3-4)cc2)C(=O)N(CCCCCCCC)C1=O,0.39556672,90,2,49,2,1,3,valid
4809,1299451372,*Nc1ccc2c(c1)C(C)(C)c1cc3cc4ccccc4c(N*)c3cc1-2,0.36945143,46,2,23,0,2,0,valid
5736,1558106067,*C(=O)c1ccc2c(c1)C(=O)N(c1ccc(Cc3ccccc3N3C(=O)c4ccc(*)cc4C3=O)cc1)C2=O,0.3701528,70,2,30,5,2,5,valid
6906,1869660806,*Nc1cc(C)c(Cc2ccc(CCCCCc3ccc(Cc4c(C)cc(N*)cc4C)cc3)cc2)c(C)c1,0.36173822,61,2,35,0,2,0,valid
5014,1359687224,*Oc1ccc(CC(NC(=O)CCc2ccc(OC(=O)CCC(*)=O)cc2)C(=O)OCCCCCCCC)cc1,0.35002992,62,2,30,7,1,4,valid
6149,1669400778,*CC(*)(C)C(=O)OCC1CCC1,0.36732984,22,2,9,2,0,1,valid
1028,281814625,*C(=O)c1ccc2c(c1)C(=O)N(c1cccc(C(=O)Nc3ccc(N4C(=O)c5ccc(*)cc5C4=O)cc3)c1)C2=O,0.35895487,77,2,30,6,3,6,valid
2463,671507896,*OC(CCCCC)CC(*)=O,0.36904255,17,2,8,2,0,1,valid
2117,573332233,*Nc1c(-c2ccccc2)cc(C(CC)c2cc(-c3ccccc3)c(N*)c3ccccc23)c2ccccc12,0.37493532,63,2,35,0,2,0,valid
2613,709856096,*C(=O)Nc1c(C)cc(Cc2cc(C)c(NC(=O)c3ccc4c(c3)C(=O)N(c3ccc(N=Nc5ccc(OC(F)(F)F)cc5)c(N5C(=O)c6ccc(*)cc6C5=O)c3)C4=O)c(C)c2)cc1C,0.37184486,123,2,48,7,6,7,valid
7457,2015176684,*CCCCCCNC(=O)c1ccc(C(=O)N*)c(Oc2ccc(-c3ccccc3)cc2)c1,0.35011454,52,2,26,3,2,2,valid
4103,1109762567,*c1ccc(Oc2cccc(N3C(=O)c4ccc(Oc5ccc6cc(Oc7ccc8c(c7)C(=O)N(*)C8=O)ccc6c5)cc4C3=O)c2)cc1,0.36778289,85,2,38,7,2,4,valid
1439,387403474,*c1ccccc1CCc1ccc(N2C(=O)C(=O)N(c3ccc(C)c(N4C(=O)C(=O)N(*)C4=O)c3)C2=O)cc1,0.35428927,73,2,27,6,4,6,valid
2820,765454454,*c1ncnc(N(CCCCN(*)c2ccccc2)c2ccccc2)n1,0.37819273,38,2,19,0,5,0,valid
6007,1630109402,*NNC(=O)c1cc(NC(=O)c2ccc3c(c2)C(=O)N(c2ncccc2C)C3=O)cc(C(=O)NNC(=O)CC(*)=O)c1,0.3203758,77,2,26,7,7,7,valid
5086,1380589062,*CC(*)OCCCCCCCCCCCOc1ccc(C(=O)Oc2ccc(OCC)cc2)cc1,0.36990497,48,2,28,5,0,1,valid
3959,1071999103,*O[Si](c1ccccc1)(c1ccccc1)c1ccc(-c2ccc([Si](*)(c3ccccc3)c3ccccc3)cc2)cc1,0.40332327,72,2,36,1,0,0,valid
1341,363282083,*c1ccc(Oc2ccc(Oc3ccc(Oc4ccc(N5C(=O)c6ccc(Oc7ccc(Oc8ccc9c(c8)C(=O)N(*)C9=O)cc7)cc6C5=O)cc4)cc3)cc2)cc1,0.363459,101,2,46,9,2,4,valid
6705,1817213256,*Nc1cccc(-c2cccc(-c3cccc(-c4cccc(-c5ccccc5)c4)c3)c2)c1N*,0.34461865,56,2,30,0,2,0,valid
7259,1960875010,*c1ccc(-c2cnc3cc4nc(*)cnc4cc3n2)cc1,0.49831615,35,2,16,0,4,0,valid
4122,1114103605,*Oc1c(C)cc(C2(c3cc(C)c(Oc4ccc(C(=O)c5cccc(C(=O)c6ccc(*)cc6)c5)cc4)c(C)c3)CCC3CCCCC3C2)cc1C,0.39855056,90,2,46,4,0,2,valid
495,137117611,*Nc1cc2c(cc1N*)C(C)(C)C(C)(C)C2(C)C,0.35975635,35,2,15,0,2,0,valid
6108,1655336489,*Nc1ccc2c(c1)Cc1cc(N*)ccc1-2,0.34702763,28,2,13,0,2,0,valid
1600,431258453,*c1cccc(NC(=O)CCCCC(=O)Nc2cccc(S(*)(=O)=O)c2)c1,0.33687844,47,2,18,4,2,4,valid
3360,919712594,*Oc1ccc(CC(NC(=O)CCc2ccc(OC(=O)CCCCC(*)=O)cc2)C(=O)OCCCC)cc1,0.34179586,60,2,28,7,1,4,valid
3259,889893408,*Nc1cccc(NC(=O)c2ccc(NC(=O)c3ccc([Si](C)(C)c4ccc(C(=O)Nc5ccc(C(*)=O)cc5)cc4)cc3)cc2)c1,0.35733019,86,2,36,4,4,4,valid
1667,447477268,*C(=O)c1ccc2c(c1)C(=O)N(c1ccc(C(=O)c3ccc(N4C(=O)c5ccc(*)cc5C4=O)cc3)cc1)C2=O,0.37436742,76,2,30,6,2,6,valid
4873,1320165565,*Nc1cc(C)c(C2(c3c(C)cc(N*)cc3C)c3ccccc3-c3ccccc32)c(C)c1,0.3801695,56,2,29,0,2,0,valid
7640,2063396498,*Nc1cc2ccc3cc4ccccc4cc3c2cc1N*,0.33601961,30,2,18,0,2,0,valid
3910,1059090867,*Nc1cc(NC(=O)Nc2ccc(NC(*)=O)cc2)cc(C(=O)Nc2ccc3c(c2)C(=O)c2ccccc2C3=O)c1,0.32639066,72,2,29,5,5,5,valid
1205,322605911,*Oc1ccc(CC(NC(=O)Cc2ccc(OC(=O)COCCOCC(*)=O)cc2)C(=O)OCCCCCCCC)cc1,0.34897667,65,2,31,9,1,4,valid
4200,1135788027,*CC(*)OC(=O)c1ccccc1OC(C)=O,0.33486317,27,2,11,4,0,2,valid
4922,1333766804,*CCCOCCCCOCCCN1C(=O)c2ccc(C(=O)Oc3ccc(-c4ccc(OC(=O)c5ccc6c(c5)C(=O)N(*)C6=O)cc4)cc3)cc2C1=O,0.33894182,91,2,40,10,2,6,valid
3705,1003747074,*c1ccc(Oc2cccc(Oc3ccc(N4C(=O)C5CCC(C6CCC7C(=O)N(*)C(=O)C7C6)CC5C4=O)cc3)c2)cc1,0.36411353,78,2,34,6,2,4,valid
6109,1655603853,*C(Cl)=C(*)CCCC,0.40171374,15,2,6,0,0,1,valid
1052,287377564,*c1ccc(Oc2ccc(N3C(=O)c4ccc(S(=O)(=O)c5ccc6c(c5)C(=O)N(*)C6=O)cc4C3=O)cc2Br)c(Br)c1,0.40143862,82,2,28,7,2,6,valid
1618,434774652,*CC(*)C(=O)Oc1ccc(C#N)cc1,0.360284,25,2,10,2,1,1,valid
2684,730340221,*Oc1ccc(Sc2ccc(OC(*)=O)cc2)cc1,0.35903581,30,2,12,3,0,1,valid
5890,1598034786,*CC#CC(C#CCOC(=O)CCCCCCCCC(=O)O*)=Cc1ccc(C#Cc2ccccc2)cc1,0.38414122,56,2,32,4,0,3,valid
2094,564537590,*CC(*)(C)C(=O)OC1COC(CP(=O)(OCC)OCC)OC1,0.34922258,39,2,13,7,0,2,valid
4529,1219791952,*Nc1c2ccccc2c(-c2c3ccccc3c(N*)c3ccc(-c4cccc5ccccc45)c(-c4cccc5ccccc45)c23)c2ccccc12,0.37377403,83,2,48,0,2,0,valid
5317,1446315012,*Nc1ccc2c(C)c3cc(N*)ccc3c(C)c2c1,0.34480504,32,2,16,0,2,0,valid
5151,1395946154,*c1ccc(C(c2ccc(C#N)cc2)c2ccc(N(*)c3ccc(C)cc3)cc2)cc1,0.45124557,52,2,27,0,2,0,valid
5573,1511476999,*c1ccc2c(c1)C(=O)N(c1cc(OCCCC)cc(N3C(=O)c4ccc(C(*)(C(F)(F)F)C(F)(F)F)cc4C3=O)c1)C2=O,0.38373514,84,2,29,5,2,4,valid
7301,1971686624,*Oc1ccc(S(=O)(=O)c2ccc(Oc3ccc(C(=O)c4ccc(-c5ccc(C(=O)c6ccc(*)cc6)cc5)cc4)cc3)cc2)cc1,0.37362004,84,2,38,6,0,4,valid
1726,466488035,*c1ccc(Oc2c(C)cc(C(c3cccnc3)c3cc(C)c(Oc4ccc(N5C(=O)CC(Nc6cccc(NC7CC(=O)N(*)C7=O)c6)C5=O)cc4)c(C)c3)cc2C)cc1,0.3838921,107,2,48,6,5,4,valid
6414,1740193535,*Nc1cccc(NC(=O)CCCCC(=O)Nc2cccc(NC(=S)NC(=O)c3ccc(C(=O)NC(*)=S)cc3)c2)c1,0.33679836,72,2,28,4,6,6,valid
1660,445938720,*c1ccc(Oc2cccc(N3C(=O)c4ccc5c6c(ccc(c46)C3=O)C(=O)N(c3cccc(Oc4ccc(-c6nnc(*)o6)cc4)c3)C5=O)c2)cc1,0.37441485,96,2,40,7,4,4,valid
7716,2079820575,*CCC1CC(*)C2C3CC(C12)C(C)(C(=O)OC)C3,0.3681131,36,2,15,2,0,1,valid
2293,624193573,*CC(*)C(=O)OCCC#N,0.35583972,17,2,6,2,1,1,valid
6035,1637633691,*c1cccc(Oc2ccc(P(=O)(c3ccccc3)c3ccccc3)c(Oc3cccc(N4C(=O)c5ccc(Oc6ccc(-c7ccc(Oc8ccc9c(c8)C(=O)N(*)C9=O)cc7)cc6)cc5C4=O)c3)c2)c1,0.37011172,126,2,58,9,2,5,valid
3975,1076325582,*CC(*)(C)C(=O)OC1CC2CCC1(C)C2(C)C,0.40517863,33,2,14,2,0,1,valid
5395,1464819967,*Nc1ccc(-c2c(C)cccc2C2(c3cccc(C)c3-c3ccc(N*)cc3)CCCCC2)cc1,0.37034703,58,2,32,0,2,0,valid
6731,1825472814,*C(=O)Nc1ccc(Oc2ccccc2-c2ccccc2Oc2ccc(NC(=O)c3ccc4c(c3)C(=O)N(c3ccc(N5C(=O)c6ccc(*)cc6C5=O)cc3)C4=O)cc2)cc1,0.36202552,107,2,48,8,4,6,valid
7651,2065279499,*c1cc(C(=O)NCCCCCC)cc(N2C(=O)c3ccc(-c4ccc5c(c4)C(=O)N(*)C5=O)cc3C2=O)c1,0.37249776,71,2,29,5,3,5,valid
4484,1207110637,*c1cccc(C(F)(F)C(F)(F)C(F)(F)c2cccc(N3C(=O)c4ccc(Oc5ccc6c(c5)C(=O)N(*)C6=O)cc4C3=O)c2)c1,0.3566638,88,2,31,5,2,4,valid
3692,1000606738,*CCCCCCCCCCOc1ccc(C=C2CCC(=Cc3ccc(OCCCCCCCCCCOP(=O)(O*)OC)c(OC)c3)C2=O)cc1OC,0.3684349,76,2,42,9,0,4,valid
6422,1742146572,*Nc1ccc(CC(Cc2ccc(N)cc2)c2ccc(N*)cc2)cc1,0.35372758,40,2,21,0,3,0,valid
6018,1632814958,*OS(=O)(=O)c1cc(S(=O)(=O)Oc2ccc(C3(c4ccc(*)c(C)c4)CCCCC3)cc2C)ccc1C,0.37582472,67,2,27,6,0,4,valid
4996,1354246474,*C(=O)Nc1ccc(C(c2ccc(NC(=O)c3ccc(N4C(=O)c5ccc(*)cc5C4=O)cc3C)cc2)(C(F)(F)F)C(F)(F)F)cc1,0.36478693,87,2,32,4,3,4,valid
7694,2074267479,*Oc1ccc(CC(NC(=O)CCc2ccc(OC(=O)COCCOCC(*)=O)cc2)C(=O)OCCCCCC)cc1,0.34629979,64,2,30,9,1,4,valid
6,1012066,*Nc1ccc([C@H]2[C@@H]3C[C@H]4C[C@@H](C3)C[C@@H]2C4)cc1N*,0.3476159,55,2,16,0,2,0,valid
3367,922969981,*Oc1ccc(C(=O)Nc2ccc(C(c3ccc(NC(=O)c4ccc(*)cc4)cc3)(P3(=O)Oc4ccccc4-c4ccccc43)P3(=O)Oc4ccccc4-c4ccccc43)cc2)cc1,0.36147849,110,2,51,7,2,4,valid
2812,764363021,*Oc1ccc(P(=O)(c2ccccc2)c2ccc(Oc3ccc(-c4ccc(*)cc4)cc3)cc2)cc1,0.40024416,60,2,30,3,0,1,valid
3796,1031229001,*Nc1ccc(Oc2ccc(-c3cccc4c3[C@H]3c5ccccc5[C@@H]4c4ccccc43)c(Oc3ccc(N*)cc3)c2)cc1,0.37154684,78,2,38,2,2,0,valid
760,213984999,*c1ccc2c(c1)C(=O)N(c1cc(OCCCCCCCCCCCCCCCC)cc(N3C(=O)c4ccc(C(*)(C(F)(F)F)C(F)(F)F)cc4C3=O)c1)C2=O,0.37483877,96,2,41,5,2,4,valid
2218,601597696,*Oc1ccc(C(=O)NNC(=O)c2ccc(C(=O)NNC(=O)c3ccc(OC(=O)c4cccc(C(*)=O)c4)cc3)cc2Oc2ccccc2)cc1,0.34244327,87,2,36,9,4,6,valid
6071,1646933225,*Nc1ccc(-c2ccc(N*)c(-c3ccccc3)c2-c2ccccc2)c(-c2ccccc2)c1,0.36556523,56,2,30,0,2,0,valid
7327,1978702733,*Oc1ccc(S(=O)(=O)c2ccc(Oc3ccc(C(C)(C)c4ccc(*)c(C(OC)(C(F)(F)F)C(F)(F)F)c4)cc3C(OC)(C(F)(F)F)C(F)(F)F)cc2)cc1,0.37975399,108,2,35,6,0,2,valid
6734,1826581063,*Nc1cccc(/C=C2\c3ccccc3-c3ccc(N*)cc32)c1,0.352832805,40,2,20,0,2,1,valid
6187,1677600893,*Oc1ccc(C(C)(C)c2ccc(OC(=O)c3ccc(C(*)=O)cc3)cc2)cc1,0.36082508,51,2,23,4,0,2,valid
5554,1508126626,*Nc1cccc(C#Cc2ccc(NC(=O)c3cccc(C(*)=O)c3)cc2)c1,0.37889334,47,2,22,2,2,2,valid
2945,800676373,*CCN(CCOC(=O)Nc1ccc(Cc2ccc(NC(=O)O*)cc2)cc1)c1ccc(N=Nc2ccc([N+](=O)[O-])cc2C)c(C)c1,0.35323912,83,2,33,6,6,4,valid
7257,1960232404,*CCCCCCCCCCCCOc1ccc(OCc2ccc(COc3ccc(O*)cc3)cc2)cc1,0.36434601,50,2,32,4,0,0,valid
7563,2042985265,*NCCc1c(N*)ccc2ccccc12,0.33294897,22,2,12,0,2,0,valid
7323,1977447931,*Nc1cccc(C2(c3cccc(N*)c3)c3cc(N)ccc3-c3ccc(N)cc32)c1,0.36514594,52,2,25,0,4,0,valid
4584,1237875565,*CCN(CCN1C(=O)c2ccc(C(c3ccc4c(c3)C(=O)N(*)C4=O)(C(F)(F)F)C(F)(F)F)cc2C1=O)c1ccc(C=Cc2ccc([N+](=O)[O-])cc2)cc1,0.36049034,109,2,37,6,4,6,valid
1215,325038822,*Nc1ccc(C(=O)c2ccc(C(=O)c3ccc(Nc4ccc5c(c4)c4cc(*)ccc4n5CC(CC)CCCC)cc3)cc2)cc1,0.38731405,77,2,40,2,3,2,valid
3270,893952822,*CC(*)c1ccc(C(C)=O)cc1,0.37541315,22,2,10,1,0,1,valid
5033,1365937405,*CC(OC(C)C)C1C(=O)OC(=O)C1*,0.31948862,27,2,9,4,0,2,valid
6634,1801990211,*Nc1ccc(-c2ccc3c(c2)C(C)(C)C[C@@]3(C)c2ccc(N*)cc2)cc1,0.36588438,53,2,24,0,2,0,valid
2538,689174669,*c1ccc2c(c1)C(CCCCCCCC)(CCCCCCCC)c1cc(-c3cc(F)c(*)cc3F)ccc1-2,0.41547343,61,2,35,0,0,0,valid
1691,455774790,*c1cccc(Oc2ccc(C#N)c(Oc3cccc(N4C(=O)c5ccc(Oc6ccc7c(c6)C(=O)N(*)C7=O)cc5C4=O)c3)c2)c1,0.36294968,84,2,35,7,3,4,valid
5905,1602086005,*O[Si](*)(CCC)c1ccccc1,0.40185046,22,2,9,1,0,0,valid
2160,584754403,*CC(CO*)(CS(C)(=O)=O)CS(C)(=O)=O,0.37089814,32,2,7,5,0,4,valid
3883,1053654075,*CC(C)(C)COC(=O)c1ccc(C=Cc2ccc(C(=O)O*)cc2)cc1,0.36382705,46,2,21,4,0,3,valid
7116,1921102507,*Nc1ccc(C(C)(c2ccc(N*)cc2)C2C3=CC=CC2=C3)cc1,0.35568458,44,2,21,0,2,3,valid
1204,322351570,*OCCOC(=O)CCCCC(=O)OCCOc1nc(-c2ccc(OC)cc2)nc(*)c1-c1ccc(OC)cc1,0.34860734,62,2,28,8,2,2,valid
4183,1132744464,*Oc1ccc(C2(c3ccc(OC(=O)c4ccc(C(*)=O)cc4)cc3)CCCCC2)cc1,0.3621841,54,2,26,4,0,2,valid
2303,626841881,*Nc1cc2c(cc1N*)C1(c3ccccc3-c3ccccc31)c1cc(N)c(N)cc1-2,0.38997416,53,2,25,0,4,0,valid
6268,1700578264,*Oc1ccc(NC(=O)CCCCCCCCC(=O)Nc2ccc(*)cc2)cc1,0.34746438,43,2,22,3,2,2,valid
7068,1911905200,*C=CC1CC(*)C(C#N)C1,0.39476009,19,2,8,0,1,1,valid
6133,1664000422,*C(=O)Nc1ccc(S(=O)(=O)c2ccc(NC(=O)c3ccc4c(c3)C(=O)N(c3cc(-c5nc6ccccc6o5)cc(N5C(=O)c6ccc(*)cc6C5=O)c3)C4=O)cc2)cc1,0.36410497,113,2,43,9,5,8,valid
3000,815051873,*c1ccc(C(=O)OCCCCCCOC(=O)c2ccc(-c3nnc(*)s3)cc2)cc1,0.36031607,50,2,22,4,2,2,valid
2791,759347222,*Nc1ccc2c(c1)[C@@H]1c3ccc(N*)cc3[C@@H]3c4ccc(N)cc4[C@H]2C31C,0.3861986,60,2,23,0,3,0,valid
4646,1252177757,*c1ccc(Oc2ccc(Oc3ccc(N4C(=O)c5ccc(Oc6ccc(C7(c8ccc(Oc9ccc%10c(c9)C(=O)N(*)C%10=O)cc8)CCC(c8ccccc8)CC7)cc6)cc5C4=O)cc3)c(C(C)(C)C)c2)cc1,0.38624967,134,2,62,8,2,4,valid
1288,348198056,*c1cccc(N2C(=O)c3ccc(Oc4ccc(-c5ccc(Oc6ccc7c(c6)C(=O)N(*)C7=O)cc5)cc4)cc3C2=O)c1,0.36818227,79,2,34,6,2,4,valid
1674,448340777,*CCCCCCCCCCCCC(=O)N*,0.37800644,20,2,13,1,1,1,valid
4767,1288612893,*Nc1ccc2c(c1)-c1ccc3c4ccc5c6c(ccc(c7ccc(c1c73)C2)c64)Cc1c(N*)cccc1-5,0.33775178,68,2,34,0,2,0,valid
7206,1947579859,*Oc1ccc(CC(NC(=O)CCc2ccc(OC(=O)CCCCCCC(*)=O)cc2)C(=O)OCC)cc1,0.3461508,60,2,28,7,1,4,valid
3802,1033189892,*C=Cc1ccc(N(C)CCOC(=O)Nc2ccc(C)c(NC(=O)OCCN(C)c3ccc(C=CC4=CC(=C(C#N)C#N)C=C(*)O4)s3)c2)s1,0.37243706,89,2,35,5,6,7,valid
7921,2133999177,*Nc1ccccc1-c1c(N*)c(-c2ccccc2)c(-c2ccccc2)c(-c2ccccc2)c1-c1ccccc1,0.3746419,65,2,36,0,2,0,valid
4893,1325509753,*Nc1ccc(C(=O)c2ccc(N*)cc2)cc1,0.337244965,29,2,13,1,2,1,valid
3784,1027170347,*Oc1ccccc1Oc1ccc(S(=O)(=O)c2ccc(*)cc2)cc1,0.3645491,41,2,18,4,0,2,valid
3351,917240080,*c1ccc(C(c2ccc(-c3cc(-c4ccccc4)c4cc(Oc5ccc6nc(*)cc(-c7ccccc7)c6c5)ccc4n3)cc2)(C(F)(F)F)C(F)(F)F)cc1,0.40660468,99,2,45,1,2,0,valid
255,72780876,*Oc1ccc(NC(=O)c2ccc(C(=O)Nc3ccc(Oc4ccc(C5(c6ccc(*)cc6)CC6CCC5C6)cc4)cc3)cc2)cc1,0.36666266,79,2,39,4,2,2,valid
7374,1991510657,*Oc1ccc(Oc2ccc(C(=O)c3ccc(*)cc3)cc2)cc1C(C)(C)C,0.38863246,47,2,23,3,0,1,valid
54,13021733,*O[Si](*)(CCCOCCOCCOCCOCCOC)CCCOCCOCCOCCOCCOC,0.36551909,45,2,24,11,0,0,valid
642,179923409,*CCCCCCCOC(=O)Nc1ccc(C)c(NC(=O)O*)c1,0.34462277,36,2,16,4,2,2,valid
1410,378871007,*c1ccc(OC(=O)c2ccc(C(=O)Oc3ccc(C4(*)NC(=O)c5ccccc54)cc3)cc2)cc1,0.36254131,63,2,28,5,1,3,valid
6061,1643898977,*c1ccc2c(c1)C(=O)N(c1cccc(Oc3cccc(Oc4cccc(N5C(=O)c6ccc(C(*)(C(F)(F)F)C(F)(F)F)cc6C5=O)c4)c3)c1)C2=O,0.36251078,99,2,37,6,2,4,valid
3429,938632884,*Nc1ccc(C)c(-c2c(C)ccc(N*)c2C)c1C,0.36618089,33,2,16,0,2,0,valid
7728,2082878937,*ON(C(F)(F)F)C(F)(F)C(*)(F)SC(F)(F)F,0.3185822,36,2,4,1,1,0,valid
3821,1036702537,*C(=O)Nc1ccc(Oc2cccc(Oc3ccc(NC(=O)c4ccc5c(c4)C(=O)N(c4ccc(Sc6ccc(Oc7ccc(Sc8ccc(N9C(=O)c%10ccc(*)cc%10C9=O)cc8)cc7)cc6)cc4)C5=O)cc3)c2)cc1,0.36243783,137,2,58,9,4,6,valid
7922,2134272821,*CC(C)(C)COC(=O)Nc1ccc(C)c(NC(=O)O*)c1,0.3446265,38,2,14,4,2,2,valid
2584,700994258,*c1ccc(OCOc2ccc(-c3nc(-c4ccc([N+](=O)[O-])cc4)oc3*)cc2)cc1,0.38196728,58,2,22,5,2,1,valid
5378,1460910986,*Nc1ccc(-c2c(-c3ccc(C(c4ccccc4)c4ccccc4)cc3)cc(-c3cccc(N*)c3)cc2-c2ccc(C(c3ccccc3)c3ccccc3)cc2)cc1,0.36459266,98,2,56,0,2,0,valid
306,86721128,*c1ccc(C(C#N)(C(=O)OCCCC)C(*)(C#N)C(=O)OCCCC)cc1,0.39356228,48,2,20,4,2,2,valid
1260,339460948,*c1ccc(Oc2ccc(Oc3ccc(N4C(=O)c5cccc(Oc6cccc7c6C(=O)N(*)C7=O)c5C4=O)cc3)cc2)cc1,0.37064472,77,2,34,7,2,4,valid
2608,708745541,*C=CC(C)C(*)C(=O)OC12CC3CC(CC(C3)C1)C2,0.3828539,38,2,16,2,0,2,valid
6267,1700419938,*c1c(C)cc(C(c2cc(C(F)(F)F)cc(C(F)(F)F)c2)c2cc(C)c(N3C(=O)c4ccc(-c5ccc6c(c5)C(=O)N(*)C6=O)cc4C3=O)c(C)c2)cc1C,0.43003915,108,2,41,4,2,4,valid
6772,1837157915,*OC(=O)c1cccc(OCCCCCCCCCCOc2cccc(C(=O)OC3COC4C(*)COC34)c2)c1,0.34799982,60,2,30,8,0,2,valid
2209,598835608,*CC(*)(C)C(=O)NC(=O)OC(C)COc1c(Br)cc(S(=O)(=O)c2cc(Br)c(OCC(C)O)c(Br)c2)cc1Br,0.37079246,77,2,23,8,1,4,valid
433,119392727,*Nc1ccc(C(c2ccc(NC(=O)c3ccc(C(*)=O)cc3)cc2)(C(F)(F)F)C(F)(F)F)cc1,0.35699838,65,2,23,2,2,2,valid
1950,525351897,*c1ccc(-c2nnc(-c3cccc(-c4nnc(*)o4)c3)o2)cc1,0.44804899,43,2,16,2,4,0,valid
1868,505192232,*CCC[Si](*)(C)O[Si](C)(C)CCCOc1ccc(-c2ccc(C#N)cc2)cc1,0.39219302,53,2,22,2,1,0,valid
4049,1093119609,*c1ccc(Oc2cc3ccccc3cc2Oc2ccc(N3C(=O)c4ccc(Oc5cc6ccccc6cc5Oc5ccc6c(c5)C(=O)N(*)C6=O)cc4C3=O)cc2)cc1,0.36656282,98,2,48,8,2,4,valid
6205,1683248477,*Nc1ccc(Cc2ccc(CCC(CC)(c3ccc(Cc4ccc(N)cc4)cc3)c3ccc(Cc4ccc(N*)cc4)cc3)cc2)cc1,0.36374897,77,2,44,0,3,0,valid
3068,833673959,*O[Si](C)(C)CCCCCC[Si](*)(C)C,0.44650373,29,2,10,1,0,0,valid
6261,1697849650,*Oc1ccc(NC(=O)Nc2cc(NC(=O)Nc3ccc(*)cc3)ccc2C)cc1,0.34206534,48,2,21,3,4,2,valid
5651,1532559190,*O[Si](C)(CCC(F)(F)F)CCC(F)(F)C(F)(F)CC[Si](*)(C)CCC(F)(F)F,0.38905129,59,2,14,1,0,0,valid
6961,1882863686,*C(=C([2H])C([2H])([2H])C(*)([2H])[2H])C([2H])([2H])[2H],0.40600876,56,2,5,0,0,1,valid
1796,482933364,*Nc1ccc([C@@H](c2ccccc2)c2ccccc2N*)cc1,0.34925827,38,2,19,0,2,0,valid
4087,1105092944,*Nc1ccccc1-c1c(N)ccc2c(-c3ccccc3N)c(N*)ccc12,0.35001421,44,2,22,0,4,0,valid
6784,1839521966,*CCOC(=O)NCCCCCCNC(=O)OCCOc1ccc(C2(c3ccc(O*)cc3)c3ccccc3-c3ccccc32)cc1,0.34888968,70,2,37,6,2,2,valid
3120,845873232,*Oc1cccc2ccc(Oc3ccc(NC(=O)c4ccc(C(c5ccc(C(=O)Nc6ccc(*)cc6)cc5)(C(F)(F)F)C(F)(F)F)cc4)cc3)cc12,0.35696537,93,2,39,4,2,2,valid
3607,982011392,*Oc1ccc(C(=Cc2cc(OC)c(C=C(c3ccc(*)cc3)c3ccc(F)cc3)cc2OC)c2ccc(F)cc2)cc1,0.38359708,71,2,36,3,0,2,valid
5090,1381529897,*CC(*)(C)C(=O)OCCNC(C)(C)C,0.36999858,26,2,10,2,1,1,valid
240,68905066,*Nc1ccc(CC(C)(C)NC(=O)c2ccc(C(*)=O)cc2)cc1,0.34949792,42,2,18,2,2,2,valid
1026,281150361,*O[Si](C)(C)CC[Si](C)(C)Oc1c(C)cc(-c2cc(C)c(*)c(C)c2)cc1C,0.40021921,57,2,22,2,0,0,valid
1479,396650322,*Nc1ccc(-c2cccc(-c3ccc(N)cc3)c2-c2ccc(N*)cc2)cc1,0.35433877,48,2,24,0,3,0,valid
6015,1632405014,*C(=O)Nc1ccc(Cc2ccc(NC(=O)c3ccc4c(c3)C(=O)N(c3c(C)cc(-c5cc(C)c(N6C(=O)c7ccc(*)cc7C6=O)c(C)c5)cc3C)C4=O)c(C)c2)cc1C,0.37933895,114,2,49,6,4,6,valid
2135,576673479,*OC(C)COC(=O)/C=C\C(*)=O,0.31850118,24,2,7,4,0,3,valid
2108,567993142,*Nc1ccc(/C=C/c2ccc(N*)cc2S(=O)(=O)O)c(S(=O)(=O)O)c1,0.32549076,51,2,14,6,2,5,valid
2823,765785607,*c1ccc(OC(=O)c2cc(Cl)cc(C(=O)Oc3ccc(C4(*)OC(=O)c5ccccc54)cc3)c2)cc1,0.36120932,67,2,28,6,0,3,valid
6514,1771648139,*C=CC(C(=O)OCc1ccccc1)C(*)C(=O)OCc1ccccc1,0.35713258,41,2,20,4,0,3,valid
115,34026248,*Nc1ccc(Cc2ccc(NC(=O)c3ccc(P(=O)(c4ccccc4)c4ccc(C(*)=O)cc4)cc3)cc2)cc1,0.36719294,70,2,33,3,2,3,valid
1091,294498348,*CCOCCOc1ccc(C=C(C)c2ccc(O*)cc2)cc1,0.36557344,35,2,19,3,0,1,valid
2058,554219011,*CC(O)COc1ccc(C2(C)CC(C)(C)c3cc(O*)ccc32)cc1,0.362067,44,2,21,3,0,0,valid
2376,646573750,*Oc1ccc(C(C)=Nc2ccc(N=C(C)c3ccc(Oc4ccc(C(C)(C)c5ccc(*)cc5)cc4)cc3)cc2)cc1,0.38124481,73,2,37,2,2,2,valid
3055,828904716,*CCCCCCNC(=O)CCC(C)CC(=O)N*,0.33972833,27,2,13,2,2,2,valid
6545,1780443736,*Nc1ccc(-c2c(CC)ccc(N*)c2-c2ccccc2)cc1,0.3658892,38,2,20,0,2,0,valid
373,103451865,*O[Si](C)(C)C#C[Si](C)(C)C#C[Si](C)(C)C#C[Si](C)(C)C#C[Si](*)(C)C,0.49824253,65,2,18,1,0,0,valid
4629,1247694906,*C(=O)Nc1cc(C(F)(F)F)ccc1Oc1cccc2c(Oc3ccc(C(F)(F)F)cc3NC(=O)c3ccc4c(c3)C(=O)N(c3ccc(Oc5ccc(N6C(=O)c7ccc(*)cc7C6=O)cc5-c5ccccc5)c(-c5ccccc5)c3)C4=O)cccc12,0.36667366,153,2,66,9,4,6,valid
4902,1329476125,*C(=O)Nc1ccc(Cc2ccc(NC(=O)c3ccc4c(c3)C(=O)N(c3ccc(S(=O)(=O)c5ccc(N6C(=O)c7ccc(*)cc7C6=O)cc5)cc3)C4=O)cc2)cc1,0.35825823,108,2,43,8,4,8,valid
5771,1565300761,*N=P(*)(OCC(F)(F)C(F)(F)F)OCC(F)(F)C(F)(F)F,0.3709865,43,2,6,2,1,1,valid
4653,1253121067,*CCCCCOC(=O)c1ccc(-c2ccc(C(=O)O*)cc2)cc1,0.34210366,40,2,19,4,0,2,valid
2783,756782287,*Nc1cc2c(cc1N*)-c1cc(N)c(N)cc1C2,0.35872806,32,2,13,0,4,0,valid
2036,549579953,*C(=O)Nc1cccc2cccc(N3C(=O)CC(N4C(=O)c5ccc(*)cc5C4=O)C3=O)c12,0.34205138,60,2,23,5,3,5,valid
4367,1177244369,*CCCCCCNC(=O)c1ccccc1-c1ccccc1C(=O)N*,0.34846301,37,2,20,2,2,2,valid
5585,1514376697,*CCCC(C)(C)CNC(=O)CCCCCC(=O)N*,0.3440828,30,2,14,2,2,2,valid
4924,1334743519,*Oc1ccc(C(c2ccc(Oc3ccc(C(=O)c4ccc(C(c5ccc(C(=O)c6ccc(*)cc6)cc5)(C(F)(F)F)C(F)(F)F)cc4)cc3)cc2)(C(F)(F)F)C(F)(F)F)cc1,0.37426463,116,2,44,4,0,2,valid
6726,1823522189,*N=P(N=P(N=S(*)(=O)NCCCCCC)(NCCCCCC)NCCCCCC)(NCCCCCC)NCCCCCC,0.40482375,60,2,30,1,8,4,valid
3036,822079361,*CC(*)C(=O)NCP(=O)(O)O,0.26739328,22,2,4,4,1,2,valid
6715,1820587217,*Oc1ccc(NC(=O)c2ccc3cc(C(=O)Nc4ccc(Oc5ccc(C6(c7ccc(*)cc7)CC7CCC6C7)cc5)cc4)ccc3c2)cc1,0.37134443,85,2,43,4,2,2,valid
6463,1754638763,*c1ccc(-c2nc3ccccc3o2)c(*)c1,0.40450546,28,2,13,1,1,0,valid
4502,1212645329,*OCCCCOc1nc(*)nc(OC)n1,0.3615296,22,2,8,3,3,0,valid
6940,1877647340,*CCCCCCCCCNC(=O)N*,0.35715169,18,2,10,1,2,1,valid
3273,895255248,*c1cccc(N2C(=O)C(=O)N(CCCCCCN3C(=O)C(=O)N(*)C3=O)C2=O)n1,0.32153178,56,2,17,6,5,6,valid
4416,1189256579,*CCOCCOCCOC(=O)c1ccc(-c2ccc(-c3ccc(C(=O)O*)cc3)cc2)cc1,0.34164497,54,2,26,6,0,2,valid
1960,528559472,*CCC[Si](*)(C)c1cccc(C)c1,0.40156037,25,2,11,0,0,0,valid
6135,1665128334,*Oc1c(Cl)cc(C2(c3cc(Cl)c(OC(*)=O)c(Cl)c3)CC3CC2C2CCCC32)cc1Cl,0.40815455,61,2,23,3,0,1,valid
6085,1650198770,*c1ccc(Cc2ccc(N3C(=O)c4ccc([Si](C)(C)c5ccc([Si](C)(C)c6ccc7c(c6)C(=O)N(*)C7=O)cc5)cc4C3=O)cc2)cc1,0.39503017,97,2,39,4,2,4,valid
2802,762219171,*c1cccc(N2C(=O)c3ccc(Oc4ccc(C(C)(C)c5ccc(Oc6ccc7c(c6)C(=O)N(*)C7=O)cc5)cc4)cc3C2=O)c1,0.37303121,85,2,37,6,2,4,valid
5661,1535224949,*C(=O)c1cc(C(=O)c2ccc3c(c2)C(=O)N(c2ccc(C(c4ccc(N5C(=O)c6ccc(*)cc6C5=O)cc4)(C(F)(F)F)C(F)(F)F)cc2)C3=O)cc(C(C)(C)C)c1,0.38923634,117,2,43,6,2,6,valid
7725,2081786405,*Oc1ccc(C2(c3ccc(Oc4ccc(C(=O)c5ccc(*)cc5)cc4)cc3)c3ccccc3-c3ccccc32)cc1,0.39990412,71,2,38,3,0,1,valid
1564,419730462,*CCCCCNC(=S)N*,0.36013805,14,2,6,0,2,1,valid
199,58492814,*C(=O)c1ccc2c(c1)C(=O)N(c1ccc(Cc3cccc(N4C(=O)c5ccc(*)cc5C4=O)c3)cc1)C2=O,0.37263667,72,2,30,5,2,5,valid
965,264131865,*C(=O)c1ccc(C(=O)c2ccc(Oc3ccc(C(C)(C)c4ccc(Oc5ccc(*)s5)cc4)cc3)s2)cc1,0.37349224,69,2,31,4,0,2,valid
5855,1588320432,*CCN(CCCCCCOc1ccc(C=Cc2ccc([N+](=O)[O-])cc2)cc1)CCOC(=O)Nc1ccc(C)c(NC(=O)O*)c1,0.34069727,78,2,33,7,4,4,valid
7413,2004147185,*CC(*)(CC(=O)OCCCCCCC)C(=O)OCCCCCCC,0.38365749,35,2,19,4,0,2,valid
3985,1079075328,*c1ccc2c(c1)C(=O)N(c1ccc(Oc3ccc(Oc4ccc(N5C(=O)c6ccc(C(*)(C(F)(F)F)C(F)(F)F)cc6C5=O)cc4)cc3)c(C(F)(F)F)c1)C2=O,0.38478301,109,2,38,6,2,4,valid
3754,1018289608,*c1cccc(Oc2cccc(Oc3cccc(N4C(=O)c5ccc(-c6cccc7c6C(=O)N(*)C7=O)cc5C4=O)c3)c2)c1,0.35957648,77,2,34,6,2,4,valid
6688,1814513311,*CC(*)(C)C(=O)OCc1ccccc1,0.34737998,24,2,11,2,0,1,valid
6941,1877844504,*Nc1ccc2c(-c3c(C)c(N)c(C)c(N*)c3C)c(N)ccc2c1,0.36932958,44,2,19,0,4,0,valid
4963,1344927771,*CC(*)C(=O)OCCCOc1ccc(N=Nc2ccc([N+](=O)[O-])cc2)cc1,0.35935263,51,2,18,5,3,3,valid
6945,1878617864,*c1cccc(-c2nc3ccc(-c4ccc5nc(*)sc5c4)cc3s2)c1,0.46119303,44,2,20,0,2,0,valid
2227,604020908,*c1ccc(Oc2cccc(Oc3ccc(N4C(=O)c5cccc(Oc6ccc(Oc7cccc8c7C(=O)N(*)C8=O)cc6)c5C4=O)cc3)c2)cc1,0.35919355,88,2,40,8,2,4,valid
3743,1016053436,*CC1CC(COC(=O)c2ccc(C(=O)O*)cc2)CC(C(C)(C)C)C1,0.36365524,46,2,20,4,0,2,valid
2817,765055507,*CCCCCCCCCC(c1ccc(O)cc1)C(*)c1ccc(O)cc1C,0.37834566,40,2,24,2,0,0,valid
4736,1276975260,*CCN(CCOC(=O)c1ccc(C(=O)O*)c(OCCC)c1)c1ccc(-c2nc3ccc([N+](=O)[O-])cc3o2)cc1,0.35306861,75,2,28,8,3,3,valid
4917,1333183317,*Oc1ccc(C(C)=Nc2ccc(N=C(C)c3ccc(Oc4ccc(C(c5ccccc5)(c5ccccc5)c5ccc(*)cc5)cc4)cc3)cc2)cc1,0.38978483,87,2,47,2,2,2,valid
2319,633555318,*CCCCCCCCc1nc2cc(NC(=O)CCCCCCCCC(=O)Nc3ccc4oc(*)nc4c3)ccc2o1,0.35982282,60,2,32,4,4,2,valid
6247,1695838608,*O[Si](C)(C)c1cc(OCCO)c([Si](*)(C)C)cc1OCCO,0.37188313,43,2,14,5,0,0,valid
7110,1919768814,*Oc1ccc(C(c2ccc(OC(=O)Nc3ccc(Cc4ccc(NC(*)=O)cc4)cc3)cc2)(C(F)(F)F)C(F)(F)F)cc1,0.3538727,78,2,30,4,2,2,valid
5843,1584418791,*O[Si](C)(C)O[Si](C)(C)O[Si](C)(C)OC(C)CCCCC(*)C,0.42325418,48,2,14,4,0,0,valid
3844,1044196654,*C(F)(F)C1(*)OC(F)(F)C(F)(F)O1,0.3876684,30,2,4,2,0,0,valid
19,5118841,*C(=O)c1ccc(N(*)CCCCCCCC)cc1,0.40101187,28,2,15,1,1,1,valid
4169,1129166454,*CCCCCCCCCOC(=O)c1ccc2cc(C(=O)O*)ccc2c1,0.35582087,39,2,21,4,0,2,valid
7626,2059156449,*NC[C@@H](CC(O)(COCCO)C[C@@H](N)CN)N*,0.29619414,37,2,10,3,4,0,valid
0,87817,*CC(*)c1ccccc1C(=O)OCCCCCC,0.37464529,26,2,15,2,0,1,valid
4095,1106718991,*c1cccc(N2C(=O)c3ccc(Oc4ccc(C(=O)c5ccc(Oc6ccc7c(c6)C(=O)N(*)C7=O)cc5)cc4)cc3C2=O)c1,0.37305754,83,2,35,7,2,5,valid
6307,1707392895,*CCOP(=O)(N=Nc1ccc(CCOC(=O)c2cc(C(=O)OCCc3ccc(N=NP(=O)(O*)OC)cc3)cc(C(C)(C)C)c2)cc1)OC,0.36089138,86,2,32,10,4,6,valid
2465,671751803,*Sc1ccc(Sc2ccc(Sc3ccc4c(c3)C(=O)N(N3C(=O)c5ccc(*)cc5C3=O)C4=O)cc2)cc1,0.38648084,69,2,25,4,2,4,valid
1554,416985872,*O[Si](c1ccccc1)(c1ccccc1)c1ccc([Si](*)(c2ccccc2)c2ccccc2)cc1,0.41259945,61,2,30,1,0,0,valid
5925,1607934568,*CC(*)C(=O)OCC(F)(F)C(F)(F)OC(F)(F)C(F)(F)C(F)(F)C(F)(F)F,0.31780305,57,2,10,3,0,1,valid
7317,1975082239,*c1nc(-c2ccccc2)nc(N(c2ccccc2)c2ncnc(N(*)c3ccccc3)n2)n1,0.41510699,55,2,24,0,8,0,valid
4789,1295002110,*c1ccc2c(c1)C(=O)N(c1ccc(Sc3ccc(Sc4ccc(Sc5ccc(N6C(=O)c7ccc(C(*)(C(F)(F)F)C(F)(F)F)cc7C6=O)cc5)cc4)cc3)cc1)C2=O,0.38799659,110,2,40,4,2,4,valid
3194,867402833,*CC(*)C(=O)c1ccccc1,0.36539681,19,2,9,1,0,1,valid
4773,1290159505,*C(=O)Nc1cccc2c(NC(=O)c3ccc4c(c3)C(=O)N(c3ccc(Oc5cccc6c(N7C(=O)c8ccc(*)cc8C7=O)cccc56)cc3)C4=O)cccc12,0.36744912,101,2,44,7,4,6,valid
445,124111614,*c1ccc(Oc2ccc(-c3ccc4nc(Oc5cc(-c6ccccc6)c6cc(*)ccc6n5)cc(-c5ccccc5)c4c3)cc2)cc1,0.38805343,79,2,42,2,2,0,valid
7609,2054944349,*Oc1ccc(CC(NC(=O)CCc2ccc(OC(=O)CCCCCCC(*)=O)cc2)C(=O)OCCOCCOCC)cc1,0.34633358,66,2,32,9,1,4,valid
3520,962173929,*C(=O)c1ccc2c(c1)C(=O)N(c1ccc(C(C)(C)c3cccc(C(C)(C)c4ccc(N5C(=O)c6ccc(*)cc6C5=O)cc4)c3)cc1)C2=O,0.38044047,95,2,41,5,2,5,valid
208,60840755,*CC(*)c1ccc(OC(C)=O)c(OC)c1,0.349142,27,2,11,3,0,1,valid
6221,1686718921,*CCCCCCCCCCC(=O)Nc1ccc(Oc2ccc(Oc3ccc(NC(=O)CCCCCCCCCCN4C(=O)c5ccc(C(=O)c6ccc7c(c6)C(=O)N(*)C7=O)cc5C4=O)cc3)cc2)cc1,0.35369987,115,2,57,9,4,7,valid
6302,1706741208,*Nc1ccc2c(-c3ccc(C)cc3)c3ccccc3c(-c3ccc(C)cc3)c2c1N*,0.36448557,52,2,28,0,2,0,valid
2077,558675719,*c1ccc(Oc2ccc(-c3nc4cc(Oc5ccc(NC(=O)c6ccc7c(c6)C(=O)N(c6ccc(C(c8ccc(N9C(=O)c%10ccc(C(=O)Nc%11ccc(Oc%12ccc%13nc(-c%14ccc([N+](=O)[O-])cc%14)c(*)nc%13c%12)cc%11)cc%10C9=O)cc8)(C(F)(F)F)C(F)(F)F)cc6)C7=O)cc5)ccc4nc3-c3ccc([N+](=O)[O-])cc3)cc2)cc1,0.38115297,243,2,85,13,10,8,valid
5111,1387601413,*CCN(CCNC(=O)c1ccc2c(c1)C(=O)N(*)C2=O)c1ccc(C=Cc2ccc([N+](=O)[O-])cc2)cc1,0.34587663,73,2,27,5,4,5,valid
6502,1766205762,*Nc1cc(NC(=O)c2cc(OCCN(C)c3ccc([N+](=O)[O-])cc3)cc(C(*)=O)c2)cc(C(=O)OC)c1,0.33483978,74,2,25,7,4,4,valid
6485,1759526318,*CC(CCCCCCCCCC)C(CCCCCCCCCC)COC(=O)c1ccc(C(=O)O*)cc1,0.37919414,52,2,32,4,0,2,valid
920,255514575,*C(=O)Nc1cccc(C(=O)c2cccc(NC(=O)c3ccc4c(c3)C(=O)N(c3ccc(-c5sc(-c6ccc(N7C(=O)c8ccc(*)cc8C7=O)cc6)c(-c6ccccc6)c5-c5ccccc5)cc3)C4=O)c2)c1,0.39087447,134,2,59,7,4,7,valid
1808,485725497,*C(=O)c1ccc2c(c1)C(=O)N(c1ccc(C3(C)CC(C)(C)c4ccc(N5C(=O)c6ccc(*)cc6C5=O)cc43)cc1)C2=O,0.40280655,85,2,35,5,2,5,valid
6104,1654827899,*Nc1cc2ccc3cccc4ccc(c1N*)c2c34,0.33185759,30,2,16,0,2,0,valid
2065,555363148,*C(=O)c1ccc2c(c1)C(=O)N(c1cccc(Nc3nc(Nc4cccc(N5C(=O)c6ccc(*)cc6C5=O)c4)nc(N(C)C)n3)c1)C2=O,0.37799185,90,2,34,5,8,5,valid
2582,700771684,*c1ccc(Oc2ccc(Oc3ccc(Oc4ccc(-c5cnc6ccc(-c7ccc8ncc(*)nc8c7)cc6n5)cc4)cc3)cc2)cc1,0.38386656,79,2,40,3,4,0,valid
2750,749288648,*c1ccc(-c2ccc(-c3ccc(-c4cc(-c5ccccc5)c5cc(-c6ccc7nc(*)cc(-c8ccccc8)c7c6)ccc5n4)cc3)cc2)cc1,0.41180869,90,2,48,0,2,0,valid
6304,1706935597,*c1cc(Br)c(Oc2c(Br)cc(N3C(=O)c4ccc(S(=O)(=O)c5ccc6c(c5)C(=O)N(*)C6=O)cc4C3=O)cc2Br)c(Br)c1,0.4209618,90,2,28,7,2,6,valid
5307,1443684978,*c1ccc(-c2ccc(N3C(=O)c4ccc(Oc5ccc(Sc6ccc(Oc7ccc8c(c7)C(=O)N(*)C8=O)cc6)cc5)cc4C3=O)cc2)cc1,0.36479388,90,2,39,6,2,4,valid
7786,2099208394,*Oc1ccc(S(=O)(=O)c2ccc(Oc3ccc(NC(=O)c4ccc(Oc5ccc(C(C)(C)c6cccc(C(C)(C)c7ccc(Oc8ccc(C(=O)Nc9ccc(*)cc9)cc8)cc7)c6)cc5)cc4)cc3)cc2)cc1,0.36584283,131,2,62,8,2,4,valid
4864,1316887618,*CC(*)(C)C1=NC(C)(C)C(=O)O1,0.35497529,27,2,8,2,1,2,valid
6871,1863175243,*CCCNC(=O)C(OC)C(OC)C(=O)N*,0.31506853,27,2,9,4,2,2,valid
5521,1498770138,*CC(*)(C)C(=O)OCCOCCO,0.31660238,21,2,8,4,0,1,valid
5270,1431221596,*c1cccc(NC(=O)CCCCCCCCCCC(=O)Nc2cccc(S(*)(=O)=O)c2)c1,0.35368633,53,2,24,4,2,4,valid
2095,564783421,*c1cc(C(c2ccc(OCCN(c3ccccc3)c3ccc(C=CC4=CC(=C(C#N)C#N)CC(C)(C)C4)cc3)c(N3C(=O)c4ccc(Oc5ccc6c(c5)C(=O)N(*)C6=O)cc4C3=O)c2)(C(F)(F)F)C(F)(F)F)ccc1OCCN(c1ccccc1)c1ccc(C=CC2=CC(=C(C#N)C#N)CC(C)(C)C2)cc1,0.38518834,198,2,85,7,8,10,valid
673,188178084,*C(=O)c1ccc2c(c1)C(=O)N(c1ccc(Cc3ccc(Cc4cccc(N5C(=O)c6ccc(*)cc6C5=O)c4)cc3)cc1)C2=O,0.36659408,83,2,37,5,2,5,valid
6594,1792328384,*O[Si](C)(C)O[Si](C)(C)O[Si](*)(C)c1c(F)c(F)c(Cl)c(F)c1F,0.40365353,56,2,11,3,0,0,valid
7698,2074575987,*CCCCCN1C(=O)c2ccc(C(c3ccc4c(c3)C(=O)N(*)C4=O)(C(F)(F)F)C(F)(F)F)cc2C1=O,0.34397494,72,2,24,4,2,4,valid
5705,1548438831,*CCCCCCCCCCCCC(=O)O*,0.38106509,20,2,13,2,0,1,valid
617,171128702,*Oc1ccc(C(=O)OCCCCCCCOC(=O)c2ccc(OC(=O)c3ccc(C(*)=O)cc3)cc2)cc1,0.34460962,63,2,29,8,0,4,valid
1321,357282616,*c1ccc(Oc2ccc(Oc3ccc(N4C(=O)c5ccc(-c6ccc7c(c6)C(=O)N(*)C7=O)cc5C4=O)cc3)cc2)cc1,0.36712892,79,2,34,6,2,4,valid
1383,372375740,*C(=O)Nc1ccc(S(=O)(=O)c2ccc(NC(=O)c3ccc4c(c3)C(=O)N(c3cc(-c5nc6ccccc6s5)cc(N5C(=O)c6ccc(*)cc6C5=O)c3)C4=O)cc2)cc1,0.37167468,113,2,43,8,5,8,valid
992,270794936,*Nc1ccc(-c2ccc(N*)c3ccccc23)c2ccccc12,0.35345588,37,2,20,0,2,0,valid
1522,408163304,*Oc1ccc(-c2ccc(OC(=O)c3cc(CCCCC)cc(C(*)=O)c3)cc2)cc1,0.3626875,52,2,25,4,0,2,valid
4865,1318130357,*C=CC1CC(*)C2C(=O)N(c3ccc(Br)cc3)C(=O)C12,0.39805684,41,2,15,2,1,3,valid
1138,303795473,*CCCC(C)(C)CCCNC(=O)c1ccc(C(=O)N*)cc1,0.34132981,37,2,17,2,2,2,valid
789,222164121,*Nc1cc(NC(=O)c2cccc(C(*)=O)c2)cc(C(=O)OCCOC(=O)C=Cc2ccc(N(C)C)cc2)c1,0.34211001,68,2,28,6,3,5,valid
3053,828717601,*Nc1ccc(CCc2ccc(CCc3ccc(N*)cc3)cc2)cc1,0.34961202,38,2,22,0,2,0,valid
7761,2092067263,*Nc1ccc(C[C@@H](c2ccc(N*)cc2)[C@@H](C)c2ccc(N)cc2)cc1,0.35733643,53,2,22,0,3,0,valid
2114,571931187,*Oc1ccc(C(C)(CC)c2ccc(OC(=O)OC3C(C)(C)C(OC(*)=O)C3(C)C)cc2)cc1,0.3617297,62,2,26,6,0,2,valid
6260,1697824573,*Nc1cc([N+](=O)[O-])c(NC(=O)CCCCCCCCCCC(*)=O)cc1C=Cc1ccc(N(C)C)cc1,0.35455776,66,2,28,4,4,4,valid
3159,858663171,*CCC(=O)O*,0.3077545,10,2,3,2,0,1,valid
1665,447438744,*C1CCC(CC2CCC(N3C(=O)C4C5C=CC(C6C(=O)N(*)C(=O)C56)C4C3=O)C(C)C2)CC1C,0.38852364,68,2,27,4,2,5,valid
7624,2058912273,*c1cccc(C(=O)c2c(C)cc(C)c(N3C(=O)c4ccc(-c5ccc6c(c5)C(=O)N(*)C6=O)cc4C3=O)c2C)c1,0.3935505,79,2,32,5,2,5,valid
6223,1686952032,*Oc1ccc(NC(=C(C#N)C#N)c2ccc3cc(C(Nc4ccc(*)cc4)=C(C#N)C#N)ccc3c2)cc1,0.40578459,67,2,30,1,6,2,valid
4490,1209031692,*c1ccc2c(c1)C(=O)N(c1ccc(C(=O)Nc3ccc(Oc4ccc(NC(=O)c5ccc(N6C(=O)c7ccc(C(*)(C(F)(F)F)C(F)(F)F)cc7C6=O)cc5)cc4)cc3)cc1)C2=O,0.36250996,120,2,45,7,4,6,valid
975,266479070,*CCC[Sn](C)(C)CCCOC(=O)C(CCCCCCOc1ccc(-c2ccc(OCc3ccc([N+](=O)[O-])cc3)cc2)cc1)C(=O)O*,0.35896412,85,2,36,8,1,3,valid
6091,1652170327,*c1ccc(N[Se]Nc2ccc(S(*)(=O)=O)cc2)cc1,0.38429931,37,2,12,2,2,2,valid
1886,508336740,*CC(*)c1ccc(C(=O)CCCC)cc1,0.38199885,25,2,13,1,0,1,valid
2430,664683374,*Nc1ccc2cc3cc4cc5ccccc5cc4cc3cc2c1N*,0.34387937,36,2,22,0,2,0,valid
5371,1458806978,*Nc1c(CC)cc(C2(c3cc(CC)c(N*)c(C(C)C)c3)c3ccccc3-c3ccccc32)cc1C(C)C,0.40355199,66,2,35,0,2,0,valid
3981,1077976008,*CCc1ccc(CCNC(=O)CCCCCCCCCCCCCCCCC(=O)N*)cc1,0.36974923,44,2,28,2,2,2,valid
4982,1349530452,*Oc1ccc(CC(NC(=O)CCc2ccc(OC(=O)CCCCCCC(*)=O)cc2)C(=O)OC(C)C)cc1,0.34605005,63,2,29,7,1,4,valid
6429,1744666695,*Nc1cc(N*)c2cc3ccccc3cc2c1,0.34003705,26,2,14,0,2,0,valid
1710,461922685,*Oc1ccc(S(=O)(=O)c2ccc(Oc3c(C)cc(C(c4cc(C)c(*)c(C)c4)(C(F)(F)F)C(F)(F)F)cc3C)cc2C(OC)(C(F)(F)F)C(F)(F)F)c(C(OC)(C(F)(F)F)C(F)(F)F)c1,0.37962717,132,2,39,6,0,2,valid
7441,2010311547,*Oc1ccc(C(C)(C)c2ccc(OC(=O)c3ccc(C(=O)c4ccc(C(*)=O)cc4)cc3)cc2)cc1,0.36073846,66,2,30,5,0,3,valid
4731,1275707146,*Oc1ccc(Oc2ccc(Oc3ccc(Oc4ccc(OC(=O)c5cccc(C(*)=O)c5)cc4)cc3)cc2)cc1,0.35576866,67,2,32,7,0,2,valid
821,230210475,*Oc1ccc(C=C2CCC(=Cc3ccc(OC(=O)c4ccc(N=Cc5ccc(C=Nc6ccc(C(*)=O)cc6)cc5)cc4)c(OC)c3)C2=O)cc1OC,0.36413773,91,2,43,7,2,7,valid
5261,1428013665,*CCCCCCCCOC(=O)c1cccc(C(=O)O*)c1,0.35394853,32,2,16,4,0,2,valid
880,244304146,*Oc1ccc(C2(c3ccc(Oc4ccc(C(=O)c5cccc(C(=O)c6ccc(*)cc6)c5)cc4)c(C)c3)c3ccccc3-c3ccccc32)cc1C,0.3968899,90,2,47,4,0,2,valid
2960,804149832,*c1ccc(Oc2ccc(C(c3ccc(Oc4ccc(-c5ccc(*)s5)cc4C(F)(F)F)cc3)(C(F)(F)F)C(F)(F)F)cc2)c(C(F)(F)F)c1,0.40617944,93,2,33,2,0,0,valid
2211,599659861,*O[Si](C)(C)COC(=O)CCCCCCCCC(=O)Oc1ccc(S(=O)(=O)c2ccc(Oc3ccc(C=C4CCC(=Cc5ccc(Oc6ccc(S(=O)(=O)c7ccc(OC(=O)CCCCCCCCC(=O)OC[Si](*)(C)C)cc7)cc6)cc5)C4=O)cc3)cc2)cc1,0.3667682,160,2,69,16,0,11,valid
4280,1154163429,*Oc1ccc(N=Nc2c(C)cc(Cc3cc(C)c(N=Nc4ccc(OC(=O)c5ccc(C(*)=O)cc5)cc4)c(C)c3[N+](=O)[O-])c([N+](=O)[O-])c2C)cc1,0.36435194,107,2,37,8,6,6,valid
7427,2006513781,*Nc1ccc(C(c2ccc(N*)cc2)[C@@H](CCC)[C@H]2CC[C@H](/C=C/[C@H]3CC[C@H](C(C)C)CC3)CC2)cc1,0.37803401,84,2,34,0,2,1,valid
6863,1861224717,*CCCCCCOC(=O)OCCCCCCCCOC(=O)OCCCCCCOc1ccc(Oc2ccc(O*)cc2)cc1,0.35889601,59,2,34,9,0,2,valid
3766,1022768745,*CCCCCCCNC(=S)N*,0.37564095,16,2,8,0,2,1,valid
1266,341876947,*c1ccc(-c2ccc(N3C(=O)c4ccc(Oc5ccc6c(c5)C(=O)N(*)C6=O)cc4C3=O)cc2C(F)(F)F)c(C(F)(F)F)c1,0.39839006,86,2,30,5,2,4,valid
4129,1116077459,*Oc1c(-c2ccccc2)cc(*)cc1-c1ccc(C(C)(C)C)cc1,0.41314664,43,2,22,1,0,0,valid
6466,1754987570,*OCCCCCCCCCCCOc1ccc2nc(-c3ccc(OCCCCCCCCCCCOC(=O)c4cc(C(*)=O)cc(C(*)=O)c4)cc3)sc2c1,0.36316614,82,3,44,7,1,3,valid
7106,1919636162,*CCCCCCOc1ccc(OC(=O)c2ccc(C(=O)Oc3ccc(O*)cc3)cc2)cc1,0.34461787,52,2,26,6,0,2,valid
3387,926565511,*CC(*)(C)C(=O)OCCCCCCN(C)c1ccc(N(C)C)cc1,0.36989914,40,2,19,2,2,1,valid
2709,736908890,*OC(=O)OCCOCCOCCOCCOC(=O)OC1COC2C(*)COC12,0.32639137,41,2,16,11,0,2,valid
1351,366883952,*CCCCOCCCCOCCCCOC(=O)c1ccc(N=Cc2ccc(C=Nc3ccc(C(=O)O*)cc3)cc2)cc1,0.36331077,64,2,34,6,2,4,valid
2287,622744419,*C=Cc1cc(OCC(CC)CCCC)c(*)cc1OC,0.39086339,30,2,17,2,0,1,valid
220,63397318,*Oc1ccc(Oc2ccc(C(=O)c3ccc(*)cc3)cc2)cc1S(=O)(=O)O,0.36684049,49,2,19,6,0,3,valid
1739,469358545,*Nc1ccc(N*)c2c3ccc(cc3)c12,0.33588692,26,2,12,0,2,0,valid
7719,2080644160,*Nc1cc2c3ccc(-c4ccc(C(C)C)cc4)c(-c4ccc(C(C)C)cc4)c3c(N*)cc2c2ccccc12,0.37311633,68,2,36,0,2,0,valid
647,180355416,*Oc1ccc(C(C)(C)c2ccc(Oc3ccc(C(=O)c4ccc5cc(C(=O)c6ccc(*)cc6)ccc5c4)cc3)cc2)cc1,0.3816141,77,2,39,4,0,2,valid
2411,660253930,*c1ccc(-c2sc(-c3ccc(-c4cc(CCCC)c(*)s4)cc3)cc2CCCC)cc1,0.50077803,53,2,28,0,0,0,valid
1632,440187772,*c1ccc(Oc2ccc(C3(c4ccc(Oc5ccc(N6C(=O)c7ccc(Oc8ccc(C9(c%10ccc(Oc%11ccc%12c(c%11)C(=O)N(*)C%12=O)cc%10)CCC(C(C)(C)C)CC9)cc8)cc7C6=O)cc5)cc4)C4CC5CC(C4)CC3C5)cc2)cc1,0.38310066,162,2,72,8,2,4,valid
871,242927288,*CC(*)C(=O)OCCCCOC(=O)c1ccc(OC(=O)c2ccc(C#N)cc2)cc1,0.34363418,51,2,22,6,1,3,valid
2924,795727494,*c1cc(N=Nc2ccc(OC)cc2)cc(*)c1O,0.37316682,30,2,13,2,2,1,valid
2711,737356509,*c1ccc(N2C(=O)c3c(c(-c4ccccc4)c(-c4ccc(-c5c(-c6ccccc6)c6c(c(-c7ccccc7)c5-c5ccccc5)C(=O)N(*)C6=O)cc4)c(-c4ccccc4)c3-c3ccccc3)C2=O)cc1,0.42520451,132,2,64,4,2,4,valid
7898,2127124600,*c1ccc(Oc2ccc(S(=O)(=O)c3ccc(Oc4ccc(N5C(=O)C6CCC(C7CCC8C(=O)N(*)C(=O)C8C7)CC6C5=O)cc4)cc3)cc2)cc1,0.37305974,97,2,40,8,2,6,valid
2112,571029938,*CCCCCCCCCCCCC(c1ccc(O)cc1)C(*)c1ccc(O)cc1C,0.38002887,43,2,27,2,0,0,valid
147,44332410,*CC(*)CCCCCCC,0.40501273,13,2,9,0,0,0,valid
204,60015302,*CCCCOC(=O)OCC1CCC(COC(=O)O*)CC1,0.33756711,32,2,14,6,0,2,valid
4222,1142386049,*C=CC1CC(*)C2C(=O)N(c3ccc(Cl)cc3)C(=O)C12,0.38672628,41,2,15,2,1,3,valid
7101,1918242337,*C(=O)Nc1ccc(Oc2ccc(NC(=O)c3ccc4c(c3)C(=O)N(c3ccc(Oc5ccc(C6(c7ccc(Oc8ccc(N9C(=O)c%10ccc(*)cc%10C9=O)cc8)cc7)NC(=O)c7ccccc76)cc5)cc3)C4=O)cc2)cc1,0.36308192,144,2,62,10,5,7,valid
2076,558482820,*CCCCCCNC(=O)c1cc(NC(=O)C(C(C)CC)N2C(=O)c3ccccc3C2=O)cc(C(=O)N*)c1,0.33948967,66,2,28,5,4,5,valid
7600,2053050930,*CC(=O)OC(=O)COc1ccc(O*)cc1,0.31004011,27,2,10,5,0,2,valid
7918,2132630814,*c1ccc([Si](c2ccccc2)(c2ccccc2)c2ccc(-c3nnc(-c4cccc(-c5nnc(*)o5)n4)o3)cc2)cc1,0.49159892,77,2,33,2,5,0,valid
2917,793830629,*Oc1ccc(CC(NC(=O)Cc2ccc(OC(=O)CCCCCCC(*)=O)cc2)C(=O)OCCCCCCCC)cc1,0.35263439,65,2,33,7,1,4,valid
5124,1389502780,*Nc1ccc2cc3c(N*)cccc3cc2c1,0.3412073,26,2,14,0,2,0,valid
7925,2135749372,*CCCCCCCCCCCCNC(=O)c1ccc(C(=O)N*)cc1,0.35898892,36,2,20,2,2,2,valid
2994,814144401,*C/C=C\C[Si](*)(C)CCCOc1ccc2ccccc2c1,0.36773968,36,2,18,1,0,1,valid
5181,1404736558,*Oc1ccc(CC(NC(=O)Cc2ccc(OC(=O)CCCCCCCCC(*)=O)cc2)C(=O)OCC)cc1,0.34457254,61,2,29,7,1,4,valid
2359,642473337,*c1ccc2c(c1)C(=O)N(c1cccc(C(=O)Nc3ccc(NC(=O)c4cccc(N5C(=O)c6ccc(C(*)(C(F)(F)F)C(F)(F)F)cc6C5=O)c4)cc3)c1)C2=O,0.35936185,109,2,39,6,4,6,valid
738,206778782,*c1c(C)cc(C(c2cccc(C(F)(F)F)c2)c2cc(C)c(N3C(=O)c4ccc(-c5ccc6c(c5)C(=O)N(*)C6=O)cc4C3=O)c(C)c2)cc1C,0.42612429,98,2,40,4,2,4,valid
2167,587160342,*Oc1ccc(S(=O)(=O)c2ccc(Oc3cc(C)c(C(c4cc(C(C)C)c(*)cc4C)c4ccccc4C(=O)O)cc3C(C)C)cc2)cc1,0.39980521,86,2,40,6,0,3,valid
5856,1588395205,*c1ccc(Oc2ccccc2Oc2ccc(N3C(=O)c4ccc(-c5ccc6c(c5)C(=O)N(*)C6=O)cc4C3=O)cc2C(F)(F)F)c(C(F)(F)F)c1,0.3645119,95,2,36,6,2,4,valid
2944,800215811,*Oc1ccc(CC(NC(=O)CCc2ccc(OC(=O)COCC(*)=O)cc2)C(=O)OC)cc1,0.33150539,56,2,23,8,1,4,valid
2515,682727526,*C1C(=O)N(c2ccccc2C(=O)OCC)C(=O)C1*,0.37540296,35,2,13,4,1,3,valid
4133,1116545880,*CCN(*)C(=O)Cc1ccc(C(F)(F)F)cc1,0.34471923,31,2,11,1,1,1,valid
7535,2036937559,*Nc1ccc(-c2ccc(N*)cc2-c2ccc(C(C)(C)C)cc2)cc1,0.3670132,44,2,22,0,2,0,valid
2694,732613388,*Nc1cccc2c(NC(=O)Nc3cc(NC(*)=O)cc(C(=O)Nc4cccc5c4C(=O)c4ccccc4C5=O)c3)cccc12,0.33149666,76,2,33,5,5,5,valid
1656,445451403,*Nc1ccc(-c2ccccc2-c2ccc(N*)cc2)cc1,0.35240294,34,2,18,0,2,0,valid
6596,1792419504,*NC1CCC(N*)CC1,0.335675645,14,2,6,0,2,0,valid
385,106612314,*c1ccc(Oc2ccc(S(=O)(=O)c3ccc(Oc4ccc(-c5c6c(c(*)c7ccccc57)C(=O)N(c5ccc(Cl)cc5)C6=O)cc4)cc3)cc2)cc1,0.38149457,97,2,42,6,1,4,valid
3810,1034123279,*CC(*)(C)C(=O)OC12CC3CC(C)(CC(C)(C3)C1)C2,0.38728627,41,2,16,2,0,1,valid
6452,1751447126,*CCCCCCCCCCCOc1ccc(CCc2ccc(O*)cc2C)cc1,0.38003558,38,2,26,2,0,0,valid
7010,1894298006,*CCCCOC(=O)O*,0.33188575,13,2,5,3,0,1,valid
2857,778508668,*CCCCC(=O)Oc1ccc(-c2ccc(OC(=O)c3ccc4c(c3)C(=O)N(*)C4=O)cc2)cc1,0.33853108,62,2,26,6,1,4,valid
819,229766352,*c1ccc2c(c1)C(=O)N(c1ccc(N(C)CCN(C)c3ccc(N4C(=O)c5ccc(C(*)(C(F)(F)F)C(F)(F)F)cc5C4=O)cc3)cc1)C2=O,0.37991556,97,2,35,4,4,4,valid
6271,1700861962,*CC1CCC(COC(C)OC(=O)c2ccc(C(=O)OC(C)O*)cc2)CC1,0.36174353,46,2,20,6,0,2,valid
1113,297731512,*c1ccc(C(=O)Nc2ccc(Oc3ccc(S(=O)(=O)c4ccc(Oc5ccc(NC(=O)c6ccc(N7C(=O)c8ccc(-c9ccc%10c(c9)C(=O)N(*)C%10=O)cc8C7=O)cc6)cc5)cc4)cc3)cc2)cc1,0.35562062,134,2,54,10,4,8,valid
4538,1221138931,*CCCCCCCCCCCCCCNC(=O)CCCCCCCCCCCCCCCCC(=O)N*,0.38552553,44,2,32,2,2,2,valid
5518,1498407701,*CCCCCCc1nc2cc(NC(=O)CCCCCCCCC(=O)Nc3ccc4oc(*)nc4c3)ccc2o1,0.35561284,58,2,30,4,4,2,valid
2202,596712589,*c1ccc2c(c1)C(=O)N(c1ccc(S(=O)(=O)c3ccc(N4C(=O)c5ccc(C(F)(F)C(F)(F)C(*)(F)F)cc5C4=O)cc3)cc1)C2=O,0.363877,96,2,31,6,2,6,valid
3977,1076766601,*CC(*)OC(=O)c1ccc(OCC)cc1,0.35412177,25,2,11,3,0,1,valid
7669,2069332669,*Cc1ccccc1[Si](*)(C)c1ccccc1,0.38506793,28,2,14,0,0,0,valid
5951,1613930825,*Oc1ccc(C2(c3ccc(OC(=O)CCCC(*)=O)cc3)c3cc(N(C)C)ccc3-c3ccc([N+](=O)[O-])cc32)cc1,0.37150042,80,2,32,6,2,3,valid
7765,2092935211,*C(=O)c1ccc2c(c1)C(=O)N(c1ccc(-c3ccc(Oc4ccc(C5(C)CC(C)(C)c6ccc(Oc7ccc(-c8ccc(N9C(=O)c%10ccc(*)cc%10C9=O)cc8)cc7C(F)(F)F)cc65)cc4)c(C(F)(F)F)c3)cc1)C2=O,0.38328824,151,2,61,7,2,5,valid
4239,1145064910,*Nc1ccc(C2=CC[C@@H](c3ccc(N*)cc3)[C@@H]2c2ccc(C(C)(C)C)cc2)cc1,0.37225779,62,2,27,0,2,1,valid
7654,2066065208,*CC(O)COc1ccc(C(C)(C)c2ccc(OCC(O)COc3c(C)cc(C(C)(C)c4cc(C)c(O*)c(C)c4)cc3C)cc2)cc1,0.36071143,82,2,40,6,0,0,valid
4447,1199431647,*C(=O)Nc1ccc(Cc2ccc(NC(=O)c3ccc4c(c3)C(=O)N(c3ccc(Oc5ccc6ccc(Oc7ccc(N8C(=O)c9ccc(*)cc9C8=O)cc7)cc6c5)cc3)C4=O)cc2)cc1,0.35646665,117,2,53,8,4,6,valid
1489,400248641,*CC(*)c1ccc(C(=O)OCCN(CC)CC)cc1,0.36818478,31,2,15,2,1,1,valid
6921,1872457449,*Oc1cccc(NC(=O)c2cc(C(=O)Nc3ccc(*)cc3)cc(C(F)(F)C(F)(F)C(F)(F)C(F)(F)F)c2)c1,0.34349195,76,2,24,3,2,2,valid
7312,1974222133,*Oc1ccc(S(=O)(=O)c2ccc(Oc3c(C)cc(-c4cc(C)c(*)c(C)c4Br)c(Br)c3C)cc2)cc1,0.41770931,70,2,28,4,0,2,valid
741,207627808,*CN1C(=O)c2ccc(C(c3ccc4c(c3)C(=O)N(Cc3nc5cc(C(c6ccc7oc(*)nc7c6)(C(F)(F)F)C(F)(F)F)ccc5o3)C4=O)(C(F)(F)F)C(F)(F)F)cc2C1=O,0.36859748,120,2,38,6,4,4,valid
2055,553989373,*Oc1ccc(CC(NC(=O)Cc2ccc(OC(=O)COCCOCC(*)=O)cc2)C(=O)OCCCCCC)cc1,0.3424812,63,2,29,9,1,4,valid
1713,462814038,*CCOCC(=O)O*,0.31811694,12,2,4,3,0,1,valid
7477,2020857359,*C1C(*)C2CC1C(C(=O)OCC1CC3CCC1C3)C2C(=O)OCC1CC2CCC1C2,0.3915968,53,2,25,4,0,2,valid
550,152393943,*Nc1ccc(C(CCC)(c2ccc(N)cc2)c2ccc(N*)cc2)cc1,0.36407339,43,2,22,0,3,0,valid
4119,1113081697,*CCCCOc1ccc(CCc2ccc(O*)cc2C)cc1,0.36894603,31,2,19,2,0,0,valid
5820,1579365390,*c1ccc(Oc2ccc(C(=O)c3ccc(Oc4ccc(-c5c6c(c(*)c7ccccc57)C(=O)N(c5ccccc5)C6=O)cc4)cc3)cc2)cc1,0.38301295,89,2,43,5,1,3,valid
5587,1514514964,*C(=O)c1ccc(Oc2c(C)cc(-c3cc(C)c(Oc4ccc(C(=O)c5ccc6nc(*)ccc6c5)cc4)c(C)c3C)c(C)c2C)cc1,0.40570264,85,2,41,4,1,2,valid
2619,712113333,*C(=O)c1ccc2c(c1)C(=O)N(c1c(C(C)C)cc(Cc3cc(C(C)C)c(N4C(=O)c5ccc(*)cc5C4=O)c(C(C)C)c3)cc1C(C)C)C2=O,0.43503278,98,2,42,5,2,5,valid
7390,1998038943,*c1ccc(N2C(=O)CC(C3C=C(C)C4C(=O)N(*)C(=O)C4C3)C2=O)cc1,0.38067827,54,2,19,4,2,5,valid
7329,1978914025,*c1ccc2c(c1)C(=O)N(c1ccc(N3C(=O)c4ccc(-c5c(-c6ccccc6)c(-c6ccccc6)c(-c6ccc(Oc7ccc(-c8c(-c9ccccc9)c(-c9ccccc9)c(*)c(-c9ccccc9)c8-c8ccccc8)cc7)cc6)c(-c6ccccc6)c5-c5ccccc5)cc4C3=O)cc1)C2=O,0.40149442,184,2,94,5,2,4,valid
6747,1828977072,*C(=O)c1ccc(N(*)CCCCC)cc1,0.38487639,25,2,12,1,1,1,valid
1241,333365529,*Nc1ccc(-c2c3ccccc3c(-c3ccc(N*)c4ccccc34)c3ccccc23)c2ccccc12,0.37137106,60,2,34,0,2,0,valid
7514,2031096142,*Oc1ccc(Oc2ccc(OC(=O)c3cccc(Oc4ccc(Oc5cccc(C(*)=O)c5)cc4)c3)cc2)cc1,0.35436946,67,2,32,7,0,2,valid
7310,1973417069,*C=CC1CC(*)C2C(=O)N(c3ccc(F)cc3)C(=O)C12,0.37471023,40,2,15,2,1,3,valid
783,219873035,*O[Si](C)(C)O[Si](*)(C)CCCCOc1ccc(-c2ccc(C#N)cc2)cc1,0.38755299,52,2,20,3,1,0,valid
1466,393266857,*C(=O)c1ccc2c(c1)C(=O)N(c1ccc(C=Cc3ccc(N4C(=O)c5ccc(*)cc5C4=O)cc3)cc1)C2=O,0.37112637,74,2,31,5,2,6,valid
3617,982899341,*Nc1cc2ccc3ccc(N*)c4ccc(c1)c2c34,0.33737081,32,2,16,0,2,0,valid
5607,1519582452,*Nc1c(CC(C)(C)C)cc2ccccc2c1-c1c(N*)c(CC(C)(C)C)cc2ccccc12,0.39483113,57,2,30,0,2,0,valid
7734,2085027374,*Nc1ccc(-c2ccc3c(c2)C(CCCCCC)(CCCCCC)c2cc(-c4ccc(N*)cc4)ccc2-3)cc1,0.37055299,66,2,37,0,2,0,valid
1860,503770614,*CC(*)c1ccc(COc2ccc(-c3ccc(C#N)cc3)cc2)cc1,0.3628679,42,2,22,1,1,0,valid
4595,1239868812,*Oc1ccc(-c2ccc(OC(=O)c3ccc(-c4ccc(C(*)=O)cc4)cc3-c3ccccc3)cc2)cc1,0.35602332,65,2,32,4,0,2,valid
4188,1133390257,*c1ccc(Oc2ccc(-c3nc4cc(Oc5ccc(NC(=O)c6cc(C(=O)Nc7ccc(Oc8ccc9nc(-c%10ccccc%10)c(*)nc9c8)cc7)cc(N7C(=O)c8c(Cl)c(Cl)c(Cl)c(Cl)c8C7=O)c6)cc5)ccc4nc3-c3ccccc3)cc2)cc1,0.38426551,161,2,68,7,7,4,valid
4452,1200924510,*c1ccc(Oc2ccc(N3C(=O)c4ccc(Oc5ccc(Sc6ccc(Oc7ccc8c(c7)C(=O)N(*)C8=O)cc6)cc5)cc4C3=O)cc2)cc1,0.3674231,90,2,39,7,2,4,valid
2895,788080561,*Oc1ccc(C(C)(C)c2ccc(OC(=O)Nc3cccc(P(=O)(c4ccccc4)c4cccc(NC(*)=O)c4)c3)cc2)cc1,0.36021287,78,2,35,5,2,3,valid
6591,1791454945,*Oc1c(-c2ccccc2)cc(*)cc1-c1cccc2ccccc12,0.39947909,39,2,22,1,0,0,valid
6484,1759081904,*c1ccc(Oc2ccc(N3C(=O)C(C)C(SCCOCCSC4C(=O)N(c5ccc(Oc6ccc(N7C(=O)CC(C)(SCCOCCSC8(C)CC(=O)N(*)C8=O)C7=O)cc6)cc5)C(=O)C4C)C3=O)cc2)cc1,0.34413754,130,2,52,12,4,8,valid
75,19522327,*CC(*)OC(=O)c1cccc(Br)c1,0.37722551,24,2,9,2,0,1,valid
1984,535310373,*c1ccc(NC(=O)CCCCC(=O)Nc2ccc(S(*)(=O)=O)cc2)cc1,0.33651,47,2,18,4,2,4,valid
6328,1715294926,*c1ccc([Si](c2ccccc2)(c2ccccc2)c2ccc(-c3nnc(-c4cncc(-c5nnc(*)o5)c4)o3)cc2)cc1,0.44520609,77,2,33,2,5,0,valid
2571,698200988,*C(=O)Nc1cc(NC(=O)c2ccc3c(c2)C(=O)N(c2cccc(N4C(=O)c5ccc(*)cc5C4=O)c2)C3=O)cc(-c2nc3ccccc3[nH]2)c1,0.36147355,97,2,37,6,6,6,valid
5593,1515864887,*NC1CCC(CC2CCC(NC(=O)CCCCCCCCC(*)=O)CC2)CC1,0.36172537,43,2,23,2,2,2,valid
6942,1877921112,*CC(*)(CC(=O)OCCCCl)C(=O)OCCCCl,0.3535211,31,2,11,4,0,2,valid
4760,1286748689,*Oc1ccc(-c2ccc(-c3ccc(Oc4ccc(C(c5ccc(*)cc5)(C(F)(F)F)C(F)(F)F)cc4)c(C(F)(F)F)c3)cc2)cc1C(F)(F)F,0.37834788,95,2,35,2,0,0,valid
7630,2060308564,*CCCCCCN1C(=O)C(=O)N(c2ccc(Cc3ccc(N4C(=O)C(=O)N(*)C4=O)cc3)cc2)C1=O,0.33818344,67,2,25,6,4,6,valid
924,256392827,*c1ccc(Oc2ccc(-c3nc4cc(Oc5ccc(NC(=O)c6cc(C(=O)Nc7ccc(Oc8ccc9nc(-c%10ccc([N+](=O)[O-])cc%10)c(*)nc9c8)cc7)cc(N7C(=O)c8ccccc8C7=O)c6)cc5)ccc4nc3-c3ccc([N+](=O)[O-])cc3)cc2)cc1,0.37884475,173,2,68,11,9,6,valid
1399,375630257,*CC=CC(C)S(*)(=O)=O,0.38544075,19,2,5,2,0,3,valid
1926,517814653,*N=P(*)(OCCOCCOCC)OCCOCCOCC,0.36520289,27,2,12,6,1,1,valid
6655,1807156052,*CCC[Si](*)(C[Si](C)(C)c1ccccc1)C[Si](C)(C)c1ccccc1,0.37926161,51,2,21,0,0,0,valid
3242,884792716,*Nc1ccc(C(C)(C)c2ccccc2C(C)(C)c2ccc(N*)cc2)cc1,0.36215314,46,2,24,0,2,0,valid
3896,1056838688,*CC(*)OCCOc1ccc(N=Nc2ccc([N+](=O)[O-])cc2)cc1,0.36475321,45,2,16,4,3,2,valid
5812,1577413316,*Sc1ccc(Sc2ccc(Sc3ccc4c(c3)Sc3ccc(*)cc3S4)cc2)cc1,0.39801974,49,2,20,0,0,0,valid
2679,729133742,*Oc1ccc(CC(NC(=O)CCc2ccc(OC(*)=O)cc2)C(=O)OCC)cc1,0.34116188,49,2,21,6,1,3,valid
4692,1264073564,*Nc1ccc([C@@H](CC)c2cccc([C@H](CC)c3ccc(N*)cc3)c2)cc1,0.36105687,53,2,24,0,2,0,valid
7592,2049724174,*Nc1cc2ccc3cc(N*)c(-c4ccccc4N)c4ccc(c1-c1ccccc1N)c2c34,0.3574156,54,2,28,0,4,0,valid
2840,771639833,*CC(O)CN(C)S(=O)(=O)c1cccc(S(=O)(=O)N(C)CC(O)COc2ccc(-c3ccc(O*)cc3)cc2)c1,0.34065553,73,2,26,8,2,4,valid
6918,1871588823,*c1ccc(Oc2ccc(N3C(=O)c4ccc(Oc5ccc(C(c6ccc(Oc7ccc8c(c7)C(=O)N(*)C8=O)cc6)(C(F)(F)F)C(F)(F)F)cc5)cc4C3=O)cc2)cc1,0.37110373,110,2,43,7,2,4,valid
3078,836759737,*CC(C)(CO*)COCC(F)(F)C(F)(F)C(F)(F)F,0.35888622,36,2,9,2,0,0,valid
7088,1916680069,*c1ccc(C(c2ccc(N3C(=O)c4ccc(Oc5ccc6cc(Oc7ccc8c(c7)C(=O)N(*)C8=O)ccc6c5)cc4C3=O)cc2)(C(F)(F)F)C(F)(F)F)cc1,0.37815393,105,2,41,6,2,4,valid
6782,1839284190,*Oc1ccc(NC(=O)c2cccc(C(=O)Nc3ccc(OC4COC5C(*)COC45)cc3)c2)cc1,0.34004989,60,2,26,6,2,2,valid
7341,1981870695,*Nc1nc(=S)[nH]c(N*)c1N,0.30575132,22,2,4,0,5,1,valid
1303,352084468,*c1ccc(Cc2ccc(-c3nc(-c4cccc(-c5nnc(-c6ccccc6)c(*)n5)n4)nnc3-c3ccccc3)cc2)cc1,0.42632673,76,2,36,0,7,0,valid
447,124836094,*CC(=O)Nc1ccc(Oc2ccc(S(=O)(=O)c3ccc(Oc4ccc(NC(=O)CN5C(=O)c6ccc(C(c7ccc8c(c7)C(=O)N(*)C8=O)(C(F)(F)F)C(F)(F)F)cc6C5=O)cc4)cc3)cc2)cc1,0.34942241,132,2,47,10,4,8,valid
7334,1979934753,*c1nnc(-c2ccc(Oc3ccc(C=Cc4ccc(Oc5ccc(*)c6ccccc56)cc4)c4ccccc34)c3ccccc23)o1,0.38836559,75,2,40,3,2,1,valid
5331,1448731732,*Nc1cccc(-c2c3ccccc3cc3ccccc23)c1N*,0.34840678,35,2,20,0,2,0,valid
888,247440971,*NCc1cccc(-c2cccc(C/C=C(/c3ccccc3)c3cc4c(cc3N*)C(C)(C)c3ccccc3-4)c2)c1,0.36399382,70,2,37,0,2,1,valid
6827,1851478305,*Nc1ccc(NC(=O)c2ccc(NC(=O)c3cc(NC(=O)C45CC6CC(CC(C6)C4)C5)cc(C(*)=O)c3)cc2)cc1,0.35065916,78,2,32,4,4,4,valid
5305,1442807010,*CC(*)(F)C(=O)OCC(F)(F)F,0.31655801,24,2,5,2,0,1,valid
1599,431067883,*CC1CCC(CNC(=O)CCCCCCCCCCC(=O)N*)CC1,0.35779902,36,2,20,2,2,2,valid
1905,512380282,*CC(*)(C)C(=O)OC1CCCC(C)C1,0.38017657,26,2,11,2,0,1,valid
6832,1852502200,*CCN(CCN1C(=O)c2ccc(C(c3ccc4c(c3)C(=O)N(*)C4=O)(C(F)(F)F)C(F)(F)F)cc2C1=O)c1ccc(N=Nc2ccc([N+](=O)[O-])cc2)cc1,0.36663762,109,2,35,6,6,6,valid
5783,1570146193,*Nc1nc(N*)n(N)c(=O)n1,0.30702692,21,2,3,1,6,1,valid
3544,968666725,*c1cc(C(=O)OCCCCCC)cc(N2C(=O)CC(C3Cc4ccccc4C4C(=O)N(*)C(=O)C43)C2=O)c1,0.35771333,70,2,29,6,2,5,valid
4276,1153616490,*Nc1ccc(C(=O)Oc2ccc(OC(=O)c3ccc(N*)cc3)c3c2[C@H]2c4ccccc4[C@@H]3c3ccccc32)cc1,0.36285875,77,2,34,4,2,2,valid
3839,1042275963,*C=CC(C)C(*)C(=O)OCCCCCCN(C)c1ccc(N(C)C)cc1,0.38084203,43,2,21,2,2,2,valid
2514,682392464,*CC(OCC(C)C)C(C)(C(=O)OC)C(*)(C)C(=O)OC,0.36938061,39,2,14,5,0,2,valid
1116,298248052,*c1cccc(Oc2cccc(Oc3cccc(N4C(=O)c5c(c(-c6ccccc6)c(-c6ccc(Oc7ccc(Oc8ccc(-c9c(-c%10ccccc%10)c%10c(c(-c%11ccccc%11)c9-c9ccccc9)C(=O)N(*)C%10=O)cc8)cc7)cc6)c(-c6ccccc6)c5-c5ccccc5)C4=O)c3)c2)c1,0.38817266,188,2,88,8,2,4,valid
2637,717936443,*Oc1ccccc1C(=O)OC(=O)c1ccccc1OC(=O)c1cccc(C(*)=O)c1,0.33111951,51,2,22,7,0,4,valid
4270,1152453728,*Oc1ccc(NC(=O)c2ccc(Oc3ccc(C(C)(C)c4ccc(C(C)(C)c5ccc(Oc6ccc(C(=O)Nc7ccc(*)cc7)cc6)cc5)cc4)cc3)cc2)cc1,0.36801205,101,2,50,5,2,2,valid
1488,400083990,*CCN(*)C(=O)CC,0.34536777,14,2,5,1,1,1,valid
6318,1711492844,*CC(*)(C)c1ccc2ccccc2c1,0.37911502,23,2,13,0,0,0,valid
5228,1418628819,*CC(CO*)(CSC)CSC,0.41704128,16,2,7,1,0,0,valid
5921,1607403554,*CCCCCOC(=O)c1ccc(-c2ccc(-c3ccc(C(=O)O*)cc3)cc2)cc1,0.34308602,51,2,25,4,0,2,valid
4171,1129473304,*CCOC(=O)NCCCCCCCCCNC(=O)O*,0.34415845,27,2,13,4,2,2,valid
91,24351648,*Nc1ccc(C2(c3ccc(N*)cc3)C=CCCC2)cc1,0.34884686,35,2,18,0,2,1,valid
2245,608604797,*Nc1ccc([C@H]2CCC[C@H](c3ccc(N*)cc3)C2)cc1,0.35086316,42,2,18,0,2,0,valid
5012,1359436093,*Nc1ccc(-c2ccc(C)cc2)c(-c2ccc(C)cc2)c1N*,0.36465263,40,2,20,0,2,0,valid
6228,1687937320,*Oc1cccc(S(=O)(=O)c2ccc(*)cc2)c1,0.36277988,32,2,12,3,0,2,valid
5326,1447629123,*Oc1ccc(Oc2ccc(OC(*)=O)cc2)cc1,0.34396355,30,2,13,4,0,1,valid
7735,2085033079,*C(=O)Oc1ccc(-c2ccc(OC(=O)c3ccc4c(c3)C(=O)N(c3ccc(-c5ccc(N6C(=O)c7ccc(*)cc7C6=O)cc5C)c(C)c3)C4=O)cc2C)c(C)c1,0.37394713,108,2,46,8,2,6,valid
5062,1372478864,*Oc1ccc(-c2ccc(OC(=O)c3ccc(-c4ccc(C(*)=O)cc4C(F)(F)F)c(C(F)(F)F)c3)cc2C(=O)OCCCCCCCCCCCOc2ccc(-c3ccc(C#N)cc3)cc2)c(C(=O)OCCCCCCCCCCCOc2ccc(-c3ccc(C#N)cc3)cc2)c1,0.36028801,160,2,78,10,2,4,valid
3279,896500717,*Oc1ccc(CC(NC(=O)CCc2ccc(OC(=O)CCC(*)=O)cc2)C(=O)OCCOCCOCC)cc1,0.33599709,62,2,28,9,1,4,valid
475,132133665,*OC(COC(=O)C1CCC(C(*)=O)CC1)COc1ccc(N=Nc2ccc(C#N)cc2)cc1,0.36227874,56,2,24,5,3,3,valid
6893,1866518598,*Oc1ccc(CC(NC(=O)CCc2ccc(OC(*)=O)cc2)C(=O)OCCCC)cc1,0.34652373,51,2,23,6,1,3,valid
2175,590232504,*CC(*)(CC(=O)Oc1ccc(OCCCCC)cc1)C(=O)Oc1ccc(OCCCCC)cc1,0.36823532,53,2,27,6,0,2,valid
7220,1950339356,*CCCOC(=O)CCC(=O)O*,0.31978583,19,2,7,4,0,2,valid
1759,473547925,*Oc1ccc(NC(=O)C=CC(=O)NNC(=O)C=CC(=O)Nc2ccc(OC(=O)C=CC(=O)NNC(=O)C=CC(*)=O)cc2)cc1,0.3061006,82,2,28,10,6,12,valid
4422,1190710133,*Nc1ccc(-c2ccc3cc4ccc(-c5ccc(N*)cc5)cc4cc3c2)cc1,0.34703567,48,2,26,0,2,0,valid
5634,1528273395,*c1ccc(Oc2ccc(Oc3ccc(N4C(=O)c5ccc(Oc6ccc7c(c6)C(=O)N(*)C7=O)cc5C4=O)cc3C(F)(F)F)cc2)cc1,0.37524227,87,2,35,7,2,4,valid
1798,483503968,*c1cccc(Oc2cccc(Oc3cccc(N4C(=O)c5c(c(-c6ccccc6)c(-c6ccc(-c7c(-c8ccccc8)c8c(c(-c9ccccc9)c7-c7ccccc7)C(=O)N(*)C8=O)cc6)c(-c6ccccc6)c5-c5ccccc5)C4=O)c3)c2)c1,0.38403855,154,2,76,6,2,4,valid
7968,2146592435,*Oc1cc(CCCCCCCC)cc(OC(=O)c2cccc(C(*)=O)c2)c1,0.36749796,44,2,22,4,0,2,valid
4083,1104150399,*c1ccc2c(c1)C(CCCCCC)(CCCCCC)c1cc(-c3ccc4c(c3)c3cc(*)ccc3n4-c3ccc(OC)cc3)ccc1-2,0.38956004,79,2,44,1,1,0,valid
3106,842167683,*c1ccc(Oc2ccc(C3(c4ccc(Oc5ccc(N6C(=O)c7ccc(Oc8ccc(C9(c%10ccc(Oc%11ccc%12c(c%11)C(=O)N(*)C%12=O)cc%10)CCC(c%10ccccc%10)CC9)cc8)cc7C6=O)cc5)cc4)CC4CCC3C4)cc2)cc1,0.38120517,159,2,71,8,2,4,valid
945,259439423,*Nc1ccccc1-c1c(N*)cccc1-c1ccccc1-c1ccccc1-c1ccccc1,0.3650485,50,2,30,0,2,0,valid
558,153783159,*CC(*)c1ccc(C(=O)OCCN(C)C)cc1,0.37142885,29,2,13,2,1,1,valid
4857,1314700598,*CCCCCCNC(=O)CCP(C)(=O)CCC(=O)N*,0.33988654,32,2,13,3,2,3,valid
159,48308812,*CCCCCCNC(=O)C(=O)N*,0.3220757,20,2,8,2,2,2,valid
6571,1787334599,*CCOC(=O)CCCCC(=O)OCCOC(=O)c1ccc(C(=O)O*)cc1,0.32710546,44,2,18,8,0,4,valid
1575,425753328,*CC(*)CNc1ccc([N+](=O)[O-])cc1C,0.38329483,31,2,10,2,2,1,valid
4150,1122802098,*Cc1ccc(CNC(=O)CCCCCCCCCCCCCC(=O)N*)cc1,0.36199531,39,2,23,2,2,2,valid
6191,1678410522,*c1ccc(Oc2cccc(Oc3ccc(N4C(=O)c5ccc(Oc6ccc7c(c6)C(=O)N(*)C7=O)cc5C4=O)cc3)c2)cc1,0.36119682,79,2,34,7,2,4,valid
7815,2104808505,*NC1CC(C)(C)CC(C)(CNC(=O)CCCCC(*)=O)C1,0.3442808,38,2,16,2,2,2,valid
4296,1157422620,*C=Cc1ccc(OC(=O)c2ccc(C(=O)Oc3cccc4ccc(*)nc34)cc2)cc1,0.35224005,53,2,25,4,1,3,valid
1297,351343100,*Oc1ccc(C2(c3ccc(OC(=O)CCCCC(*)=O)cc3)c3cc(N(C)C)ccc3-c3ccc([N+](=O)[O-])cc32)cc1,0.37034086,81,2,33,6,2,3,valid
2555,691986630,*c1ccc(Oc2ccc(N3C(=O)c4ccc(Oc5cccc6c5C(=O)N(*)C6=O)cc4C3=O)cc2)cc1,0.36858029,66,2,28,6,2,4,valid
2052,553487456,*Nc1ccc(Cc2cc(Cc3ccc(N)c(C(C)(C)C)c3)cc(C(C)(C)C)c2N*)cc1C(C)(C)C,0.38558649,65,2,32,0,3,0,valid
4445,1197310078,*CCCCCCCCCCOc1ccc(N(c2ccccc2)c2ccc(-c3ccc(N(c4ccccc4)c4ccc(O*)cc4)cc3)cc2)cc1,0.38946721,77,2,46,2,2,0,valid
5968,1618992612,*CCCCC(=O)Oc1ccc(OC(=O)c2ccc3c(c2)C(=O)N(*)C3=O)cc1,0.33028108,51,2,20,6,1,4,valid
514,142490647,*C(=O)c1ccc2c(c1)C(=O)N(c1ccc(Cc3ccc(Cc4ccc(Cc5ccc(N6C(=O)c7ccc(*)cc7C6=O)cc5)cc4)cc3)cc1)C2=O,0.3726534,94,2,44,5,2,5,valid
7278,1965906081,*O[Si](*)(C)CCCOc1ccc(N=Nc2ccc(S(=O)(=O)O)cc2)cc1,0.3616266,49,2,16,5,2,3,valid
1077,291719291,*c1ccc(C=Cc2cc(OCC(CC)CCCC)c(C=Cc3ccc(N(*)c4ccccc4)cc3)cc2OC)cc1,0.39827635,64,2,37,2,1,2,valid
4178,1131219961,*Oc1ccc(C(=O)NNC(=O)c2ccc(C(=O)NNC(=O)c3ccc(OC(=O)c4cccc(C(*)=O)c4)cc3)cc2)cc1,0.33957071,78,2,30,8,4,6,valid
1533,410915024,*Nc1ccc(C2(c3ccc(N*)cc3)C3=CC[C@@H](C)C=C3c3ccccc32)cc1,0.37733962,55,2,26,0,2,2,valid
6341,1718537835,*C(=O)C1=C(*)C2C=CC1C2,0.35458952,22,2,8,1,0,3,valid
1839,496740168,*c1ccc(-c2ccc(N3C(=O)c4ccc(-c5cccc6c5C(=O)N(*)C6=O)cc4C3=O)cc2C(F)(F)F)c(C(F)(F)F)c1,0.39934746,84,2,30,4,2,4,valid
2534,688609690,*c1ccc(Cc2ccc(N3C(=O)c4ccc(Oc5ccc(C6(c7ccc(Oc8ccc9c(c8)C(=O)N(*)C9=O)cc7)CCCCCCCCCCC6)cc5)cc4C3=O)cc2)cc1,0.38469309,105,2,53,6,2,4,valid
715,200513526,*CC#CC#CCOC(=O)c1ccc(C(=O)O*)cc1,0.37145321,32,2,14,4,0,2,valid
7700,2075349566,*c1ccc2c(c1)C(=O)N(c1ccc(Oc3ccc(Oc4ccc(N5C(=O)c6ccc(C(*)(C(F)(F)F)C(F)(F)F)cc6C5=O)cc4)cc3)cc1)C2=O,0.37826811,99,2,37,6,2,4,valid
4323,1163052769,*Oc1ccc(Oc2ccc(C(=O)c3ccc(*)cc3)cc2)cc1-c1cccc(C(F)(F)F)c1,0.38193114,58,2,26,3,0,1,valid
6379,1727988738,*c1ccc(-c2nc3cc(-c4ccc5oc(*)nc5c4)ccc3o2)cc1,0.43315781,44,2,20,2,2,0,valid
7821,2105808752,*Nc1ccc(/C=C/[C@H]2[C@@H]3C[C@H]4C[C@@H](C3)C[C@@H]2C4)cc1N*,0.35587947,60,2,18,0,2,1,valid
1222,327962548,*N=P(*)(OCC(F)(F)F)OCC(F)(F)F,0.35273936,29,2,4,2,1,1,valid
178,53311142,*CCOC(=O)CC(C)O*,0.33475958,16,2,6,3,0,1,valid
2598,705738216,*c1cccc(Oc2cccc(Oc3cccc(N4C(=O)c5c(c(-c6ccccc6)c(-c6ccc(Oc7ccc(-c8c(-c9ccccc9)c9c(c(-c%10ccccc%10)c8-c8ccccc8)C(=O)N(*)C9=O)cc7)cc6)c(-c6ccccc6)c5-c5ccccc5)C4=O)c3)c2)c1,0.39052632,169,2,82,7,2,4,valid
7393,1999110043,*CC(*)(C#N)C(=O)OCC(C)C,0.37373522,23,2,8,2,1,1,valid
1245,334571792,*CCN(CCN1C(=O)c2ccc(C(c3ccc4c(c3)C(=O)N(*)C4=O)(C(F)(F)F)C(F)(F)F)cc2C1=O)c1ccc(N=Nc2ccc(C#N)cc2)cc1,0.36816596,100,2,36,4,6,5,valid
3319,908638014,*CCCCCCCc1nc2ccc(-c3ccc4nc(*)oc4c3)cc2o1,0.37087012,40,2,21,2,2,0,valid
6730,1824932578,*Nc1ccc(C(C)(CCc2ccccc2)c2ccc(N*)cc2)cc1,0.35015139,40,2,22,0,2,0,valid
1054,287463310,*CC(*)C1=NC(C)(C)C(=O)O1,0.35364772,24,2,7,2,1,2,valid
3286,899188513,*CC(COc1ccc(-c2ccc(C#N)cc2)cc1)O*,0.3561426,33,2,16,2,1,0,valid
5093,1382532575,*Nc1ccc(C2=CC[C@](N*)(c3ccccc3)C=C2)cc1,0.343948335,39,2,18,0,2,2,valid
7304,1972024406,*CC(COC(=O)O*)OCCCCCCOc1ccc(C=Cc2ccc([N+](=O)[O-])cc2)cc1,0.3517257,57,2,24,7,1,3,valid
3672,994657756,*CC(CC)S*,0.42316146,9,2,4,0,0,0,valid
7231,1953033868,*Nc1c(C)c2cccc3c4cccc5cccc(c(c1N*)c23)c54,0.34334157,41,2,21,0,2,0,valid
6410,1738112244,*CC(C)(C)S*,0.40403042,11,2,4,0,0,0,valid
7039,1902063591,*C(=O)OCCCCOC(=O)c1ccc(NC(=O)c2ccc(N3C(=O)c4ccc(*)cc4C3=O)cc2)cc1,0.34037941,65,2,27,7,2,5,valid
7632,2061931988,*Nc1cccc(-c2ccc(N*)c(-c3ccccc3)c2-c2ccccc2)c1-c1ccccc1,0.36810011,54,2,30,0,2,0,valid
7658,2066955666,*c1ccc(Oc2ccc(N3C(=O)c4ccc(Oc5c(C)cc(Cc6cc(C)c(Oc7ccc8c(c7)C(=O)N(*)C8=O)c(C)c6)cc5C)cc4C3=O)cc2)cc1,0.38651077,100,2,45,7,2,4,valid
1947,523674609,*Nc1cc(NC(=O)c2ccc(C(*)=O)cc2)cc(-c2nnc(-c3ccccn3)o2)c1,0.37590991,55,2,21,3,5,2,valid
7492,2024926859,*Nc1ccc(C2(c3ccc(N*)cc3)Cc3ccc(cc3)C2)cc1,0.34766302,41,2,21,0,2,0,valid
7928,2136556254,*Oc1ccc(C(c2ccccc2)(c2ccccc2)c2ccc(OC(=O)c3cccc(C(*)=O)c3)cc2)cc1,0.37842734,65,2,33,4,0,2,valid
5360,1455221251,*Oc1ccc(CC(NC(=O)CCc2ccc(OC(=O)CCCC(*)=O)cc2)C(=O)OCC(C)C)cc1,0.34198543,61,2,27,7,1,4,valid
4324,1163216608,*Nc1cc(NC(=O)c2ccc(C(*)=O)cc2)cc(C(=O)Oc2ccccc2)c1,0.34066113,50,2,21,4,2,3,valid
7253,1958858448,*C=CC1CC(*)C([Si](C)(C)C)C1,0.41756193,27,2,10,0,0,1,valid
7686,2072866385,*CCCCCCNC(=O)CCCCCCCCCCCCCCCCC(=O)N*,0.37538316,36,2,24,2,2,2,valid
1125,300941372,*CC(=O)Nc1ccc(Oc2ccc(Oc3ccc(NC(=O)c4ccc5c(c4)C(=O)N(*)C5=O)cc3)cc2)cc1,0.34047754,70,2,29,6,3,4,valid
2086,561427423,*CC(*)c1ccccc1C(=O)OC(C)C,0.36610214,25,2,12,2,0,1,valid
657,182963487,*Oc1ccc(-c2ccc(Oc3ccc(C(=O)c4cccc5cccc(C(=O)c6ccc(*)cc6)c45)cc3)cc2)cc1,0.37806189,71,2,36,4,0,2,valid
7602,2053139068,*CCC1C(=O)N(CCCCCC)C(=O)C1*,0.35708568,27,2,12,2,1,2,valid
5502,1492808796,*Nc1ccc2c3ccc(cc3)c2c1N*,0.33320503,24,2,12,0,2,0,valid
7248,1958192948,*c1ccc2c(c1)C(=O)N(c1ccc(-c3cc(-c4ccc(OCCCC#N)cc4)cc(-c4ccc(N5C(=O)c6ccc(C(*)(C(F)(F)F)C(F)(F)F)cc6C5=O)cc4)n3)cc1)C2=O,0.39133561,119,2,46,5,4,4,valid
7924,2135550018,*C(=O)Nc1ccc(Oc2ccccc2-c2ccccc2Oc2ccc(NC(=O)c3ccc4c(c3)C(=O)N(c3ccc(Oc5ccc(Oc6ccc(N7C(=O)c8ccc(*)cc8C7=O)cc6)cc5)cc3)C4=O)cc2)cc1,0.3631707,129,2,60,10,4,6,valid
7551,2039689406,*CC(*)(C)c1nc(N(CCOCCOCCOC)CCOCCOCCOC)nc(N(CCOCCOCCOC)c2ccccc2)n1,0.35963207,65,2,33,9,5,0,valid
6320,1712077769,*c1cc(C(C)C)c(Oc2ccc(S(=O)(=O)c3ccc(Oc4cc(C)c(C5(*)OC(=O)c6ccccc65)cc4C(C)C)cc3)cc2)cc1C,0.40334247,88,2,40,6,0,3,valid
4019,1086813009,*Oc1ccc(SC(=O)Sc2ccc(*)cc2)cc1,0.3635142,30,2,12,2,0,1,valid
1595,429914397,*CCN(*)C(=O)C12CC3CC(CC(C3)C1)C2,0.37217616,32,2,13,1,1,1,valid
303,86043004,*c1ccc2c(c1)Sc1cc(-c3ccc(-c4ccc(*)s4)s3)ccc1N2CCCCCC,0.48499786,52,2,25,0,1,0,valid
4009,1084974257,*Nc1c(CCCCC)cc2c(ccc3c4ccccc4ccc23)c1N*,0.34568189,39,2,23,0,2,0,valid
4943,1337772240,*c1ccc(OC(=O)c2cccc(C(=O)Oc3ccc(C4(*)C(=O)Nc5c(Cl)cc(Cl)cc54)cc3)c2)cc1,0.3679968,71,2,28,5,1,3,valid
7266,1962833245,*c1ccc(NC2CC(=O)N(c3ccc(Cc4ccc(N5C(=O)CC(Nc6ccc(-c7nc(-c8ccc(N=Nc9ccc([N+](=O)[O-])cc9)cc8)[nH]c7*)cc6)C5=O)cc4)cc3)C2=O)cc1,0.37673487,124,2,48,6,9,6,valid
5597,1516275191,*Nc1cc([N+](=O)[O-])c(NC(=O)CCCCCCC(*)=O)cc1C=Cc1ccc(N(C)C)cc1,0.34625185,62,2,24,4,4,4,valid
4361,1175337954,*C(=O)N1C(=O)N(C(=O)c2ccc3c(c2)C(=O)N(c2ccc(Oc4ccc(N5C(=O)c6ccc(*)cc6C5=O)cc4)cc2)C3=O)C(C)(C)C1=O,0.37117268,98,2,35,9,4,8,valid
6600,1793643312,*CCOC(=O)CCC(=O)OCCOC(=O)c1ccc(C(=O)O*)cc1,0.32181742,42,2,16,8,0,4,valid
2716,738887961,*C1C(*)C2CC1C(COCc1ccccc1)C2COCc1ccccc1,0.35376741,39,2,23,2,0,0,valid
5739,1558867907,*CCCCCCOC(=O)OCCCCCCN1C(=O)c2ccc(C(=O)c3ccc4c(c3)C(=O)N(*)C4=O)cc2C1=O,0.3458372,70,2,30,8,2,6,valid
4191,1133515947,*Nc1cccc(NC(=O)Nc2ccc(Cc3ccc(NC(*)=O)cc3)cc2)c1,0.34788989,47,2,21,2,4,2,valid
282,80922127,*Nc1ccc(C2(c3ccc(N*)cc3)[C@H]3C[C@@H](C)C[C@@H]2C[C@@H](C)C3)cc1,0.37552155,64,2,23,0,2,0,valid
1831,494602606,*CCCCCCCNC(=O)CCCCC(=O)N*,0.3410138,25,2,13,2,2,2,valid
7755,2090987332,*C(F)(F)C1(*)OC(F)(F)C(F)(C(F)(F)F)O1,0.35247357,37,2,5,2,0,0,valid
5359,1455134437,*C(=O)Nc1ccc(NC(=O)c2ccc3c(c2)C(=O)N(c2cccc(P(=O)(c4ccccc4)c4cccc(N5C(=O)c6ccc(*)cc6C5=O)c4)c2)C3=O)cc1,0.3614848,103,2,42,7,4,7,valid
1042,286143083,*Nc1cc(-c2c(C)cccc2C)cc(-c2c(C)cccc2C)c1N*,0.36856174,42,2,22,0,2,0,valid
5011,1359130105,*c1cccc(N2C(=O)c3cccc(Oc4ccc(Oc5ccc(Oc6cccc7c6C(=O)N(*)C7=O)cc5)cc4)c3C2=O)c1,0.36431938,77,2,34,7,2,4,valid
751,210909359,*CCOCCOP(=O)(N=Nc1ccc(C(=O)c2ccc(N=NP(=O)(O*)OC)cc2)cc1)OC,0.35159394,58,2,19,8,4,5,valid
4069,1100237859,*CC(C)(COC(=O)O*)C(=O)OCc1ccccc1,0.34012243,32,2,13,5,0,2,valid
2182,591253647,*c1cccc(-c2cc(C(=O)Nc3ccc(OC(=O)c4cc(OCCCCCCCCCCCC)c(OCCCCCCCCCCCC)c(OCCCCCCCCCCCC)c4)cc3)cc(-c3cccc(N4C(=O)CC(C5C=C(C)C6C(=O)N(*)C(=O)C6C5)C4=O)c3)c2)c1,0.36971595,153,2,81,10,3,7,valid
5527,1500837944,*c1ccc(Oc2cc(C(C)(C)C)c(Oc3ccc(N4C(=O)c5ccc(S(=O)(=O)c6ccc7c(c6)C(=O)N(*)C7=O)cc5C4=O)cc3)cc2C(C)(C)C)cc1,0.40608449,105,2,42,8,2,6,valid
4468,1204067122,*Sc1ccc(C(=O)c2ccc(C(c3ccc(C(=O)c4ccc(*)cc4)cc3)(C(F)(F)F)C(F)(F)F)cc2)cc1,0.38438273,74,2,28,2,0,2,valid
3049,827590818,*c1ccc(Cc2ccc(N3C(=O)c4ccc(Oc5ccc(C(C)(C)c6ccc(Oc7ccc8c(c7)C(=O)N(*)C8=O)cc6)cc5)cc4C3=O)cc2)cc1,0.37388099,96,2,44,6,2,4,valid
2928,796832411,*c1ccc(Oc2ccc(N3C(=O)c4c(c(-c5ccccc5)c(-c5ccc(-c6c(-c7ccccc7)c7c(c(-c8ccccc8)c6-c6ccccc6)C(=O)N(*)C7=O)cc5)c(-c5ccccc5)c4-c4ccccc4)C3=O)cc2)cc1,0.4068871,143,2,70,5,2,4,valid
2043,551339545,*CCCCCCCOc1ccc(CCc2ccc(O*)cc2C)cc1,0.37531301,34,2,22,2,0,0,valid
3405,932596908,*c1ccc(Oc2ccc(C(C)(C)c3ccc(Oc4ccc(-c5nnc(*)n5-c5ccc(S(=O)(=O)c6ccccc6)cc5)cc4)cc3)cc2)cc1,0.37755482,89,2,41,4,3,2,valid
2610,709065178,*NC1=c2ccc3ccc(N*)c4ccc(c2c34)CC1,0.33334422,33,2,16,0,2,1,valid
7599,2052739724,*CC(*)(C)C(=O)OCCn1c2ccccc2c2cc(N=Nc3ccc([N+](=O)[O-])cc3)ccc21,0.36133223,63,2,23,4,3,3,valid
4168,1128762246,*Nc1cccc(-c2cc(-c3ccccc3)c(-c3ccccc3)c(-c3ccccc3)c2-c2ccccc2)c1N*,0.36487251,65,2,36,0,2,0,valid
772,216288111,*C(=O)Nc1cccc(Oc2cccc(Oc3cccc(NC(=O)c4ccc5c(c4)C(=O)N(c4cccc(Oc6cccc(Oc7cccc(N8C(=O)c9ccc(*)cc9C8=O)c7)c6C#N)c4)C5=O)c3)c2C#N)c1,0.35823538,128,2,56,10,6,6,valid
686,190689808,*CC(*)c1ccccc1COC(C)C,0.38497632,21,2,12,1,0,0,valid
3619,982959217,*c1ccc(Oc2ccc(Oc3ccc(N4C(=O)C(c5ccccc5)=C(c5ccc(C6=C(c7ccccc7)C(=O)N(*)C6=O)cc5)C4=O)cc3)cc2)cc1,0.37787317,96,2,44,6,2,6,valid
2569,698037323,*CC(*)OC(=O)C(C)(CC)C(C)(C)C,0.37558012,28,2,11,2,0,1,valid
7644,2064196181,*Cc1ccc(C(C)(C)c2ccc(CN3C(=O)c4ccc(Oc5ccc6c(c5)C(=O)N(*)C6=O)cc4C3=O)o2)o1,0.35498107,74,2,29,7,2,4,valid
6045,1639677802,*C([2H])([2H])C(*)(C(=O)OC([2H])([2H])[2H])C([2H])([2H])[2H],0.33761653,60,2,5,2,0,1,valid
2169,588836303,*C(=O)c1ccc2c(c1)C(=O)N(c1cccc(Nc3nc(Nc4cccc(N5C(=O)c6ccc(*)cc6C5=O)c4)nc(-c4ccccc4)n3)c1)C2=O,0.37465693,94,2,38,5,7,5,valid
7659,2067168064,*COC(=O)c1ccc(C(C#N)=C(c2ccc(OC)cc2)N2CCCC(*)C2)cc1,0.37236843,51,2,23,3,2,2,valid
297,84000426,*c1ccc(C(c2ccc(-c3nc4ccc(-c5ccc6nc(*)[nH]c6c5)cc4[nH]3)cc2)(C(F)(F)F)C(F)(F)F)cc1,0.42292902,81,2,29,0,4,0,valid
3302,904517028,*O[Si](C)(C)c1ccc([Si](C)(C)Oc2c(C)cc(-c3cc(C)c(*)c(C)c3)cc2C)cc1,0.39864657,65,2,26,2,0,0,valid
3189,866677131,*O[Si](*)(C)CCCCCCCCCCCOc1ccc(/C=C/c2ccc(OC)cc2)cc1,0.37913945,51,2,27,3,0,1,valid
3772,1024068572,*CC(*)c1ccc(C(=O)CCCCCCC)cc1,0.39176934,28,2,16,1,0,1,valid
3986,1079079241,*Oc1ccc(OC(=O)c2ccc(C(*)=O)cc2)cc1C1CCCCC1,0.37641146,42,2,20,4,0,2,valid
2587,702351726,*CC(*)(C)C(=O)OCCN(CCCC)c1ccc(N=Nc2ccc(S(=O)(=O)Nc3cc(C)on3)cc2)cc1,0.37056907,67,2,26,5,5,4,valid
541,150541495,*C=C(*)c1cccc(N2C(=O)c3ccc(C(=O)c4ccc5c(c4)C(=O)N(c4cccc(Oc6cccc(Oc7cccc(N8C(=O)c9ccc(C(=O)c%10ccc%11c(c%10)C(=O)N(c%10cccc(C(*)=C)c%10)C%11=O)cc9C8=O)c7)c6)c4)C5=O)cc3C2=O)c1,0.36553114,175,3,68,12,4,12,valid
2503,680389374,*C(=O)c1ccc2c(c1)C(=O)N(c1cccc(OP(=O)(Oc3cccc(N4C(=O)c5ccc(*)cc5C4=O)c3)c3ccccc3)c1)C2=O,0.36051533,88,2,35,8,2,6,valid
4900,1328538029,*N=P(*)(OC)OC,0.33810683,13,2,2,2,1,1,valid
2888,785463469,*CCCCCCCCc1nc2cc(-c3ccc4[nH]c(*)nc4c3)ccc2[nH]1,0.37040662,47,2,22,0,4,0,valid
7,1022104,*C(=O)Nc1ccc(Oc2ccc(Oc3ccc(NC(=O)c4ccc5c(c4)C(=O)N(c4ccc(Oc6ccc(C7(c8ccc(Oc9ccc(N%10C(=O)c%11ccc(*)cc%11C%10=O)cc9)cc8)CC8CC7C7CCCC87)cc6)cc4)C5=O)cc3)c(C(C)(C)C)c2)cc1,0.37754464,168,2,74,10,4,6,valid
4131,1116382939,*C(CCCCCC)=C(*)c1ccccc1,0.41697419,23,2,14,0,0,1,valid
6745,1828961126,*Oc1ccc(S(=O)(=O)c2ccc(Oc3ccc(C=C4CCCC(=Cc5ccc(Oc6ccc(S(=O)(=O)c7ccc(Oc8ccc(C(C)(C)c9ccc(*)cc9)cc8)cc7)cc6)cc5)C4=O)cc3)cc2)cc1,0.37671926,127,2,59,9,0,7,valid
2745,748222139,*CCCCCCNC(=O)CCC1(CCC(=O)N*)c2ccccc2-c2ccccc21,0.34859909,46,2,25,2,2,2,valid
2079,559219019,*CC(OCC(C)C)C(C(=O)OC)C(*)C(=O)OC,0.36220084,33,2,12,5,0,2,valid
2576,699462327,*Oc1ccc(Oc2c(F)c(F)c(-c3c(F)c(F)c(*)c(F)c3F)c(F)c2F)cc1S(=O)(=O)O,0.36032726,65,2,18,5,0,2,valid
1154,310395295,*c1ccc(Oc2ccc(C(=O)c3ccc(Oc4ccc(-c5nc(-c6ccc(-c7nc(*)c(-c8ccccc8)[nH]7)cc6)[nH]c5-c5ccccc5)cc4)cc3)cc2)cc1,0.40672617,106,2,49,3,4,1,valid
5365,1455763004,*CC(*)C(=O)c1ccc(C)c(C)c1,0.3826776,25,2,11,1,0,1,valid
1218,326740697,*CC(*)(C)C(=O)OCc1cc(F)ccc1F,0.34376939,28,2,11,2,0,1,valid
2270,617569770,*Oc1ccc(C=Nc2ccc(N=Cc3ccc(Oc4ccc(C(c5ccccc5)(c5ccccc5)c5ccc(*)cc5)cc4)cc3)cc2)cc1,0.39135122,81,2,45,2,2,2,valid
4481,1206416017,*CC(*)C(=O)NC(C)(C)C,0.37998182,20,2,7,1,1,1,valid
5639,1529298649,*C=CC1CC(*)C(C#N)([Si](C)(C)O[Si](C)(C)C)C1,0.43871287,43,2,13,1,1,1,valid
4364,1176059607,*CC(=O)Nc1ccc(Oc2ccc(NC(=O)c3ccc4c(c3)C(=O)N(*)C4=O)cc2)cc1,0.33775225,59,2,23,5,3,4,valid
7964,2145754904,*c1ccc(OCCOCCOc2cccc(N3C(=O)c4ccc(Oc5ccc6c(c5)C(=O)N(*)C6=O)cc4C3=O)c2)cc1,0.34463858,74,2,32,8,2,4,valid
3445,943356153,*OC(=O)C(C)NC(=O)CCCCCCCC(=O)NC(C)C(=O)OC1COC2C(*)COC12,0.33413155,55,2,21,8,2,4,valid
882,244803582,*Oc1cc2ccccc2cc1OC(=O)c1ccc(Oc2ccc(C(*)=O)cc2)cc1,0.35353153,49,2,24,5,0,2,valid
7742,2087962619,*Oc1ccc(C(C)(C)c2cccc(C(C)(C)c3ccc(Oc4ccc(C(=O)Nc5ccc(Cc6ccc(NC(=O)c7ccc(*)cc7)cc6)cc5)cc4)cc3)c2)cc1,0.36716736,101,2,51,4,2,2,valid
2005,541086746,*NC1=C(N)[C@@H](N*)N[C@H](O)N1,0.28340014,30,2,4,1,5,1,valid
3154,857493941,*C=C(*)CCCOc1ccc(OC(=O)c2ccc(OC)cc2)cc1,0.33826779,39,2,19,4,0,2,valid
1247,334995050,*Nc1cccc(-c2cc(N*)ccc2-c2ccccc2-c2ccccc2-c2ccccc2)c1,0.35857012,52,2,30,0,2,0,valid
5473,1483538338,*Nc1cccc(/C(=C(/c2ccccc2)c2cccc(N*)c2)c2ccccc2)c1,0.37179153,49,2,26,0,2,1,valid
6780,1838224579,*CCCC(O)CN(CCCC)c1ccc(C#Cc2ccc(S(*)(=O)=O)cc2)cc1,0.38948294,49,2,23,3,1,2,valid
6457,1752812344,*C(=O)c1cc(C(=O)c2ccc3c(c2)C(=O)N(c2cccc(N4C(=O)c5ccc(*)cc5C4=O)c2)C3=O)cc(-c2ccccc2)c1,0.36476789,87,2,36,6,2,6,valid
2946,800838483,*CC(O)COc1ccc(C(C)(C)c2ccc(OCC(O)COc3cccc(O*)c3)cc2)cc1,0.34411231,55,2,27,6,0,0,valid
7834,2111187299,*C(=Cc1ccc(C=C(c2ccccc2)c2ccc(-c3ccc(*)cc3)cc2)cc1)c1ccccc1,0.39715192,59,2,34,0,0,2,valid
2592,704321363,*c1ccc(-c2ccc(-c3cnc4cc(-c5ccc6nc(*)cnc6c5)ccc4n3)cc2)cc1,0.40589633,57,2,28,0,4,0,valid
1979,533889632,*NC1=C(C2=C(N*)NS(=O)(=O)N=C2N)C(N)=NS(=O)(=O)N1,0.31382982,48,2,6,4,8,8,valid
682,190124790,*CCN(*)C(=O)c1ccc2ccccc2c1,0.35477943,26,2,13,1,1,1,valid
386,106732867,*C(=O)Nc1ccc(Oc2ccc(C(c3ccc(Oc4ccc(NC(=O)c5ccc6c(c5)C(=O)N(c5ccc(Oc7ccc(C8(c9ccc(Oc%10ccc(N%11C(=O)c%12ccc(*)cc%12C%11=O)cc%10)cc9)CC9CC8C8CCCC98)cc7)cc5)C6=O)cc4)cc3)(C(F)(F)F)C(F)(F)F)cc2)cc1,0.37100735,193,2,79,10,4,6,valid
6211,1684744857,*Nc1ccc(N*)cc1,0.32369134,14,2,6,0,2,0,valid
4234,1144294791,*c1ccc2c(c1)C(=O)N(c1cccc(C(F)(F)C(F)(F)C(F)(F)C(F)(F)C(F)(F)c3cccc(N4C(=O)c5ccc(C(F)(F)C(F)(F)C(F)(F)C(F)(F)C(F)(F)C(F)(F)C(*)(F)F)cc5C4=O)c3)c1)C2=O,0.34340133,150,2,40,4,2,4,valid
3635,986628745,*Oc1ccc(CC(NC(=O)CCc2ccc(OC(=O)CCCCCCCCC(*)=O)cc2)C(=O)OCC)cc1,0.35082054,62,2,30,7,1,4,valid
107,29928066,*CC(*)(C)C(=O)OCCn1c2ccccc2c2ccccc21,0.35181885,36,2,17,2,0,1,valid
7589,2049646481,*NNC(=O)c1cc(NC(=O)c2ccc3c(c2)C(=O)N(c2ccc(C)cn2)C3=O)cc(C(=O)NNC(=O)CC(*)=O)c1,0.33031505,79,2,26,7,7,7,valid
1766,476061574,*CC(*)(CC(=O)OCCCC)C(=O)OCCCC,0.37326705,29,2,13,4,0,2,valid
4052,1094849192,*Oc1ccc(C(c2ccc(Oc3ccc(C(=O)c4c(C(=O)c5ccc(*)cc5)c(-c5ccc(F)cc5)c(-c5ccc(F)cc5)c(-c5ccc(F)cc5)c4-c4ccc(F)cc4)cc3)cc2)(C(F)(F)F)C(F)(F)F)cc1,0.40384519,139,2,59,4,0,2,valid
4120,1113417814,*CC(CCCCCCOc1ccc(N=Nc2ccc(Cl)cc2)cc1)COC(=O)CCCCC(=O)O*,0.36250896,55,2,27,5,2,3,valid
6337,1718086689,*c1ccc(C(=O)Nc2ccc(-c3ccccc3NC(=O)c3ccc(S(*)(=O)=O)cc3)cc2)cc1,0.35178104,62,2,26,4,2,4,valid
1741,469522235,*Nc1cccc(-c2cc(-c3cccc(N)c3)cc(-c3cccc(N*)c3)c2)c1,0.34659743,50,2,24,0,3,0,valid
6997,1891270134,*C(=O)Nc1ccc(C(c2ccc(NC(=O)c3ccc4c(c3)C(=O)N(c3c(C)cc(C)c(N5C(=O)c6ccc(*)cc6C5=O)c3C)C4=O)cc2)(C(F)(F)F)C(F)(F)F)cc1,0.37180888,116,2,42,6,4,6,valid
4144,1121663416,*Oc1ccc(N=Cc2ccc(Oc3ccc(C(C)(C)c4ccc(Oc5ccc(C=Nc6ccc(Oc7ccc(-c8ccc(*)cc8)cc7)cc6)cc5)cc4)cc3)cc2)cc1,0.37355301,100,2,53,4,2,2,valid
2378,646682941,*C(=O)c1ccc2c(c1)C(=O)N(c1cccc(C(=O)c3ccc(C(=O)c4cccc(N5C(=O)c6ccc(*)cc6C5=O)c4)cc3)c1)C2=O,0.36114859,91,2,37,7,2,7,valid
641,179732838,*Oc1ccc(NC(=O)C=CC(=O)NNC(=O)C=CC(=O)Nc2ccc(OC(=O)c3ccccc3C(=O)NNC(=O)c3ccccc3C(*)=O)cc2)cc1,0.32132816,92,2,36,10,6,10,valid
7238,1955776885,*Nc1ccc(-c2cccc3c2[C@@H](c2ccc(N*)cc2)c2ccccc2-3)cc1,0.357501605,52,2,25,0,2,0,valid
6602,1794681107,*C1C(*)C2CC1C(C(=O)OCc1ccccc1)C2C(=O)OCc1ccccc1,0.34460081,47,2,23,4,0,2,valid
3460,948546936,*C(=O)Oc1ccc(C(C)(C)c2ccc(OC(=O)c3ccc4c(c3)C(=O)N(c3ccc(-c5ccc(N6C(=O)c7ccc(*)cc7C6=O)cc5C)c(C)c3)C4=O)cc2)cc1,0.36840705,110,2,47,8,2,6,valid
6433,1745103437,*c1ccc(Sc2ccc(-c3nc4ccc(-c5ccc6nc(*)c(-c7ccccc7)nc6c5)cc4nc3-c3ccccc3)cc2)cc1,0.43253891,77,2,39,0,4,0,valid
5752,1561539918,*Oc1ccc(OC(=O)c2cc(OCCCCCCCCCCCC)c(C(*)=O)cc2OCCCCCCCCCCCC)cc1C,0.38901226,63,2,39,6,0,2,valid
6934,1876711098,*Oc1ccc(Oc2ccc(Oc3ccc(C(=O)c4ccc(*)cc4)cc3)cc2)cc1,0.37206623,50,2,25,4,0,1,valid
5300,1441154602,*Nc1ccc2ccc3ccc(N*)c4ccc1c2c34,0.33563497,30,2,16,0,2,0,valid
415,113985401,*Nc1ccc(Sc2ccc(N*)cc2)cc1,0.34614089,25,2,11,0,2,0,valid
2213,599869327,*CC(c1ccccc1)C1C(=O)N(c2ccccc2)C(=O)C1*,0.37701942,39,2,18,2,1,2,valid
5609,1520266361,*c1ccc(-c2nc(-c3cccc(-c4nnc(-c5ccccc5)c(*)n4)n3)nnc2-c2ccccc2)cc1,0.44423251,65,2,29,0,7,0,valid
6869,1862323787,*CCCCCCCCOC(=O)c1ccc(C(=O)O*)cc1,0.35607597,32,2,16,4,0,2,valid
4145,1121754299,*Nc1cc(-c2ccccc2)c(-c2ccccc2N*)cc1-c1ccccc1,0.35590858,43,2,24,0,2,0,valid
4125,1115041145,*Oc1ccc(S(=O)(=O)c2ccc(Oc3ccc(C(C)(C)c4ccc(*)c(C)c4)cc3C)cc2)cc1,0.3875115,64,2,29,4,0,2,valid
2672,727715310,*C(=O)c1cc(C(=O)c2ccc3c(c2)C(=O)N(c2ccc(Oc4ccc(S(=O)(=O)c5ccc(Oc6ccc(N7C(=O)c8ccc(*)cc8C7=O)cc6)cc5)cc4)cc2)C3=O)cc(-c2ccccc2)c1,0.366746,128,2,54,10,2,8,valid
6959,1882780589,*CCN(*)C(=O)CCCC,0.36217869,16,2,7,1,1,1,valid
7174,1937333990,*Nc1c(CCC)c2cccc3c4cccc5cccc(c(c1N*)c23)c54,0.35047005,43,2,23,0,2,0,valid
4219,1141363047,*c1ccc(C(=O)OCCCCCCCCCCOc2ccc(C=CC(=O)C=Cc3ccc(OCCCCCCCCCCOC(=O)c4ccc(-c5nnc(*)o5)cc4)cc3)cc2)cc1,0.36732562,97,2,53,8,2,5,valid
4869,1319010024,*CC(*)c1cccc(NC(C)=O)c1,0.3447239,23,2,10,1,1,1,valid
5464,1482021173,*CC(C)C(=O)N*,0.32319229,13,2,4,1,1,1,valid
5500,1491246883,*Oc1ccc(OC(=O)c2ccc(C(*)=O)cc2Oc2ccc(F)cc2)cc1,0.34953736,46,2,20,5,0,2,valid
1334,360823125,*CC(*)(C)C(=O)OCc1ccc(Cl)cc1Cl,0.3570137,30,2,11,2,0,1,valid
5155,1396448482,*Nc1ccc(CCc2cc3ccc2CCc2ccc(c(CCc4ccc(N*)cc4)c2)CC3)cc1,0.35371722,54,2,32,0,2,0,valid
1625,438056577,*CCOC(=O)C1CCC(C(=O)OCCOc2ccc(C(C)(C)c3ccc(O*)cc3)cc2)CC1,0.34686046,57,2,27,6,0,2,valid
7133,1927081299,*CCCCCCCCCCSSS*,0.44700214,15,2,10,0,0,0,valid
6998,1891991846,*C(=O)Nc1ccc(NC(=O)c2ccc3c(c2)C(=O)N(c2ccc(-c4sc(-c5ccc(N6C(=O)c7ccc(*)cc7C6=O)cc5)c(-c5ccccc5)c4-c4ccccc4)cc2)C3=O)cc1,0.39311004,119,2,52,6,4,6,valid
5200,1411169396,*Oc1cc(CCCCCCCCCCCCC)cc(OC(=O)c2cccc(C(*)=O)c2)c1,0.37339649,49,2,27,4,0,2,valid
985,269136469,*Nc1cccc2cc3cccc(N*)c3c(N)c12,0.33466725,29,2,14,0,3,0,valid
2600,705855235,*Oc1ccc(NC(=O)c2cc(C(=O)Nc3ccc(*)cc3)cc(C(C)(C)C)c2)cc1,0.36167594,55,2,24,3,2,2,valid
2984,811299446,*NC1CCCC(N*)C1,0.33385202,14,2,6,0,2,0,valid
6894,1866896884,*CC(*)(CC(=O)OCCOCCOCCOC)C(=O)OCCOCCOCCOC,0.33995573,41,2,19,10,0,2,valid
946,259788945,*CCC1C(=O)N(CCCC)C(=O)C1*,0.3477642,25,2,10,2,1,2,valid
651,181297795,*Oc1ccc(NC(=O)c2ccc(Oc3ccc(C(C)(C)c4cccc(C(C)(C)c5ccc(Oc6ccc(C(=O)Nc7ccc(*)cc7)cc6)cc5)c4)cc3)cc2)cc1,0.36487066,101,2,50,5,2,2,valid
233,67701587,*Oc1ccc(C(CC)(c2ccccc2)c2ccc(OC(=O)CCCCCCCCC(*)=O)cc2)cc1,0.36176424,57,2,31,4,0,2,valid
1883,507545745,*C=C1CCCC(=Cc2ccc(-c3cc(OCCCCCC)c(-c4ccc(*)cc4)cc3OCCCCCC)cc2)C1=O,0.3857122,66,2,38,3,0,3,valid
2296,624903152,*C(=O)Nc1ccc(Oc2cccc(NC(=O)c3ccc4c(c3)C(=O)N(c3ccc(-c5sc(-c6ccc(N7C(=O)c8ccc(*)cc8C7=O)cc6)c(-c6ccccc6)c5-c5ccccc5)cc3)C4=O)c2)cc1,0.3840852,130,2,58,7,4,6,valid
3678,996538100,*Oc1ccc(C(c2ccccc2)c2ccc(OC(*)=O)cc2C)c(C)c1,0.37510529,44,2,22,3,0,1,valid
4884,1322812178,*c1ccc(Oc2ccc(-c3ccc(Oc4ccc(N5C(=O)c6ccc(Oc7ccc8ccc(Oc9ccc%10c(c9)C(=O)N(*)C%10=O)cc8c7)cc6C5=O)cc4)cc3)cc2)cc1,0.36611158,111,2,50,8,2,4,valid
1022,280819340,*Nc1ccc(C(c2ccccc2)(c2ccccc2)c2ccc(C(c3ccccc3)(c3ccccc3)c3ccc(N*)cc3)cc2)cc1,0.39075711,76,2,44,0,2,0,valid
707,197924325,*CC(*)(C)C(=O)OC1CCCC1,0.36428861,22,2,9,2,0,1,valid
7015,1895073862,*NN(N*)c1nc2nc(N)n(N)c2c(=O)n1N,0.33967082,31,2,5,1,10,1,valid
6192,1678521620,*CC(O*)c1ccco1,0.36350816,14,2,6,2,0,0,valid
2252,611038154,*OC1C(CO)OC(*)C(NC(C)=O)C1O,0.3018663,27,2,8,5,1,1,valid
186,55400154,*c1ccc(Cc2ccc(N3C(=O)c4ccc(Oc5ccc6c(c5)C(=O)N(*)C6=O)cc4C3=O)c(C(C)(C)C)c2)cc1C(C)(C)C,0.40159385,86,2,37,5,2,4,valid
7000,1892438799,*c1c(C)cc(-c2cc(C)c(N3C(=O)c4ccc(Oc5cc6ccccc6cc5Oc5ccc6c(c5)C(=O)N(*)C6=O)cc4C3=O)c(C)c2)cc1C,0.38934069,93,2,42,6,2,4,valid
7144,1930036664,*Nc1ccc(C2=C(c3ccccc3)[C@@H](c3ccccc3)C(N)(N*)C=C2)cc1,0.36629417,54,2,24,0,3,2,valid
6178,1675845282,*CC(*)C(=O)NC(C)C,0.36205539,17,2,6,1,1,1,valid
986,269301575,*Nc1cccc(CCc2ccc(NC(=O)c3cccc(C(*)=O)c3)cc2)c1,0.3513212,46,2,22,2,2,2,valid
1636,440694575,*OC1CCC(OC(*)=O)CC1,0.34419974,19,2,7,3,0,1,valid
6703,1816536666,*c1ccc(Oc2ccc(C(=O)c3ccc(Oc4ccc(C5(*)NC(=O)c6ccccc65)cc4)cc3)cc2)cc1,0.37763456,68,2,33,4,1,2,valid
4938,1337289078,*Oc1ccc(S(=O)(=O)c2ccc(-c3ccc(*)cc3)cc2)cc1,0.37072306,43,2,18,3,0,2,valid
5031,1365820335,*C1OCCCC1C1C(=O)OC(=O)C1*,0.31521835,25,2,9,4,0,2,valid
3230,880710416,*C(=O)Nc1cccc(NC(=O)c2ccc3c(c2)C(=O)N(c2ccc(Oc4ccc(C5(c6ccc(Oc7ccc(N8C(=O)c9ccc(*)cc9C8=O)cc7)cc6)NC(=O)c6ccccc65)cc4)cc2)C3=O)c1,0.36419448,129,2,56,9,5,7,valid
2129,575975970,*CC(OC(C)=O)C(C(=O)OCCCC)C(*)C(=O)OCCCC,0.36399896,39,2,16,6,0,3,valid
3001,815588093,*CCCCCCNC(=O)c1ccc(C(=O)N*)cc1,0.3376709,30,2,14,2,2,2,valid
3823,1037247055,*Nc1ccc2ccccc2c1/N=N/c1ccc(-c2ccc(/N=N/c3c(N*)ccc4ccccc34)c(C)c2)cc1C,0.35713398,69,2,34,0,6,2,valid
7309,1973279343,*CCCCCCCCCOC(=O)c1ccc(-c2ccc(C(=O)O*)cc2)cc1,0.35672203,44,2,23,4,0,2,valid
5237,1421653372,*OP(=O)(Oc1ccc(C)cc1)Oc1c(C)cc(S(=O)(=O)c2cc(C)c(*)c(C)c2)cc1C,0.36875805,62,2,23,6,0,3,valid
3764,1021483975,*c1ccc(Oc2ccc(C(=O)c3ccc(-c4ccc(C(=O)c5ccc(Oc6ccc(-c7nc(-c8cccc(-c9nc(*)c(-c%10ccccc%10)[nH]9)c8)[nH]c7-c7ccccc7)cc6)cc5)cc4)cc3)cc2)cc1,0.39957908,136,2,62,4,4,2,valid
6508,1769343674,*Nc1ccc2c(c1)C(c1ccccc1)(c1ccccc1)c1cc(N*)ccc1-2,0.37169398,48,2,25,0,2,0,valid
7847,2112814629,*CC(CO*)C(C)(C)C,0.37336489,16,2,7,1,0,0,valid
7854,2114154599,*O[Si](C)(C)c1cccc([Si](*)(C)C)c1,0.42523073,33,2,10,1,0,0,valid
2384,648145091,*c1ccc(Oc2cccc(Oc3ccc(N4C(=O)c5ccc(Oc6ccc(Oc7ccc(Oc8ccc9c(c8)C(=O)N(*)C9=O)cc7)cc6)cc5C4=O)cc3)c2)cc1,0.35833955,101,2,46,9,2,4,valid
2283,622020530,*C1C2CC(CCCCCCCCC(=O)OCC)C(C2)C1*,0.36983985,33,2,18,2,0,1,valid
608,169292990,*CC(*)(C)C(=O)OCCCCCCCCCCOc1ccc(N=Nc2ccc(Cl)cc2)cc1,0.37292398,51,2,26,3,2,2,valid
1659,445846164,*Oc1ccc(C2(c3ccc(OC(=O)c4ccc(C(*)=O)cc4)cc3)CCc3ccccc32)cc1,0.36800149,59,2,29,4,0,2,valid
5493,1489195327,*C(=O)Nc1ccc(Oc2ccc(NC(=O)c3ccc(N4C(=O)c5ccc(*)cc5C4=O)cc3)cc2)cc1,0.34828568,66,2,28,5,3,4,valid
2948,801063364,*CCOc1ccc(C=C2CCC(=Cc3ccc(OCCOP(=O)(O*)OCC)c(OC)c3)C2=O)cc1OC,0.34641138,61,2,27,9,0,4,valid
2171,589547196,*Nc1ccc2c(c1N*)[C@](C)(c1ccccc1)CC2(C)C,0.36474877,39,2,18,0,2,0,valid
6273,1701051836,*Nc1cc(C)c(Cc2ccc(CCCCCCCCCCCc3ccc(Cc4c(C)cc(N*)cc4C)cc3)cc2)c(C)c1,0.36060547,67,2,41,0,2,0,valid
3117,844805086,*c1ccc2oc(-c3ccc(C(c4ccc(-c5nc6cc(C(*)(c7ccccc7)C(F)(F)F)ccc6o5)cc4)(C(F)(F)F)C(F)(F)F)cc3)nc2c1,0.42531677,96,2,37,2,2,0,valid
2156,584085881,*Cc1ccc(C(C)c2ccc(CN3C(=O)c4ccc(Oc5ccc6c(c5)C(=O)N(*)C6=O)cc4C3=O)o2)o1,0.35279512,71,2,28,7,2,4,valid
7710,2078520197,*CCN(*)C(=O)c1cc(F)cc(F)c1,0.34415412,26,2,9,1,1,1,valid
2385,648159856,*Nc1ccc2c(c1)C1(c3ccccc3-c3ccccc31)c1c-2cc(C(C)(C)C)c(N*)c1C(C)(C)C,0.39847901,67,2,33,0,2,0,valid
6920,1872303483,*C([2H])([2H])C(*)([2H])C([2H])=C([2H])[2H],0.39062915,43,2,4,0,0,1,valid
7143,1929935400,*CC(=O)NCCCCCCNC(=O)COC(=O)CCCCCCC(=O)O*,0.32965374,40,2,18,6,2,4,valid
942,259297341,*Sc1ccc(Sc2ccc(Sc3ccc4c(c3)C(=O)N(N3C(=O)c5cccc(*)c5C3=O)C4=O)cc2)cc1,0.38796769,69,2,25,4,2,4,valid
3923,1063041507,*Oc1ccc(N=C(c2ccccc2)c2ccc(Oc3ccc(C(C)(C)c4ccc(Oc5ccc(C(=Nc6ccc(*)cc6)c6ccccc6)cc5)cc4)cc3)cc2)cc1,0.38185283,98,2,53,3,2,2,valid
6334,1716148933,*Oc1ccc(C(=O)c2cccc(NC(=O)c3ccc(C(=O)Nc4cccc(C(=O)c5ccc(*)cc5)c4)cc3)c2)cc1,0.35027261,75,2,34,5,2,4,valid
2462,671423635,*CC(*)(C)C(=O)OCCCCCCn1c2ccccc2c2ccccc21,0.35236027,40,2,21,2,0,1,valid
6839,1854475288,*Nc1ccc(C(CCc2ccccc2)c2ccc(N*)cc2)cc1,0.3465212,37,2,21,0,2,0,valid
7578,2047470696,*Nc1ccc2c(c1)C1c3cc(N)ccc3C2c2ccc(N*)cc21,0.38546708,41,2,20,0,3,0,valid
448,125425163,*c1ccc(-c2c(-c3ccccc3)nc3ccc(Oc4ccc5nc(-c6ccccc6)c(*)c(-c6ccccc6)c5c4)cc3c2-c2ccccc2)cc1,0.40668067,88,2,48,1,2,0,valid
2292,624096781,*Nc1cc2c(cc1N*)[C@H]1c3ccccc3[C@@H]2c2cc(N)c(N)cc21,0.38373071,51,2,20,0,4,0,valid
7661,2067309904,*c1ccc2c(c1)C(=O)N(c1ccc(OC(CCC)COc3ccc(N4C(=O)c5ccc(C(*)(C(F)(F)F)C(F)(F)F)cc5C4=O)cc3)cc1)C2=O,0.36517902,96,2,36,6,2,4,valid
1473,394549340,*c1ccc(Oc2ccc(Oc3ccc(N4C(=O)c5ccc(Oc6c(C)cc(C(C)(C)c7cc(C)c(Oc8ccc9c(c8)C(=O)N(*)C9=O)c(C)c7)cc6C)cc5C4=O)cc3)c(C(C)(C)C)c2)cc1,0.39392877,127,2,57,8,2,4,valid
5586,1514418516,*OC1C(COC(C)=O)OC(*)C(OC(C)=O)C1O,0.32163018,33,2,10,7,0,2,valid
5816,1578457961,*c1cccc(NC(=O)c2ccc(OCCOCCOCCOc3ccc(C(=O)Nc4ccc5[nH]c(*)nc5c4)cc3)cc2)c1,0.34384925,72,2,33,6,4,2,valid
4808,1299119036,*Nc1ccccc1-c1ccc(NC(=O)c2ccc(C(*)=O)cc2)cc1,0.34525764,43,2,20,2,2,2,valid
2101,566342268,*Oc1ccc(NC(=O)c2ccc(-c3ccc(C(=O)Nc4ccc(Oc5ccc(C(C)(C)c6ccc(*)cc6)cc5)cc4)c(C)c3)cc2C)cc1,0.36556689,88,2,43,4,2,2,valid
1162,312401249,*OC(=O)Oc1ccc2c(c1)Oc1cc(*)ccc1C21c2ccccc2-c2ccccc21,0.39255677,52,2,26,4,0,1,valid
1523,408357369,*c1ccc(Oc2cccc(N3C(=O)c4ccc(-c5cccc6c5C(=O)N(*)C6=O)cc4C3=O)c2)cc1,0.3737891,66,2,28,5,2,4,valid
4901,1329379844,*CC(*)OC(=O)C(F)(F)C(F)(F)C(F)(F)C(F)(F)C(F)(F)C(F)(F)C(F)(F)C(F)(F)C(F)(F)F,0.32895822,76,2,12,2,0,1,valid
531,148111753,*CCOCCC(=O)O*,0.3272277,13,2,5,3,0,1,valid
3175,862498467,*C(=O)Oc1ccc(C23CC4CC(CC(C4)C2)C3)c(OC(=O)c2ccc3c(c2)C(=O)N(c2ccc(-c4ccc(N5C(=O)c6ccc(*)cc6C5=O)cc4C)c(C)c2)C3=O)c1,0.38353529,115,2,48,8,2,6,valid
5972,1619494019,*Oc1ccc(C(=Cc2ccc(-c3ccc(C=C(c4ccccc4)c4ccc(OC(=O)c5ccc(C(*)=O)cc5)cc4)cc3)cc2)c2ccccc2)cc1,0.37848459,91,2,48,4,0,4,valid
1895,509959736,*CC(*)c1ccc(-c2cccc3nsnc23)cc1,0.37001956,30,2,14,0,2,0,valid
7386,1997329694,*CCCCCCCCCCCCCCCCOC(=O)C/C=C/CC(=O)O*,0.37864549,37,2,22,4,0,3,valid
7438,2008709540,*Nc1cc(-c2c(N*)ccc3ccccc23)c(N)cc1[C@@H]1c2ccccc2C=C[C@H]1N,0.34308661,59,2,26,0,4,1,valid
2859,779245999,*c1ccc(C(*)C)cc1,0.38776723,16,2,8,0,0,0,valid
1376,370933065,*c1ccc2c(c1)C(=O)N(c1c(C)cc(C(c3ccccc3)(c3cc(C)c(N4C(=O)c5ccc(C(*)(C(F)(F)F)C(F)(F)F)cc5C4=O)c(C(C)C)c3)C(F)(F)F)cc1C(C)C)C2=O,0.43647003,126,2,47,4,2,4,valid
5149,1395351360,*Oc1cccc2ccc(Oc3ccc(NC(=O)c4ccc(Oc5ccc(C(C)(C)c6cccc(C(C)(C)c7ccc(Oc8ccc(C(=O)Nc9ccc(*)cc9)cc8)cc7)c6)cc5)cc4)cc3)cc12,0.36813986,118,2,60,6,2,2,valid
6125,1662111173,*c1ccc(Oc2ccc(-c3nc4ccc(Oc5ccc6nc(*)c(-c7ccccc7)nc6c5)cc4nc3-c3ccccc3)cc2)cc1,0.42723558,77,2,40,2,4,0,valid
4987,1350186524,*c1c(C)cc(Cc2cc(C)c(N3C(=O)c4ccc(Oc5cc6ccccc6cc5Oc5ccc6c(c5)C(=O)N(*)C6=O)cc4C3=O)c(C)c2)cc1C,0.38811935,93,2,43,6,2,4,valid
976,266620737,*Oc1ccc(-c2ccc(OC(=O)Nc3cccc(P(=O)(c4ccccc4)c4cccc(NC(*)=O)c4)c3)cc2)cc1,0.35820494,72,2,32,5,2,3,valid
3361,919768604,*Nc1ccc(/C(C)=C(\C)C(C)(C)c2ccc(N*)cc2)cc1,0.360922,42,2,19,0,2,1,valid
603,167315243,*CCc1ccc(*)c2ccccc12,0.37967697,20,2,12,0,0,0,valid
1291,349443030,*c1ccc(Oc2ccc(C=Cc3ccc(Oc4ccc(-c5nnc(*)o5)cc4)cc3)cc2)cc1,0.38304714,57,2,28,3,2,1,valid
7729,2083351176,*O[Si](C)(C)O[Si](C)(C)O[Si](C)(C)O[Si](C)(C)OC1=C(*)c2cccc3cccc1c23,0.40558784,68,2,20,5,0,1,valid
3830,1038630240,*c1ccc2c(c1)C(CC(CC)CCCC)(CC(CC)CCCC)c1cc(*)ccc1-2,0.41460255,50,2,29,0,0,0,valid
5710,1549335676,*c1ccc(Oc2cccc(N3C(=O)c4ccc(-c5ccc6c(c5)C(=O)N(*)C6=O)cc4C3=O)c2)cc1,0.36487368,68,2,28,5,2,4,valid
3345,915798099,*Oc1ccc(C2(c3ccc(OC(=O)CCC(*)=O)cc3)c3cc(N(C)C)ccc3-c3ccc([N+](=O)[O-])cc32)cc1,0.38013673,79,2,31,6,2,3,valid
4690,1263773798,*Oc1ccc(C2(c3ccc(OC(=O)CCCCCCCCCCC(*)=O)cc3)c3ccccc3-c3ccccc32)cc1,0.36830388,66,2,37,4,0,2,valid
3687,999116161,*C(=O)Nc1ccc(-c2cc(-c3ccccc3)cc(-c3ccc(NC(=O)c4ccc5c(c4)C(=O)N(c4ccc(NC(=O)Nc6ccc(N7C(=O)c8ccc(*)cc8C7=O)cc6)cc4)C5=O)cc3)n2)cc1,0.35865584,128,2,54,7,7,7,valid
5144,1394137835,*O[Si](C)(C)c1ccc2cc3cc([Si](*)(C)C)ccc3cc2c1,0.407332,45,2,18,1,0,0,valid
7874,2119541663,*C=CC1CC(*)C2C(=O)N(c3ccccc3F)C(=O)C12,0.35885634,38,2,15,2,1,3,valid
2920,794427257,*CC(*)(C)C(=O)OCC(F)(F)C(F)(F)F,0.34535374,31,2,7,2,0,1,valid
3178,863587457,*CC(O)COC(=O)CCCCC(=O)O*,0.31523099,24,2,9,5,0,2,valid
6176,1675542774,*CCC(C)(C)C(*)(C)C,0.38272137,18,2,8,0,0,0,valid
6895,1867066449,*CCOC(=O)c1ccc2ccc(C(=O)O*)cc2c1,0.33503651,32,2,14,4,0,2,valid
4050,1093757238,*Oc1cccc(OC(=O)c2ccc(C(C)(C)c3ccc(C(*)=O)cc3)cc2)c1,0.36093522,51,2,23,4,0,2,valid
5182,1404881179,*Oc1ccc(OC(=O)Oc2ccc(C(C)(C)c3ccc(OC(*)=O)cc3)cc2)cc1,0.34624319,53,2,23,6,0,2,valid
7422,2005457521,*CCCC(=O)O*,0.32557378,11,2,4,2,0,1,valid
2971,808269149,*C(=O)Oc1ccc([Si](C)(c2ccccc2)c2ccc(OC(=O)c3ccc(*)s3)cc2)cc1,0.38407419,60,2,25,4,0,2,valid
7450,2014263245,*OC(F)(F)C(F)(F)C(F)(F)C(*)(F)F,0.3276198,31,2,4,1,0,0,valid
5043,1367828072,*CC(*)(C)C(=O)Oc1ccc(OCc2ccccc2)cc1,0.34318377,35,2,17,3,0,1,valid
1234,330440675,*Nc1ccc(-c2ccc(N*)c(-c3cc(-c4ccc(N)c(-c5ccccc5)c4)ccc3N)c2)cc1-c1ccccc1,0.35788637,71,2,36,0,4,0,valid
4840,1308893158,*c1ccc(-c2ccc(-c3cc(-c4ccc(-c5ccc(Oc6ccccc6)cc5)cc4)c4cc(-c5ccc6nc(*)cc(-c7ccc(-c8ccc(Oc9ccccc9)cc8)cc7)c6c5)ccc4n3)cc2)cc1,0.38479819,123,2,66,2,2,0,valid
2371,644898772,*Nc1ccc(CC(c2ccc(N)cc2)(c2ccc(N)cc2)c2ccc(N*)cc2)cc1,0.36495838,52,2,26,0,4,0,valid
2776,754551833,*CC1CCC(COC(=O)O*)CC1,0.34179915,21,2,9,3,0,1,valid
2306,627652902,*C(=O)C1C2C=CC(C2)C1*,0.34482539,21,2,8,1,0,2,valid
6117,1658830563,*Nc1ccc2c(c1)C1(c3ccc(C)cc3-c3cc(C)ccc31)c1cc(N*)ccc1-2,0.3945016,55,2,27,0,2,0,valid
259,74066581,*Oc1ccc2ccc(OC(=O)c3ccc(Oc4ccc(C(*)=O)cc4)cc3)cc2c1,0.34864845,51,2,24,5,0,2,valid
1156,310611274,*CC(C)COC(=O)c1ccc(C(=O)O*)cc1,0.3435142,30,2,12,4,0,2,valid
2203,597209826,*Oc1ccc(C(=O)NCC(C)(C)CCCNC(=O)c2ccc(*)cc2)cc1,0.34465365,46,2,21,3,2,2,valid
5590,1514751058,*Nc1ccc(-c2cc(N*)cc(-c3ccc(N)cc3)c2)cc1,0.34788734,39,2,18,0,3,0,valid
1606,432789142,*CC(CO)O*,0.30841537,9,2,3,2,0,0,valid
2470,673172746,*Oc1ccc(C(c2ccc(OC(=O)c3ccccc3-c3ccccc3C(*)=O)cc2)(C(F)(F)F)C(F)(F)F)cc1,0.3557624,72,2,29,4,0,2,valid
786,220286370,*CCCCOC(=O)c1ccc([Si](C)(C)c2ccc(C(=O)O*)cc2)cc1,0.36459187,48,2,20,4,0,2,valid
1282,346744541,*CC(=O)Nc1ccc(Cc2ccc(NC(=O)CN3C(=O)c4ccc(C(=O)c5ccc6c(c5)C(=O)N(*)C6=O)cc4C3=O)cc2)cc1,0.33703091,86,2,34,7,4,7,valid
4396,1183558225,*c1ccc(-c2nc3ccc(Oc4ccc(Oc5ccc(P(=O)(c6ccccc6)c6ccc(Oc7ccc(Oc8ccc9nc(*)c(-c%10ccccc%10)nc9c8)cc7)cc6)cc5)cc4)cc3nc2-c2ccccc2)cc1,0.40210863,128,2,64,5,4,1,valid
2040,550478997,*Nc1ccccc1-c1cccc2c1C=C[C@H]2[C@@H]1c2ccccc2-c2c(-c3ccccc3N*)cccc21,0.36637349,67,2,34,0,2,1,valid
5050,1370170679,*Oc1ccc(C(CC)(CC)c2ccc(OC(=O)c3ccc(C(*)=O)cc3)cc2)cc1,0.36895658,53,2,25,4,0,2,valid
2975,808879247,*c1cccc(N2C(=O)c3cccc(Oc4ccc(C(C)(C)c5ccc(Oc6cccc7c6C(=O)N(*)C7=O)cc5)cc4)c3C2=O)c1,0.3702511,83,2,37,6,2,4,valid
3946,1068978203,*CC(O)COc1ccc(C(C)(C)c2ccc(OCC(O)COc3cccc(NC(=O)c4cccc(C(=O)Nc5cccc(O*)c5)c4)c3)cc2)cc1,0.34174788,87,2,41,8,2,2,valid
1185,317286954,*CC(CC)(CC)CS*,0.39177135,14,2,7,0,0,0,valid
2554,691831381,*CC(*)(C)C(=O)Oc1ccc(C=Cc2ccccc2)cc1,0.36180049,36,2,18,2,0,2,valid
5302,1441373602,*c1ccc(C(=O)Nc2ccc(-c3cc(Br)ccc3NC(=O)c3ccc(S(*)(=O)=O)cc3)cc2)cc1,0.36672831,66,2,26,4,2,4,valid
7949,2142258643,*ON(C(F)(F)C(*)(F)F)C(F)(F)C(F)(F)Br,0.34925007,36,2,4,1,1,0,valid
354,99908460,*CC(*)(C)C(=O)Oc1ccc(C(=O)Oc2ccc(Oc3ccccc3)cc2)cc1,0.34257003,50,2,23,5,0,2,valid
2991,812811097,*Nc1ccc(-c2ccc(N*)c(-c3ccccc3)c2-c2ccccc2N)cc1,0.36447678,46,2,24,0,3,0,valid
2583,700931497,*ON(C(F)(F)F)C(F)(F)C(*)(F)F,0.30488476,28,2,3,1,1,0,valid
5689,1543532086,*CC(CC)(CCl)CO*,0.37740492,15,2,6,1,0,0,valid
2880,783528107,*c1cc(CCCCCCOC(=O)COC)c(*)s1,0.36444159,28,2,13,3,0,1,valid
2450,669620499,*CCSCc1ccc(Cc2ccc(CSCCOC(=O)CSCc3ccc(Cc4ccc(CSCC(=O)O*)cc4)cc3)cc2)cc1,0.36564834,70,2,38,4,0,2,valid
3548,969338627,*C1CCCC(S(*)(=O)=O)C1,0.35779851,21,2,6,2,0,2,valid
6611,1796091822,*C(=O)Nc1cccc(NC(=O)c2ccc3c(c2)C(=O)N(c2ccc(Oc4cccc5c(Oc6ccc(N7C(=O)c8ccc(*)cc8C7=O)cc6)cccc45)cc2)C3=O)c1,0.35671803,106,2,46,8,4,6,valid
4478,1205844020,*C(F)(F)C1(F)C(F)(F)C(*)(F)C(F)(F)C(F)(F)C1(F)F,0.31955151,47,2,7,0,0,0,valid
1631,439660621,*c1ccc(Oc2ccc(C(c3ccc(Oc4ccc(N5C(=O)c6ccc(Oc7ccc(C8(c9ccc(Oc%10ccc%11c(c%10)C(=O)N(*)C%11=O)cc9)CCC(C(C)(C)C)CC8)cc7)cc6C5=O)cc4)cc3)(C(F)(F)F)C(F)(F)F)cc2)cc1,0.37744754,159,2,65,8,2,4,valid
5627,1526653040,*Oc1ccc(Oc2ccc(OC(=O)c3ccc(C(c4ccc(C(*)=O)cc4)(C(F)(F)F)C(F)(F)F)cc3)cc2)cc1,0.35598766,76,2,29,5,0,2,valid
2848,774594190,*Nc1ccc(-c2cc(N*)ccc2-c2ccc(N)cc2)cc1,0.34901501,37,2,18,0,3,0,valid
5089,1381337604,*Oc1ccc(C(=Cc2ccc(-c3ccc(C=C(c4ccccc4)c4ccc(OC(=O)CCCCC(*)=O)cc4)cc3)cc2)c2ccccc2)cc1,0.37196915,85,2,46,4,0,4,valid
5880,1594797785,*Oc1ccc(Sc2ccc(Oc3ccc(-c4ccc(-c5ccc(*)c(C(F)(F)F)c5)cc4)cc3C(F)(F)F)cc2)cc1,0.37806344,75,2,31,2,0,0,valid
501,139200098,*OC(C)COC(*)=O,0.32644555,14,2,4,3,0,1,valid
4990,1350968415,*C1C(=O)N(CCCCCCCCOc2ccc(-c3ccc(C#N)cc3)cc2)C(=O)C1*,0.35300767,52,2,25,3,2,2,valid
1474,395181216,*Oc1ccc(C(C)(C)c2ccc(C(C)(C)c3ccc(Oc4ccc(C(=O)Nc5ccc(NC(=O)c6ccc(*)cc6)cc5)cc4)cc3)cc2)cc1,0.37043305,90,2,44,4,2,2,valid
4207,1138085523,*C(=O)Oc1ccc(-c2ccc(OC(=O)c3ccc4c(c3)C(=O)N(c3ccc(Oc5ccc(N6C(=O)c7ccc(*)cc7C6=O)cc5)cc3)C4=O)cc2)cc1,0.35288587,100,2,42,9,2,6,valid
404,111650158,*c1cccc(Oc2ccc(Oc3cccc(N4C(=O)c5ccc(Oc6ccc7c(c6)C(=O)N(*)C7=O)cc5C4=O)c3)cc2)c1,0.35930853,79,2,34,7,2,4,valid
6416,1740942243,*c1ccc2c(c1)C(=O)N(c1ccc(-c3ccc(N4C(=O)c5ccc(C(*)(C(F)(F)F)C(F)(F)F)cc5C4=O)cc3C(F)(F)F)c(C(F)(F)F)c1)C2=O,0.4023531,106,2,33,4,2,4,valid
6346,1719450087,*OC(=O)C(CC(C)C)NC(=O)CCCCCCCCC(=O)NC(CC(C)C)C(=O)OC1COC2C(*)COC12,0.35171013,66,2,28,8,2,4,valid
2784,757100562,*Oc1ccc(-c2ccc(Oc3ccc(*)cc3)c3ccccc23)c2ccccc12,0.39245647,47,2,26,2,0,0,valid
23,5709902,*Nc1ccc(NC(=O)CCCCCCC(*)=O)cc1,0.33579028,30,2,14,2,2,2,valid
2351,639994792,*OC(C)C(*)=O,0.34796841,12,2,3,2,0,1,valid
1897,510587206,*CCOCCOCCOC(=O)C=CC(=O)NCCCCCCNC(=O)C=CC(=O)O*,0.32787972,46,2,20,8,2,6,valid
792,223648222,*Nc1cc2cc3cc4cc5cc6ccccc6cc5cc4cc3cc2cc1N*,0.34605853,42,2,26,0,2,0,valid
5751,1561451639,*Nc1ccc(-c2ccc(N*)c3ccccc23)cc1,0.34980398,31,2,16,0,2,0,valid
3100,841081788,*CCCCNC(=O)CC(=O)N*,0.30389328,19,2,7,2,2,2,valid
1574,424737952,*c1ccc(Oc2ccc(N3C(=O)c4ccc(C(=O)c5ccc6c(c5)C(=O)N(c5ncc(*)s5)C6=O)cc4C3=O)cc2)cc1,0.39210701,81,2,32,6,3,5,valid
6469,1755361106,*C(=O)Nc1ccc(Oc2cccc(NC(=O)c3ccc4c(c3)C(=O)N(c3ccc(Oc5cccc(N6C(=O)c7ccc(*)cc7C6=O)c5)cc3)C4=O)c2)cc1,0.35225181,100,2,42,8,4,6,valid
2792,759929518,*CCCCCCNC(=O)CCC(C)(C)c1ccc(C(C)(C)CCC(=O)N*)cc1,0.34678668,48,2,24,2,2,2,valid
4238,1144952297,*C(=O)c1ccc2c(c1)C(=O)N(c1ccc(Oc3ccc(C(=O)c4ccc(Oc5ccc(C(=O)c6ccc(Oc7ccc(N8C(=O)c9ccc(*)cc9C8=O)cc7)cc6)cc5)cc4)cc3)cc1)C2=O,0.37284844,124,2,55,10,2,7,valid
2630,714836323,*C(=O)c1ccc2c(c1)C(=O)N(c1cc(-c3nc4ccccc4[nH]3)cc(N3C(=O)c4ccc(*)cc4C3=O)c1)C2=O,0.39603335,80,2,30,5,4,5,valid
515,142802262,*N(CCC)[Si](C)(C)C[Si](*)(C)C,0.36931239,29,2,8,0,1,0,valid
4721,1270448600,*Nc1ccccc1C1(c2cc(C)ccc2N*)CCCCC1,0.36301614,33,2,19,0,2,0,valid
4603,1242216634,*C(F)C(*)C(F)(F)F,0.31361691,17,2,3,0,0,0,valid
1706,460632304,*Nc1cccc(NC(=O)c2ccc(C(=O)Nc3cccc(NC(=S)NC(=O)CCCCC(=O)NC(*)=S)c3)cc2)c1,0.33577195,72,2,28,4,6,6,valid
4155,1124160654,*CC(*)(C)CC,0.3612215,11,2,5,0,0,0,valid
322,90460674,*c1cccc(OCCCCCOc2cccc(N3C(=O)c4ccc(-c5ccc6c(c5)C(=O)N(*)C6=O)cc4C3=O)c2)c1,0.34628726,74,2,33,6,2,4,valid
4866,1318650528,*CCCC(*)C,0.40163185,9,2,5,0,0,0,valid
3998,1082020725,*O[Si](C)(C)c1ccc([Si](C)(C)O[SiH](*)CCC(F)(F)F)cc1,0.41587885,51,2,13,2,0,0,valid
7108,1919727869,*Oc1ccc(S(=O)(=O)c2ccc(Oc3ccc(NC(=O)c4cccc(C(=O)Nc5ccc(*)cc5)c4)cc3)cc2)cc1,0.35823661,75,2,32,6,2,4,valid
2918,794214898,*CCCCCCNC(=O)CCc1ccc(C(C)CC(=O)N*)cc1,0.35062376,37,2,19,2,2,2,valid
1566,420766140,*CC(*)(C)C(=O)Nc1ccc(C(=O)C=Cc2ccc(OC)cc2)cc1,0.34238812,45,2,20,3,1,3,valid
7177,1939398685,*Cc1cc(C23CC4CC(CC(C4)C2)C3)cc(CN(*)c2ccccc2)c1O,0.38557882,48,2,24,1,1,0,valid
5318,1446335630,*Nc1ccc(C(CCCC[C@H]2CC[C@H](/C=C\[C@H]3CC[C@H](CCC)CC3)CC2)(CCCC[C@H]2CC[C@H](/C=C\[C@H]3CC[C@H](CCC)CC3)CC2)c2ccc(N*)cc2)cc1,0.376234835,125,2,55,0,2,2,valid
668,185789282,*CC(*)c1cc(Br)ccc1OCCCCC,0.41131014,24,2,13,1,0,0,valid
4916,1333138019,*Oc1ccc(CC(NC(=O)Cc2ccc(OC(=O)CCCC(*)=O)cc2)C(=O)OCC)cc1,0.33525127,56,2,24,7,1,4,valid
6465,1754909012,*Nc1ccc(C2(c3ccc(N*)cc3)c3cc(N)ccc3-c3ccc(N)cc32)cc1,0.3802377249999999,52,2,25,0,4,0,valid
7917,2132602127,*Nc1ccc(Cc2cc(C)cc(Cc3ccc(N*)cc3)c2)cc1,0.35392035,39,2,21,0,2,0,valid
7501,2026869258,*c1ccc(Oc2ccc(N3C(=O)c4ccc(-c5cccc6c5C(=O)N(*)C6=O)cc4C3=O)cc2)cc1,0.37709986,66,2,28,5,2,4,valid
5162,1397660267,*CCOC(=O)c1ccc(-c2ccc(-c3ccc(C(=O)O*)cc3)cc2)cc1,0.34358239,48,2,22,4,0,2,valid
3920,1060916262,*c1ccc(Oc2ccc(C(c3ccc(Oc4ccc(N5C(=O)c6ccc(Oc7c(C)cc(C(C)(C)c8cc(C)c(Oc9ccc%10c(c9)C(=O)N(*)C%10=O)c(C)c8)cc7C)cc6C5=O)cc4)cc3)(C(F)(F)F)C(F)(F)F)cc2)cc1,0.38730912,152,2,62,8,2,4,valid
5059,1372092396,*Oc1ccc(C(C)(C)c2ccc(OC(=O)c3ccc(C(*)=O)cc3)c(Cl)c2)cc1Cl,0.37511386,57,2,23,4,0,2,valid
3377,924846340,*Nc1ccc2c(c1)-c1cc(N*)ccc1C21c2ccccc2-c2ccccc21,0.38016064,47,2,25,0,2,0,valid
7071,1912017685,*CC(*)[Si](C)(C)Cc1ccccc1,0.36754872,25,2,11,0,0,0,valid
2877,783233627,*O[Sn](CCCC)(CCCC)OC(=O)CCCCC(*)=O,0.36080704,34,2,14,4,0,2,valid
5912,1604219408,*Nc1ccc(-c2cccc(-c3cccc(N*)c3)c2)cc1,0.34269282,36,2,18,0,2,0,valid
5825,1580258863,*CC(*)c1ccc(C[Si](C)(C)C)cc1,0.42588217,28,2,12,0,0,0,valid
4587,1238107253,*c1cc(N2C(=O)c3ccc(Oc4cccc5c(Oc6ccc7c(c6)C(=O)N(*)C7=O)cccc45)cc3C2=O)cc(C(F)(F)F)c1,0.37819795,84,2,33,6,2,4,valid
4501,1212362961,*Oc1c(C)cc(-c2cc(C)c(OC(=O)CCCCC(*)=O)c(C)c2)cc1C,0.37060213,49,2,22,4,0,2,valid
7705,2076949860,*CC(*)(CC(=O)O)C(=O)O,0.2269924,21,2,5,4,0,2,valid
770,215968936,*c1ccc(-c2sc(-c3ccc(-c4cc(SCCCCCCCC)c(*)s4)cc3)cc2SCCCCCCCC)cc1,0.46732994,63,2,36,0,0,0,valid
7011,1894369854,*C(=O)c1ccc2c(c1)C(=O)N(c1ccccc1Cc1ccccc1N1C(=O)c3ccc(*)cc3C1=O)C2=O,0.37730051,68,2,30,5,2,5,valid
3668,994147149,*CCN(CCOC(=O)Nc1ccc(C)c(NC(=O)O*)c1)c1ccc(N=Nc2ccc(-c3nc4ccc([N+](=O)[O-])cc4n3CC)cc2)cc1,0.36037645,89,2,34,6,8,4,valid
6162,1671953980,*CCCCCCNC(=O)CCc1ccc(CCC(=O)N*)cc1,0.34609374,34,2,18,2,2,2,valid
4604,1242356842,*Nc1ccc2c3ccc4ccc5ccccc5c4c3c3ccccc3c2c1N*,0.35285371,42,2,26,0,2,0,valid
3206,872295488,*CC(*)OC(=O)C(C)(C)C(C)(C)CC,0.37176287,28,2,11,2,0,1,valid
4175,1130524840,*C(=O)Nc1ccc(-c2ccc(NC(=O)N3CC(C)N(*)CC3C)cc2)cc1,0.35679719,49,2,20,2,4,2,valid
4560,1227953094,*C(=O)c1ccc2c(c1)C(=O)N(c1cc(OCCCC)cc(N3C(=O)c4ccc(*)cc4C3=O)c1)C2=O,0.37183498,68,2,27,6,2,5,valid
2524,685579898,*Oc1c(C)cc(-c2cc(C)c(Oc3ccc(C(=O)c4ccccc4-c4ccccc4C(=O)c4ccc(*)cc4)cc3)c(C)c2)cc1C,0.40252214,82,2,42,4,0,2,valid
5810,1576797553,*CCCCCCCCOc1c(OC)cc(C=Cc2cc(CCCCCC)c(C=Cc3cc(OC)c(O*)c(OC)c3)cc2CCCCCC)cc1OC,0.38267439,76,2,46,6,0,2,valid
2625,713163686,*N=P(*)(OCc1ccccc1)OCc1ccccc1,0.35649541,29,2,14,2,1,1,valid
581,161010769,*CCC(*)(C)c1ccccc1,0.38823069,18,2,10,0,0,0,valid
582,161201125,*CC(*)C(=O)OC1CC(C)CC(C)(C)C1,0.38012306,29,2,12,2,0,1,valid
6217,1685793065,*NC1=CC[C@H](C(c2ccc(N)cc2)(c2ccc(N)cc2)c2ccc(N*)cc2)C=C1,0.35960608,57,2,25,0,4,2,valid
6408,1737989724,*C(=O)c1ccc2c(c1)C(=O)N(c1cc(C(c3ccc(O)c(N4C(=O)c5ccc(*)cc5C4=O)c3)(C(F)(F)F)C(F)(F)F)ccc1O)C2=O,0.36411476,96,2,32,7,2,5,valid
6405,1737253601,*c1ccc(Oc2ccc(-c3ccc(Oc4ccc(N5C(=O)C(c6ccccc6)=C(c6ccc(C7=C(c8ccccc8)C(=O)N(*)C7=O)cc6)C5=O)cc4)cc3)cc2)cc1,0.38106993,107,2,50,6,2,6,valid
6005,1629866625,*C(=O)Nc1ccc(Oc2ccc(Oc3ccc(NC(=O)c4ccc5c(c4)C(=O)N(c4ccc(Oc6ccc(N7C(=O)c8ccc(*)cc8C7=O)cc6)cc4)C5=O)cc3)cc2)cc1,0.35336088,111,2,48,9,4,6,valid
881,244332189,*CC(*)(C)C(=O)OCCCCCCOc1ccc(C(=O)Oc2ccc(N=Nc3ccc(Br)cc3)c3ccccc23)cc1,0.36678226,69,2,33,5,2,3,valid
6227,1687871916,*c1ccc2c(c1)C(=O)N(c1c(C)cc(C(c3cc(C(F)(F)F)cc(C(F)(F)F)c3)c3cc(C)c(N4C(=O)c5ccc(C(*)(C(F)(F)F)C(F)(F)F)cc5C4=O)c(C)c3)cc1C)C2=O,0.42868802,128,2,44,4,2,4,valid
5370,1458472862,*C(=O)Nc1ccc(Oc2cccc(NC(=O)c3ccc4c(c3)C(=O)N(c3ccc(Oc5ccc6ccc(Oc7ccc(N8C(=O)c9ccc(*)cc9C8=O)cc7)cc6c5)cc3)C4=O)c2)cc1,0.35874109,117,2,52,9,4,6,valid
731,204710529,*c1ccc(Oc2ccc(P(=O)(c3ccccc3)c3ccc(Oc4ccc(-c5cc(*)[nH]n5)cc4)cc3)cc2)cc1,0.39032537,72,2,33,3,2,1,valid
5933,1609819225,*Oc1cccc(C(=O)c2ccc(Oc3ccc(C(=O)c4ccc(*)cc4)cc3)cc2)c1,0.36799842,54,2,26,4,0,2,valid
2488,677732142,*C(=O)Nc1ccc(Oc2ccc(Oc3ccc(N4C(=O)c5ccc(*)cc5C4=O)cc3)cc2)cc1,0.35682307,61,2,27,5,2,3,valid
414,113817075,*CC(*)c1ccc(C(Cc2ccccc2)=NO)cc1,0.35451524,31,2,16,1,1,1,valid
5193,1408899479,*CCCCCCCCCCCCCCC(=O)N*,0.37887581,22,2,15,1,1,1,valid
4757,1286286715,*CC(*)(C)C(=O)OCCN(CC)c1ccc(N=Nc2nc3ccc([N+](=O)[O-])cc3s2)cc1,0.37343287,62,2,21,4,5,3,valid
422,116082085,*Nc1ccc(-c2ccc(N*)c(CC=C)c2CC=C)cc1,0.3502113,35,2,18,0,2,2,valid
5571,1510846055,*C=C(*)C(CCC)[Si](C)(C)CCCCCC,0.40434862,29,2,14,0,0,1,valid
2508,681027587,*Nc1ccc2c(c1)C(C)(C)C[C@@]2(C)c1ccc(C)c(N*)c1,0.36931693,45,2,19,0,2,0,valid
6756,1832968600,*CC(*)(C)C(=O)OCCCCCCCCCCCCCCCC[n+]1ccc(N(C)C)cc1,0.37909157,49,2,27,2,2,1,valid
1851,500559499,*CCOCCOC(=O)CCC(=O)O*,0.3219175,21,2,8,5,0,2,valid
7134,1927128897,*C=CC1CC(*)C2C(=O)N(CCC)C(=O)C12,0.35809659,32,2,12,2,1,3,valid
4099,1108143190,*c1cccc(-c2nc3cc(-c4ccc5nc(-c6ccccc6)c(*)nc5c4)ccc3nc2-c2ccccc2)c1,0.41818532,66,2,34,0,4,0,valid
1097,295492872,*c1c(C)cc(Cc2cc(C)c(N3C(=O)c4cccc(Oc5ccc(C(C)(C)c6ccc(Oc7cccc8c7C(=O)N(*)C8=O)cc6)cc5)c4C3=O)c(C)c2)cc1C,0.38770631,104,2,48,6,2,4,valid
7159,1932737205,*C(=O)Nc1ccc(Oc2ccc(NC(=O)c3ccc4c(c3)C(=O)N(c3ccc(Cc5ccc(N6C(=O)c7ccc(*)cc7C6=O)cc5)cc3)C4=O)cc2)cc1,0.3580544,100,2,43,7,4,6,valid
7472,2019749596,*Nc1ccc2cccc3c2c1C=C[C@@H]3N*,0.32848339,29,2,13,0,2,1,valid
7079,1914456185,*CC(*)(C)C(=O)NC1C(O)OC(CO)C(O)C1O,0.28358,34,2,10,6,1,1,valid
402,111009795,*Oc1ccc(NC(=O)CCCCCCC(=O)Nc2ccc(*)cc2)cc1,0.34325805,41,2,20,3,2,2,valid
4333,1166612863,*c1ccc(CC(=O)Nc2cccc(NC(=O)Cc3ccc(-c4sc(*)c(-c5ccccc5)c4-c4ccccc4)cc3)c2)cc1,0.3789381,76,2,38,2,2,2,valid
5299,1439947780,*Nc1ccc(C(c2ccc(N*)cc2)c2ccc(C(C)C)cc2)cc1,0.36575628,42,2,22,0,2,0,valid
1423,382859238,*C=CCCCCCC*,0.40896445,11,2,8,0,0,1,valid
5674,1537341767,*C(=O)Nc1ccc(Oc2ccccc2-c2ccccc2Oc2ccc(NC(=O)c3ccc4c(c3)C(=O)N(c3ccc(Oc5cccc(Oc6ccc(N7C(=O)c8ccc(*)cc8C7=O)cc6)c5)cc3)C4=O)cc2)cc1,0.35644883,129,2,60,10,4,6,valid
4172,1129746387,*Nc1ccc(/C=C/c2cc3ccccc3cc2/C=C/c2ccc(N*)cc2)cc1,0.35386503,48,2,26,0,2,2,valid
6867,1861909022,*C(=O)OCC(C)(C)CSCC(C)(C)COC(=O)C1(C)CNC(*)(C)CN1,0.36496974,49,2,18,4,2,2,valid
2901,789218686,*CC(*)(C)C(=O)NC(C)c1ccccc1,0.3551036,27,2,12,1,1,1,valid
3868,1048831581,*Nc1ccc(NC(=O)c2ccc(NC(=O)CCCCCCCCCCC(=O)Nc3ccc(C(*)=O)cc3)cc2)cc1C(=O)OCCCCCCCCCCCCCC,0.35634052,86,2,47,6,4,5,valid
2320,633682320,*C(=O)OCCN(CCOC(=O)c1ccc2c(c1)C(=O)N(c1ccc(N=Nc3ccccc3)c(N3C(=O)c4ccc(*)cc4C3=O)c1)C2=O)c1ccc(N=Nc2ccccc2)cc1,0.36198377,109,2,46,8,7,8,valid
872,243127357,*Cc1ccccc1CN(CC)c1ccc(/C=C/c2ccc(/C=C(\C#N)C(=O)NC3CCCCC3NC(=O)/C(C#N)=C/c3ccc(/C=C/c4ccc(N(*)CC)cc4)cc3)cc2)cc1,0.37544351,112,2,54,2,6,6,valid
7420,2005210923,*c1ccc(Oc2ccc(C(=O)c3cccc(C(=O)c4ccc(Oc5ccc(N6C(=O)c7ccc(Oc8ccc(Oc9ccc(Oc%10ccc%11c(c%10)C(=O)N(*)C%11=O)cc9)cc8)cc7C6=O)cc5)cc4)c3)cc2)cc1,0.36312657,139,2,60,11,2,6,valid
4025,1087874446,*CC(*)(C)C(=O)OCCCCCCCCCC,0.38783787,25,2,14,2,0,1,valid
7536,2036966102,*C(*)O,0.24565388,6,2,1,1,0,0,valid
7945,2141673799,*CCCCCC(=O)O*,0.34897959,13,2,6,2,0,1,valid
5239,1421896070,*CCN(*)C(=O)CCCCCCC,0.37652091,19,2,10,1,1,1,valid
1922,516368509,*c1ccc2c(c1)C(=O)N(c1ccc(OC(C)COc3ccc(N4C(=O)c5ccc(C(*)(C(F)(F)F)C(F)(F)F)cc5C4=O)cc3)cc1)C2=O,0.36566453,94,2,34,6,2,4,valid
408,112017015,*Oc1ccc(NC(=O)c2cc(C(=O)Nc3ccc(*)cc3)c(C(=O)OCC)cc2C(=O)OCC)cc1,0.34702207,63,2,26,7,2,4,valid
5199,1410914942,*Oc1ccc(S(=O)(=O)c2ccc(Oc3c(C)cc(C(c4cc(C)c(*)c(C)c4)(C(F)(F)F)C(F)(F)F)cc3C)cc2)cc1,0.39642368,84,2,31,4,0,2,valid
5126,1389935777,*CC(*)C(=O)NC,0.31352975,13,2,4,1,1,1,valid
4889,1323525187,*CC(*)C(=O)OCCN(C)C,0.36492858,19,2,7,2,1,1,valid
166,49886836,*Oc1ccc(C2(c3ccc(Oc4c(F)c(F)c(C(=O)c5c(F)c(F)c(*)c(F)c5F)c(F)c4F)cc3)c3ccccc3-c3ccccc32)cc1,0.39033829,91,2,38,3,0,1,valid
7532,2035906358,*c1ccc(Oc2ccc(C(C)(C)c3ccc(Oc4ccc(-c5nnc(*)c6c(-c7ccc(F)cc7)c(-c7ccc(F)cc7)c(-c7ccc(F)cc7)c(-c7ccc(F)cc7)c56)cc4)cc3)cc2)cc1,0.4058732,124,2,59,2,2,0,valid
3491,953833723,*Nc1ccc(-c2ccc(N*)c(-c3ccccc3C=C)c2-c2ccc(-c3ccccc3)cc2)cc1,0.36143904,59,2,32,0,2,1,valid
6282,1702325651,*Nc1ccc(C(C)(C)c2cccc(C(C)(C)c3ccc(NC(=C(C#N)C#N)c4ccc(C(*)=C(C#N)C#N)cc4)cc3)c2)cc1,0.40367737,84,2,38,0,6,2,valid
457,127834200,*CC(*)c1c(F)c(F)c(P(=O)(O)O)c(F)c1F,0.32683261,35,2,8,3,0,1,valid
7348,1984350149,*CCN(CCOC(=O)Nc1ccc(C)c(NC(=O)O*)c1)c1ccc(N=Nc2ccc([N+](=O)[O-])cc2C)c(C)c1,0.35034244,75,2,27,6,6,4,valid
3907,1058865431,*NCCCN*,0.311097505,7,2,3,0,2,0,valid
4720,1270138741,*Nc1ccc2cc3ccccc3cc2c1-c1c(N*)ccc2cc3ccccc3cc12,0.35802001,47,2,28,0,2,0,valid
4039,1091676819,*c1ccc(C(C#N)(C(=O)OC)C(*)(C#N)C(=O)OC)cc1,0.40250352,42,2,14,4,2,2,valid
3700,1003276848,*NC1=Cc2cccc3ccc(N*)c1c23,0.33737221,25,2,12,0,2,1,valid
1178,315519001,*CCN(*)C(=O)c1ccc(SC(F)(F)F)cc1,0.36079153,31,2,10,1,1,1,valid
5186,1405504097,*c1ccc2c(c1)C(=O)N(c1ccc(OCCCCCCOc3ccc(N4C(=O)c5ccc(C(*)(C(F)(F)F)C(F)(F)F)cc5C4=O)cc3)cc1)C2=O,0.35628749,95,2,37,6,2,4,valid
962,263236795,*NCCOCCOCCOCCOCCN*,0.3235597,18,2,10,4,2,0,valid
4431,1192592037,*Oc1cccc(NC(=O)c2ccc([Si](C)(C)c3ccc(C(*)=O)cc3)cc2)c1,0.36668921,54,2,22,3,1,2,valid
86,22953969,*Oc1ccc(-c2ccc(OC(=O)CCCCCCCCCCCCC(*)=O)cc2)cc1,0.35595348,47,2,26,4,0,2,valid
2543,689672575,*c1c(C)cc(-c2cc(C)c(N3C(=O)c4ccc(Oc5ccc(C(C)(C)c6ccc(Oc7ccc8c(c7)C(=O)N(*)C8=O)cc6)cc5)cc4C3=O)c(C)c2)cc1C,0.38990238,106,2,47,6,2,4,valid
5889,1597874068,*Oc1ccc(C(C)(C)c2ccc(Oc3ccc(C(=O)c4ccc(*)cc4)cc3)cc2)cc1,0.37756242,56,2,28,3,0,1,valid
7268,1963751846,*C=CC1CC(*)C(C2CC=CCC2)C1,0.39319144,25,2,13,0,0,2,valid
7320,1975880565,*Oc1ccc(Oc2ccc(NC(=O)c3ccc(Oc4ccc(Oc5ccc(C(=O)Nc6ccc(*)cc6)cc5)cc4-c4ccccc4)cc3)cc2)cc1-c1ccccc1,0.36793579,96,2,50,6,2,2,valid
5450,1479528015,*Nc1ccc(-c2ccc(N*)c(-c3ccc(N)cc3)c2)cc1,0.34495239,39,2,18,0,3,0,valid
890,247473503,*CC(*)C(=O)OCCSCCC#N,0.38180613,20,2,8,2,1,1,valid
2581,700619853,*CC(*)(C)C(=O)OCCc1ccc(N=Nc2ccc(OC(F)(F)F)cc2)cc1,0.35475551,49,2,19,3,2,2,valid
4621,1246478630,*CC(*)(C)C(=O)OCCCCCCCCCCOc1ccc(OC(=O)c2ccc(OC)cc2)cc1,0.35295865,54,2,28,6,0,2,valid
4398,1183988874,*OC(=O)c1ccc(N=Nc2ccc(C(=O)OC3COC4C(*)COC34)cc2)cc1,0.35808986,51,2,20,6,2,3,valid
6376,1727549471,*C(=O)c1ccc2c(c1)C(=O)N(c1ccc(Oc3ccc(C(=O)c4cccc(C(=O)c5ccc(Oc6ccc(N7C(=O)c8ccc(*)cc8C7=O)cc6)cc5)n4)cc3)cc1)C2=O,0.35806566,113,2,48,9,3,7,valid
6605,1795185770,*Nc1ccc(-c2c(-c3ccccc3)c(-c3ccccc3)c(N*)c(-c3cccc4ccccc34)c2-c2cccc3ccccc23)cc1,0.3785304,79,2,44,0,2,0,valid
4098,1108103978,*CC(*)c1ccccc1COCCCCC,0.38189308,21,2,14,1,0,0,valid
5958,1616202781,*CC(CO)(CO)CO*,0.29427699,14,2,5,3,0,0,valid
476,132181866,*C(=O)c1ccc2c(c1)C(=O)N(c1cccc(Nc3ncnc(Nc4cccc(N5C(=O)c6ccc(*)cc6C5=O)c4)n3)c1)C2=O,0.36454415,83,2,32,5,7,5,valid
439,122752033,*CCCCCCCNC(=O)C(OC)C(OC)C(=O)N*,0.34313577,31,2,13,4,2,2,valid
6593,1791802492,*CCN(*)C(=O)c1c(F)c(F)cc(F)c1F,0.34317631,30,2,9,1,1,1,valid
7518,2031789072,*CC(*)CNc1ccc([N+](=O)[O-])cn1,0.37295814,30,2,8,2,3,1,valid
4742,1280165390,*Nc1ccc(-c2ccc(N*)c(OC)c2)cc1OC,0.33411517,31,2,14,2,2,0,valid
3019,819429551,*c1ccc(Oc2ccc(C(c3ccc(Oc4ccc(N5C(=O)c6ccc(Oc7ccc(Sc8ccc(Oc9ccc%10c(c9)C(=O)N(*)C%10=O)cc8)cc7)cc6C5=O)cc4)cc3)(C(F)(F)F)C(F)(F)F)cc2)cc1,0.37088138,136,2,54,8,2,4,valid
7281,1966201897,*CC(*)c1ccc(COCCC(F)(F)C(F)(F)C(F)(F)C(F)(F)F)cc1,0.35487318,49,2,15,1,0,0,valid
5358,1455090776,*Nc1ccc(-c2ccccc2)c(-c2ccc(N*)c3ccccc23)c1-c1cccc2ccccc12,0.36684133,57,2,32,0,2,0,valid
3950,1070310585,*Nc1ccc(-c2cc(-c3ccc(N)c(C)c3)cc(-c3ccc(N*)c(C)c3)c2)cc1C,0.36074996,57,2,27,0,3,0,valid
1670,447643667,*Oc1ccc(CC(NC(=O)CCc2ccc(OC(=O)CCCCC(*)=O)cc2)C(=O)OCCCCCCCC)cc1,0.3511763,64,2,32,7,1,4,valid
5729,1554954449,*Nc1ccc2c(c1N*)[C@@H]1CC[C@H]2c2ccccc21,0.3649256549999999,39,2,16,0,2,0,valid
5249,1423530794,*c1ccc(Oc2ccc(N3C(=O)N4C(c5ccc(OC)cc5)N(*)C(=O)N4C3c3ccc(OC)cc3)cc2)cc1,0.39684923,71,2,30,5,4,2,valid
4328,1165921168,*CC(*)C(=O)OCC(COC(=O)c1ccccc1)(COC(=O)c1ccccc1)COC(=O)c1ccccc1,0.34152411,63,2,29,8,0,4,valid
6163,1672793262,*Oc1ccc(S(=O)(=O)c2ccc(Oc3ccc(NC(=O)c4cc(C(=O)Nc5ccc(*)cc5)cc(C(C)(C)C)c4)cc3)cc2)cc1,0.36687927,85,2,36,6,2,4,valid
7582,2047965728,*CCCCCOC(=O)O*,0.3428874,14,2,6,3,0,1,valid
6179,1676036975,*c1ccc(Oc2ccc(C3(c4ccc(Oc5ccc(-c6nc(-c7ccccn7)nnc6*)cc5)cc4)c4ccccc4-c4ccccc43)cc2)cc1,0.40668886,86,2,45,2,4,0,valid
2666,725291191,*Nc1ccc(C2(c3ccc(N*)c(C)c3)c3ccccc3-c3ccccc32)cc1C,0.381850225,50,2,27,0,2,0,valid
2763,751223406,*Oc1ccc(N=C(c2ccccc2)c2ccc(Oc3ccc(-c4ccc(Oc5ccc(C(=Nc6ccc(*)cc6)c6ccccc6)cc5)cc4)cc3)cc2)cc1,0.38227472,92,2,50,3,2,2,valid
6194,1678882147,*CC(*)OC(=O)c1ccc(Br)cc1,0.38128079,24,2,9,2,0,1,valid
519,143924095,*CCCCCCCCCCCCNC(=O)c1ccc(C(=O)N*)c(Oc2ccccc2)c1,0.36294756,47,2,26,3,2,2,valid
187,55701750,*CC(*)SCC,0.43094205,9,2,4,0,0,0,valid
6886,1864971169,*c1ccc(Oc2ccc(C(=O)c3ccc(Oc4ccc(-c5cc(*)[nH]n5)cc4)cc3)cc2)cc1,0.3828364,62,2,28,3,2,1,valid
7117,1921819978,*CCc1cc(Cl)c(*)c(Cl)c1,0.39170288,22,2,8,0,0,0,valid
7638,2062933383,*Nc1ccc(-c2ccc(N*)c(-c3cccc4ccccc34)c2-c2cccc3ccccc23)cc1,0.36652016,57,2,32,0,2,0,valid
7907,2128364241,*C(=O)c1ccc2c(c1)C(=O)N(c1ccc(C(c3ccccc3)c3ccc(N4C(=O)c5ccc(*)cc5C4=O)cc3)cc1)C2=O,0.39846881,82,2,36,5,2,5,valid
2291,623537081,*OP(=O)(Oc1ccc(NC(=O)Oc2ccc(C(C)(C)c3ccc(OC(=O)Nc4ccc(*)cc4)cc3)cc2)cc1)c1ccccc1,0.35222708,80,2,35,7,2,3,valid
3485,952029062,*C(=O)Nc1ccc(N=Nc2ccc([N+](=O)[O-])cc2)c(NC(=O)c2ccc3c(c2)C(=O)N(c2c(C)cc(-c4cc(C)c(N5C(=O)c6ccc(*)cc6C5=O)c(C)c4)cc2C)C3=O)c1,0.37389366,126,2,46,8,7,8,valid
1016,278844630,*CCOCCOC(=O)c1cccc(C(=O)O*)c1,0.33032067,29,2,12,5,0,2,valid
7747,2089319482,*CC(*)C(=O)OCCOCCOC(F)(F)C(F)F,0.33433583,30,2,9,4,0,1,valid
2595,704720758,*Nc1ccc(C2=CC(c3ccccc3)=C[C@@](c3ccccc3)(c3ccc(N*)cc3)[C@@H]2c2ccccc2)cc1,0.37453464,73,2,36,0,2,2,valid
5063,1373042522,*Oc1ccc(CC(NC(=O)CCc2ccc(OC(=O)CCCC(*)=O)cc2)C(=O)OCCCCCC)cc1,0.34700053,61,2,29,7,1,4,valid
4196,1134997266,*C(OC)=C(OC)c1ccc(*)s1,0.371067,22,2,8,2,0,1,valid
6599,1793024081,*CC(OC)C(C)(C(=O)OC)C(*)(C)C(=O)OC,0.34091912,34,2,11,5,0,2,valid
2023,545255610,*Nc1ccc(C2=CC[C@](c3ccccc3)(c3ccc(N*)cc3)C=C2)cc1,0.35602121,49,2,24,0,2,2,valid
1781,479745021,*C(=O)c1ccc(Oc2ccc(-c3ccc(Oc4ccc(C(=O)c5ccc6c(c5)C(=O)N(c5ccc(Oc7ccc(N8C(=O)c9ccc(*)cc9C8=O)cc7)cc5)C6=O)cc4)cc3)cc2)cc1,0.36908001,120,2,54,9,2,6,valid
3424,937429768,*C(=O)Nc1ccc(Oc2ccc3ccccc3c2-c2c(Oc3ccc(NC(=O)c4ccc5c(c4)C(=O)N(c4cc(C(F)(F)F)cc(N6C(=O)c7ccc(*)cc7C6=O)c4Oc4ccc(C(F)(F)F)cc4)C5=O)cc3)ccc3ccccc23)cc1,0.37258957,150,2,64,9,4,6,valid
6496,1765162399,*Nc1ccc(CCCc2ccc(N*)c(-c3ccc(C)cc3)c2-c2ccc(C)cc2)c(-c2ccc(C)cc2)c1-c1ccc(C)cc1,0.38190375,79,2,43,0,2,0,valid
2328,635384570,*OCCOC(=O)CCCCC(=O)OCCOc1nc(-c2ccc(OCCCC)cc2)nc(*)c1-c1ccc(OC)cc1,0.35402393,65,2,31,8,2,2,valid
867,241915001,*Oc1ccc(CC(NC(=O)Cc2ccc(OC(=O)COCC(*)=O)cc2)C(=O)OCCCCCCCC)cc1,0.34542529,62,2,29,8,1,4,valid
1732,468123146,*COc1ccc(C(c2ccc(OCC3(*)COC3)cc2)(C(F)(F)F)C(F)(F)F)cc1,0.34907081,55,2,20,3,0,0,valid
7750,2089849247,*Oc1cc(C(C)(C)C)c(Oc2ccc(C(=O)Nc3ccc(C(C)(C)c4ccc(NC(=O)c5ccc(*)cc5)c(C)c4)cc3C)cc2)cc1C(C)(C)C,0.38910548,95,2,45,4,2,2,valid
5101,1385095283,*Nc1cccc2c1-c1ccc(N*)c3cccc-2c13,0.33425976,32,2,16,0,2,0,valid
4762,1287697682,*c1ccc2cc(OC(=O)c3cccc(C(=O)Oc4ccc5cc(-c6nc7ccccc7nc6*)ccc5c4)c3)ccc2c1,0.37114739,71,2,36,4,2,2,valid
6609,1795625722,*CC(*)c1ccc(C(=O)CCCCC)cc1,0.38254246,26,2,14,1,0,1,valid
5183,1404906780,*CC(*)c1c(C)cc(C)cc1C,0.40245926,21,2,11,0,0,0,valid
3723,1011928148,*CC(*)(C)C(=O)OCC1(C)COC(C)(C)OC1,0.35893262,33,2,12,4,0,1,valid
923,255934897,*Oc1ccc(CC(NC(=O)CCc2ccc(OC(=O)COCCOCC(*)=O)cc2)C(=O)OCC)cc1,0.33648171,60,2,26,9,1,4,valid
1605,432686237,*c1ccc2c(c1)C(=O)N(c1ccc(C(=O)Nc3ccc(Oc4ccc(C(C)(C)c5ccc(Oc6ccc(NC(=O)c7ccc(N8C(=O)c9ccc(C(*)(C(F)(F)F)C(F)(F)F)cc9C8=O)cc7)cc6)cc5)cc4)cc3)cc1)C2=O,0.36335093,148,2,60,8,4,6,valid
1580,427022128,*c1ccc2c(c1)C(CCCCCCCC)(CCCCCCCC)c1cc(-c3c(F)c(F)c(*)c(F)c3F)ccc1-2,0.40575377,67,2,35,0,0,0,valid
2438,666813875,*CCN(CCOC(=O)Nc1ccc(C)c(NC(=O)O*)c1)c1ccc(-c2nc3ccc([N+](=O)[O-])cc3o2)cc1,0.34475093,74,2,26,7,5,3,valid
1880,506874673,*c1ccc(CC(=O)Nc2ccc(-c3ccc(NC(=O)Cc4ccc(-c5sc(*)c(-c6ccccc6)c5-c5ccccc5)cc4)cc3)cc2)cc1,0.37860211,87,2,44,2,2,2,valid
7670,2069899879,*C(=O)c1ccc2c(c1)C(=O)N(c1cc(C=NC(=S)Nc3ccc(N4C(=O)c5ccc(*)cc5C4=O)cc3)ccc1Cl)C2=O,0.36685025,82,2,31,5,4,7,valid
449,125472122,*CCCNC(=O)O*,0.31360037,12,2,4,2,1,1,valid
994,271082869,*CC(*)C(=O)OCCOC,0.33856563,16,2,6,3,0,1,valid
4028,1089099608,*CCOc1ccc(OC(=O)c2ccc(C(=O)Oc3ccc(O*)cc3)c(OCCCCC)c2)cc1,0.34588903,56,2,27,7,0,2,valid
7102,1918548284,*Nc1cc2c3ccc(-c4ccc(C(C)(C)C)cc4)c(-c4ccc(C(C)(C)C)cc4)c3c(N*)cc2c2ccccc12,0.37420991,74,2,38,0,2,0,valid
1342,363316865,*Oc1c(-c2ccccc2)cc(*)cc1-c1cccc(C)c1,0.40463316,36,2,19,1,0,0,valid
4792,1295301974,*CC(*)C(=O)OCCOCC(F)(F)C(F)(F)C(F)(F)F,0.33448798,38,2,9,3,0,1,valid
5524,1499293987,*c1ccc(OCCN(CCOc2ccc(-c3nc4ccc(Oc5ccc6nc(*)c(-c7ccccc7)nc6c5)cc4nc3-c3ccccc3)cc2)c2ccc(N=Nc3ccc([N+](=O)[O-])cc3)cc2)cc1,0.38165004,120,2,56,5,8,2,valid
2418,662815164,*Oc1ccc(Oc2ccc(C(=O)c3ccc(C(=O)c4ccc(*)cc4)cc3)cc2)cc1-c1cccc(C)c1,0.38304917,66,2,33,4,0,2,valid
510,142147775,*CCCCCCOC(=O)OCCCCOC(=O)OCCCCCCOc1ccc(C(=O)c2ccc(O*)cc2)cc1,0.3498749,59,2,31,9,0,3,valid
2225,603751130,*C(=O)OCCN(CCOC(=O)c1ccc2c(c1)C(=O)N(c1cccc(N3C(=O)c4ccc(*)cc4C3=O)c1)C2=O)c1ccc(N=Nc2ccc(F)cc2)cc1,0.35292509,99,2,40,8,5,7,valid
774,216608930,*CCOC(=O)CCCCCCC(=O)OCCOC(=O)c1ccc(C(=O)O*)cc1,0.33135087,46,2,20,8,0,4,valid
6294,1705636874,*CCCCCC(*)C,0.39985278,11,2,7,0,0,0,valid
2228,604200639,*CC(*)C(=O)OCCN(CC)c1ccc(N=Nc2ccc([N+](=O)[O-])cc2Cl)cc1,0.36808555,56,2,19,4,4,3,valid
3064,832293069,*CCN(*)C(=O)c1c(F)cccc1F,0.34715202,24,2,9,1,1,1,valid
5904,1601908846,*Oc1ccc(Sc2ccc(OC3(F)C(*)(F)C(F)(F)C3(F)F)cc2)cc1,0.36289708,49,2,15,2,0,0,valid
4913,1332282841,*CC(*)C(=O)OCCCCCCCCCCCn1c2ccccc2c2ccccc21,0.36992924,42,2,25,2,0,1,valid
6907,1870206037,*Nc1c(S(=O)(=O)O)cc2cc(S(=O)(=O)O)c(N)c(O)c2c1N*,0.32302544,48,2,10,7,3,4,valid
2154,583194891,*O[Si](*)(C)CCCCCCCCOc1ccc(C(=O)Oc2ccc(C#N)cc2C)cc1,0.37464171,51,2,24,4,1,1,valid
5991,1624631059,*CC(*)(C)C(=O)OCCCCCCOc1ccc(OC(=O)c2ccc(OCCCC)cc2)cc1,0.35532561,53,2,27,6,0,2,valid
7221,1950809751,*NC(O)(CC(N)(N)C(=O)O)N*,0.2981499,24,2,4,3,4,1,valid
2819,765310183,*C(=O)c1ccc2c(c1)C(=O)N(c1cc(N3C(=O)c4ccc(*)cc4C3=O)c(O)cc1O)C2=O,0.3634881,65,2,23,7,2,5,valid
3433,940363363,*c1ccc(Cc2ccc(N3C(=O)c4cc(-c5ccc(C(C)(C)C)cc5)c(-c5cc6c(cc5-c5ccc(C(C)(C)C)cc5)C(=O)N(*)C6=O)cc4C3=O)cc2)cc1,0.41910129,108,2,49,4,2,4,valid
4068,1100016656,*O[Si](C)(C)CCCC(=O)Oc1ccc(C=Nc2ccc(Oc3ccc(N=Cc4ccc(OC(=O)CCC[Si](*)(C)C)cc4)cc3)cc2)cc1,0.37725697,88,2,38,6,2,4,valid
951,260366998,*CCCCCCCCCOC(=O)c1ccc(C(=O)O*)cc1,0.35659382,33,2,17,4,0,2,valid
604,167636925,*Sc1ccc2c(c1)Sc1ccc(*)cc1S2,0.40790715,27,2,10,0,0,0,valid
4204,1137323137,*OC(=O)Oc1ccc(C(C)(C)c2ccc(OC(=O)OC3CC4CC(*)CC(C3)O4)cc2)cc1,0.34709392,60,2,25,7,0,2,valid
4726,1273620790,*CC(*)C(=O)OCCCCOc1ccc(N=Nc2ccc([N+](=O)[O-])cc2)cc1,0.35994367,52,2,19,5,3,3,valid
4156,1124320017,*Nc1ccc2c3ccccc3c3ccccc3c2c1N*,0.33446977,30,2,18,0,2,0,valid
6358,1722437751,*c1ccc2c(c1)C(=O)N(c1ccc(OCCOc3ccc(N4C(=O)c5ccc(C(*)(C(F)(F)F)C(F)(F)F)cc5C4=O)cc3)cc1)C2=O,0.36013194,91,2,33,6,2,4,valid
6509,1769579666,*Oc1ccc(Oc2ccc(C(=O)Nc3ccc(Oc4ccc(NC(=O)c5ccc(*)cc5)cc4)cc3)cc2)cc1-c1ccccc1,0.35976749,76,2,38,5,2,2,valid
5443,1477172876,*CC(*)C[Si](C)(C)C,0.41950012,18,2,6,0,0,0,valid
3347,916135247,*Oc1ccc(NC(=O)c2ccc(*)cc2)cc1,0.35267198,29,2,13,2,1,1,valid
2861,779877733,*C(=O)c1ccc2c(c1)C(=O)N(c1ccc(-c3ccc(N4C(=O)c5ccc(*)cc5C4=O)c(OCCCCCCOc4ccc(/C=C/c5ccc(F)cc5)cc4)c3)cc1OCCCCCCOc1ccc(/C=C/c3ccc(F)cc3)cc1)C2=O,0.36477665,142,2,69,9,2,7,valid
1196,321187243,*c1cccc(OCCCCCCCCCOc2cccc(N3C(=O)c4ccc(-c5cccc6c5C(=O)N(*)C6=O)cc4C3=O)c2)c1,0.35149035,76,2,37,6,2,4,valid
2235,605793172,*c1ccc2c(c1)C(=O)N(c1ccc(C(=O)Nc3ccc(Oc4ccc(C(c5ccc(Oc6ccc(NC(=O)c7ccc(N8C(=O)c9ccc(C(*)(C(F)(F)F)C(F)(F)F)cc9C8=O)cc7)cc6)cc5)(C(F)(F)F)C(F)(F)F)cc4)cc3)cc1)C2=O,0.36745826,162,2,60,8,4,6,valid
2862,780149366,*Nc1ccc(-c2ccccc2)c(-c2ccccc2)c1N*,0.3546781,34,2,18,0,2,0,valid
5857,1588401171,*Nc1ccc(C(CCC(c2ccc(N)cc2)c2ccc(N*)cc2)c2ccc(N)cc2)cc1,0.35794575,54,2,28,0,4,0,valid
271,76090504,*CC(*)OC(=O)C(Cl)(Cl)Cl,0.35515201,23,2,4,2,0,1,valid
1292,349759369,*Oc1cc(C(C)(C)C)c(Oc2ccc(C(=O)Nc3ccc(C(C)(C)c4ccc(NC(=O)c5ccc(*)cc5)cc4)cc3)cc2)cc1C(C)(C)C,0.3776416,91,2,43,4,2,2,valid
6581,1789414981,*CCC1C(=O)N(CC)C(=O)C1*,0.33175789,23,2,8,2,1,2,valid
4812,1300048574,*c1ccc2c(c1)C(=O)N(c1ccc(Oc3c(C(C)(C)C)cc(-c4ccc(N5C(=O)c6ccc(C(*)(C(F)(F)F)C(F)(F)F)cc6C5=O)cc4)cc3C(C)(C)C)cc1)C2=O,0.41772006,117,2,45,5,2,4,valid
6470,1755371243,*CCN(CCOC(=O)c1cc(OCc2cc(OCc3ccccc3)cc(OCc3ccccc3)c2)cc(C(=O)O*)c1)c1ccc(C=Cc2ccc(C=CC3=C(C#N)C(=C(C#N)C#N)OC3(c3ccccc3)C(F)(F)F)s2)cc1,0.36152186,135,2,62,8,4,6,valid
5976,1620174791,*Oc1ccc(N=C(c2ccccc2)c2ccc(Oc3ccc(C(c4ccccc4)(c4ccccc4)c4ccc(Oc5ccc(C(=Nc6ccc(*)cc6)c6ccccc6)cc5)cc4)cc3)cc2)cc1,0.38989325,112,2,63,3,2,2,valid
6141,1667507467,*CC(=O)C(*)C,0.3478615,12,2,4,1,0,1,valid
3365,921026823,*C=C[Ge](C=C[Si](*)(c1ccccc1)c1ccccc1)(c1ccccc1)c1ccccc1,0.39366166,56,2,28,0,0,2,valid
6306,1707333225,*CC(*)CCc1ccccc1,0.3743389,16,2,10,0,0,0,valid
6122,1661316204,*c1ccc(-c2ccc(-c3cnc4cc(Oc5ccc6nc(*)cnc6c5)ccc4n3)cc2)cc1,0.40678866,57,2,28,1,4,0,valid
5354,1453979051,*Nc1cc(Oc2ccccc2)c(N*)c2c1C(=O)c1c(N)c(Oc3ccccc3)cc(N)c1C2=O,0.34012349,60,2,26,4,4,2,valid
4424,1191042202,*CC(*)C(=O)OCCn1c2ccccc2c2ccccc21,0.35947428,33,2,16,2,0,1,valid
3549,970030032,*CC(*)OC(=O)C(F)(F)C(F)(F)C(F)(F)C(F)(F)C(F)(F)C(F)(F)C(F)(F)F,0.3287593,62,2,10,2,0,1,valid
7092,1917029887,*OC(=O)CNC(=O)CCCCCCCCC(=O)NCC(=O)OC1COC2C(*)COC12,0.32250215,50,2,20,8,2,4,valid
4594,1239746533,*CCCCCOC(=O)c1ccc2cc(C(=O)O*)ccc2c1,0.3442798,35,2,17,4,0,2,valid
6838,1853676235,*C(F)(F)C(*)(OC(F)(F)F)OC(F)(F)F,0.30939912,32,2,4,2,0,0,valid
3649,990921781,*CC(*)(C)C(=O)OCC(=O)N1CCCC1,0.33084137,28,2,10,3,1,2,valid
2091,563771441,*c1cc(C(=O)OC)cc(N2C(=O)CC(C3Cc4ccccc4C4C(=O)N(*)C(=O)C43)C2=O)c1,0.36013659,65,2,24,6,2,5,valid
664,184399060,*Cc1ccc(CSSS*)cc1,0.41886249,17,2,8,0,0,0,valid
3080,837296086,*OP(=O)(Oc1ccc(OC)cc1)Oc1ccc(S(=O)(=O)c2ccc(*)cc2)cc1,0.34736304,53,2,19,7,0,3,valid
4665,1256508173,*C(=O)Nc1cccc(Oc2ccc(S(=O)(=O)c3ccc(Oc4cccc(NC(=O)c5ccc(N6C(=O)c7ccc(*)cc7C6=O)cc5)c4)cc3)cc2)c1,0.35369558,96,2,40,8,3,6,valid
624,174572139,*CC(*)OC(=O)C(C)(C)CC(C)(C)C,0.37520737,28,2,11,2,0,1,valid
6239,1692408347,*CC(*)(C)C(=O)OCCN(C)c1ccc(N=Nc2ccc(S(=O)(=O)Nc3cc(C)on3)cc2)cc1,0.36514397,64,2,23,5,5,4,valid
5578,1512415132,*Nc1ccccc1-c1cccc(-c2cccc(-c3ccccc3)c2)c1N*,0.34626289,43,2,24,0,2,0,valid
279,80376161,*Oc1ccc(Oc2ccc(C(=O)c3ccc(C(=O)c4ccc(*)cc4)cc3)cc2)cc1-c1ccc(S(=O)(=O)O)cc1,0.37247097,75,2,32,7,0,4,valid
5010,1359082710,*c1ccc(Oc2ccc(C(c3ccc(Oc4ccc(-c5nnc(*)n5-c5cccc(C(F)(F)F)c5)cc4)cc3)(C(F)(F)F)C(F)(F)F)cc2)cc1,0.38188218,94,2,36,2,3,0,valid
6497,1765350912,*CCOCCOC(=O)c1ccccc1C(=O)O*,0.32806661,27,2,12,5,0,2,valid
455,126841859,*CC(=O)NCCCCCCNC(=O)COc1ccc(O*)cc1,0.3285221,34,2,16,4,2,2,valid
1651,443095393,*c1cc(CCOc2ccc(N=Nc3ccc(C#N)cc3)cc2)c(*)s1,0.38587992,42,2,19,1,3,1,valid
300,84753546,*c1ccc(Oc2cccc(Oc3ccc(N4C(=O)c5ccc(Oc6ccc(Sc7ccc(Oc8ccc9c(c8)C(=O)N(*)C9=O)cc7)cc6)cc5C4=O)cc3)c2)cc1,0.36216048,101,2,45,8,2,4,valid
5310,1443962559,*CC(=O)NCCCCCCNC(=O)COC(=O)CCCCCCCCC(=O)O*,0.33901503,42,2,20,6,2,4,valid
7408,2002993449,*CC(*)NC(=O)OC(C)(C)C,0.36612133,21,2,7,2,1,1,valid
1938,520740305,*Oc1ccc(Oc2ccc(C(=Nc3ccccc3)c3ccc(Oc4ccc(Oc5cccc(*)n5)cc4)cc3)cc2)cc1,0.37099152,69,2,36,4,2,1,valid
1977,532718186,*Nc1c(/C=N\O)cc(/C=N\O)c(N*)c1N,0.30882264,31,2,8,2,5,2,valid
2821,765521185,*CCCCCCCCCCCNC(=O)CCCCCCCCCCCCCCCCCCC(=O)N*,0.38269266,43,2,31,2,2,2,valid
5327,1447631278,*Oc1cccc(Oc2cccc(*)c2)c1C#N,0.37237337,27,2,13,2,1,0,valid
383,106050783,*c1ccc(Oc2cc(C(C)(C)C)c(Oc3ccc(N4C(=O)c5ccc(Oc6ccc7c(c6)C(=O)N(*)C7=O)cc5C4=O)cc3)cc2C(C)(C)C)cc1,0.40376048,97,2,42,7,2,4,valid
7763,2092278480,*Oc1ccc(C(=O)Nc2ccccc2-c2ccc(NC(=O)c3ccc(*)cc3)cc2)cc1,0.34957751,54,2,26,3,2,2,valid
1838,496407382,*Nc1c(F)c(F)c(-c2c(F)c(F)c(N*)c(F)c2F)c(F)c1F,0.33298496,45,2,12,0,2,0,valid
5169,1399980984,*CC(*)(C)C(=O)OCCCCCCC(F)(F)C(F)(F)C(F)(F)C(F)(F)C(F)(F)C(F)(F)C(F)(F)C(F)(F)C(F)(F)C(F)(F)C(F)(F)C(F)(F)F,0.348815,106,2,22,2,0,1,valid
4205,1137418125,*C=CCC(C*)c1ccccc1,0.38727971,18,2,11,0,0,1,valid
7897,2127024895,*OC(=CCC)C(CC)C(*)=O,0.37690028,20,2,8,2,0,2,valid
3147,852866777,*c1cccc(Cc2cccc(N3C(=O)c4ccc([Si](C)(C)c5ccc(-c6ccc([Si](C)(C)c7ccc8c(c7)C(=O)N(*)C8=O)cc6)cc5)cc4C3=O)c2)c1,0.38577325,108,2,45,4,2,4,valid
1749,471408495,*Oc1ccc(S(=O)(=O)c2ccc(Oc3ccc(C(C)(C)c4ccc(*)c(C(O)(C(F)(F)F)C(F)(F)F)c4)cc3C(O)(C(F)(F)F)C(F)(F)F)cc2)cc1,0.3757357,106,2,33,6,0,2,valid
5929,1608850279,*Oc1ccc(C2(c3ccc(OC(=O)OC4C(C)(C)C(OC(*)=O)C4(C)C)cc3)CCC(C(C)(C)C)CC2)cc1,0.37377889,74,2,32,6,0,2,valid
7055,1906633153,*Nc1ccc(NC(=O)CCCCCC(*)=O)cc1,0.3281237,29,2,13,2,2,2,valid
7372,1989599237,*c1ccc2c(c1)C(=O)N(c1cc(C(c3ccc(OC(=O)C45CC6CC(CC(C6)C4)C5)c(N4C(=O)c5ccc(C(*)(C(F)(F)F)C(F)(F)F)cc5C4=O)c3)(C(F)(F)F)C(F)(F)F)ccc1OC(=O)C13CC4CC(CC(C4)C1)C3)C2=O,0.39735492,162,2,56,8,2,6,valid
2026,546152235,*c1ccc2oc3ccc(S(*)(=O)=O)cc3c2c1,0.39759334,32,2,12,3,0,2,valid
7865,2116593356,*c1cc(CCCCCC)c(-c2ccc3c4ccc(-c5sc(-c6sc(*)c7nc(CC)c(CC)nc67)cc5CCCCCC)cc4n(CCCCCCCCCCCC)c3c2)s1,0.43100315,95,2,54,0,3,0,valid
4556,1226552406,*C(=O)Nc1ccc(NC(=O)c2ccc3c(c2)C(=O)N(c2cccc(N4C(=O)c5ccc(*)cc5C4=O)c2)C3=O)cc1,0.34777302,78,2,30,6,4,6,valid
6295,1705705134,*c1cccc(Oc2cccc(Oc3cccc(N4C(=O)c5ccc(Oc6ccc7c(c6)C(=O)N(*)C7=O)cc5C4=O)c3)c2)c1,0.35910287,79,2,34,7,2,4,valid
7406,2002874744,*CCCCCCCCCCCc1nc2ccc(-c3ccc4nc(*)oc4c3)cc2o1,0.37454114,44,2,25,2,2,0,valid
7444,2011999310,*OC(COCCCC)COC(*)=O,0.35933677,19,2,8,4,0,1,valid
406,111707044,*Nc1ccc(C2(c3ccc(N*)cc3)CCC[C@@H](CC=C)C2)cc1,0.3496808,45,2,21,0,2,1,valid
7887,2123232751,*c1nc(-c2ccccc2)nc(N(CCCCN(*)c2ccccc2)c2ccccc2)n1,0.38631994,49,2,25,0,5,0,valid
7154,1931909120,*Nc1ccc2c(N*)c3cc(N)ccc3c(N)c2c1,0.34576723,32,2,14,0,4,0,valid
5016,1360256183,*Cc1ccc(C(C)(C)c2ccc(CN3C(=O)c4ccc(C(c5ccc6c(c5)C(=O)N(*)C6=O)(C(F)(F)F)C(F)(F)F)cc4C3=O)o2)o1,0.35852465,94,2,32,6,2,4,valid
6347,1719719052,*Nc1ccc2cccc3c4c(N*)ccc5cccc(c1c23)c54,0.34011693,38,2,20,0,2,0,valid
7349,1984402033,*CCCCCCCCCCOc1ccc(-c2cc(-c3ccccc3)c(-c3ccc(NC(=O)c4ccc(C(=O)Nc5ccc(-c6c(-c7ccccc7)cc(-c7ccc(O*)cc7)cc6-c6ccccc6)cc5)cc4)cc3)c(-c3ccccc3)c2)cc1,0.37093746,142,2,78,4,2,2,valid
2896,788688131,*c1cc(OCCCCCCCCCCCCCCCC)cc(N2C(=O)c3ccc(Oc4ccc5c(c4)C(=O)N(*)C5=O)cc3C2=O)c1,0.37287134,76,2,38,6,2,4,valid
5546,1505164160,*Nc1ccccc1-c1c(N)ccc2c1ccc1c(-c3ccccc3N)c(N*)ccc12,0.35843699,50,2,26,0,4,0,valid
7298,1970556387,*Oc1cccc(NC(=O)c2ccc(C(=O)Nc3ccc(Oc4ccc(C(=O)c5ccc(*)cc5)cc4)cc3)cc2)c1,0.35216883,71,2,33,5,2,3,valid
3484,951940704,*c1ccc(-c2nc3cc(S(=O)(=O)c4ccc5nc(*)c(-c6ccccc6)nc5c4)ccc3nc2-c2ccccc2)cc1,0.43534029,74,2,34,2,4,2,valid
7331,1979011181,*c1ccc(Oc2ccc(-c3nc(-c4cccc(-c5nnc(-c6ccccc6)c(*)n5)n4)nnc3-c3ccccc3)cc2)cc1,0.41817078,76,2,35,1,7,0,valid
2390,649600195,*CCCCCCCCCCCCN1C(=O)c2ccc(C(=O)c3ccc4c(c3)C(=O)N(*)C4=O)cc2C1=O,0.35477028,63,2,29,5,2,5,valid
708,198466108,*Oc1ccc(OC(=O)c2ccc(C(*)=O)cc2Oc2ccc(-c3ccccc3)cc2)cc1,0.35036936,54,2,26,5,0,2,valid
2818,765135916,*Nc1ccc(C(CC)=C(c2ccc(N)cc2)c2ccc(N*)cc2)cc1,0.36758067,44,2,22,0,3,1,valid
3007,816699374,*CC(*)c1ccc(S(=O)(=O)OCCC)cc1,0.37741586,29,2,11,3,0,2,valid
5764,1563844313,*NCCSCCN*,0.323520965,9,2,4,0,2,0,valid
4975,1346910233,*CCCCCCCCCCCCOc1ccc(N(c2ccccc2)c2ccc(-c3ccc(N(c4ccccc4)c4ccc(O*)cc4)cc3)cc2)cc1,0.39073827,79,2,48,2,2,0,valid
5848,1586829326,*Nc1ccc(C(C)(C)c2ccc(NC(=O)c3cccc(C(*)=O)c3)cc2)cc1,0.35733919,51,2,23,2,2,2,valid
5629,1527011099,*C(=O)N1C(=O)N(C(=O)c2ccc3c(c2)C(=O)N(c2ccc(Oc4ccc(N5C(=O)c6ccc(*)cc6C5=O)cc4)cc2)C3=O)C(CC)(CC)C1=O,0.36982444,100,2,37,9,4,8,valid
2641,719507082,*c1ccc([Si](c2ccccc2)(c2ccccc2)c2ccc(-c3ccc4c(c3)c3cc(*)ccc3n4CCCCCC#N)cc2)cc1,0.39438801,78,2,42,0,2,0,valid
6105,1654848941,*Oc1ccc(CCNC(=O)c2cccc(C(*)=O)c2)cc1,0.33770384,36,2,16,3,1,2,valid
4084,1104675070,*Oc1ccc(C(c2ccc(OC(*)=O)cc2)C2CC3CC2C2C4CCC(C4)C32)cc1,0.37873472,54,2,26,3,0,1,valid
4383,1180503880,*CCCCCCOC(=O)NC1CCC(CC2CCC(NC(=O)OCCCCCCOc3ccc(CCc4ccc(O*)cc4)cc3)CC2)CC1,0.36064219,73,2,41,6,2,2,valid
5382,1461861414,*c1ccc(-c2nnc(*)o2)c(OCCCCCCCCCC)c1,0.41425345,35,2,18,2,2,0,valid
4753,1284164313,*c1ccc(Oc2ccc(-c3nc4cc(Oc5ccc6nc(*)c(-c7ccccc7)nc6c5)ccc4nc3-c3ccccc3)cc2)cc1,0.41462508,77,2,40,2,4,0,valid
1716,463127063,*C(=O)OCCCCCOC(=O)c1ccc(NC(=O)c2ccc(N3C(=O)c4ccc(*)cc4C3=O)cc2)cc1,0.3374244,66,2,28,7,2,5,valid
2717,739506612,*C(=O)c1ccc2c(c1)C(=O)N(c1ccc(Oc3ccccc3N3C(=O)c4ccc(*)cc4C3=O)cc1)C2=O,0.36896466,70,2,29,6,2,5,valid
4372,1178419855,*c1ccc2c(c1)C(=O)N(c1cc(C(=O)Nc3c(C)cc(-c4cc(C)c(NC(=O)c5ccc(C)c(N6C(=O)c7ccc(C(*)(C(F)(F)F)C(F)(F)F)cc7C6=O)c5)c(C)c4)cc3C)ccc1C)C2=O,0.38149095,134,2,51,6,4,6,valid
1406,378178373,*c1cc(Br)c(OC(=O)c2ccc(C(=O)Oc3c(Br)cc(C4(*)OC(=O)c5ccccc54)cc3Br)cc2)c(Br)c1,0.41948189,77,2,28,6,0,3,valid
3003,816208987,*CC(O)CN(*)c1cc(C)c(N=Nc2ccc(Cl)cc2)c(C)c1,0.38104863,42,2,17,1,3,1,valid
3183,865332656,*CCCCCCCCCCCC(=O)N(*)C,0.37628119,22,2,13,1,1,1,valid
7271,1964501919,*c1ccc(Oc2ccc(C(c3ccc(Oc4ccc(-c5nnc(*)n5-c5ccc(S(C)(=O)=O)cc5)cc4)cc3)(C(F)(F)F)C(F)(F)F)cc2)cc1,0.38547657,96,2,36,4,3,2,valid
6323,1713382325,*CCCS(=O)(=O)CCCS(=O)(=O)CCCOC(=O)c1ccccc1C(=O)O*,0.34598404,49,2,17,8,0,6,valid
4688,1263366372,*Oc1ccc(CC(NC(=O)CCc2ccc(OC(=O)CCCC(*)=O)cc2)C(=O)OCc2ccccc2)cc1,0.33929019,64,2,30,7,1,4,valid
5930,1609267020,*CC(C)(C)COC(=O)NC(=O)c1cc(C(=O)NC(=O)O*)cc(C(C)(C)C)c1,0.33019089,55,2,19,6,2,4,valid
3459,947769028,*Oc1ccc(C2(c3ccc(Oc4ccc(C=NN=Cc5ccc(*)cc5)cc4)cc3)c3ccccc3-c3ccccc32)cc1,0.39319174,72,2,39,2,2,2,valid
6807,1847105802,*CC(*)(CC(=O)Oc1ccccc1)C(=O)Oc1ccccc1,0.34963263,37,2,17,4,0,2,valid
7888,2124031511,*c1ncnc(N(CCCCCCN(*)c2ccccc2)c2ccccc2)n1,0.38019427,40,2,21,0,5,0,valid
1990,536792438,*Nc1ccc2c(c1)-c1ccccc1C21c2cc(N)ccc2-c2ccc(N*)cc21,0.3825956,50,2,25,0,3,0,valid
3190,866841862,*Nc1ccc(C(C)=C(c2ccc(N)cc2)c2ccc(N*)cc2)cc1,0.36759676,43,2,21,0,3,1,valid
6073,1647029479,*Cc1cccc(CNC(=O)c2cccc(C(=O)N*)c2)c1,0.32986558,36,2,16,2,2,2,valid
6982,1888293192,*Nc1ccc(C(c2ccc(N*)cc2)c2ccc(C(C)(C)C)cc2)cc1,0.36825917,45,2,23,0,2,0,valid
2799,761520590,*Nc1cccc2c1-c1c(N*)cccc1C2(c1ccccc1N)c1ccccc1N,0.36322501,46,2,25,0,4,0,valid
2898,789164013,*CC(*)(C)C(=O)OCCCCCCn1c2ccccc2c2cc(N=Nc3ccc([N+](=O)[O-])cc3[N+](=O)[O-])ccc21,0.3638222,79,2,27,6,4,4,valid
7225,1951638627,*Oc1ccc(CC(C#N)(Cc2ccc(*)cc2)c2ccccc2)cc1,0.38378545,41,2,22,1,1,0,valid
6159,1671135336,*CC(C)(CO*)COCC(F)(F)F,0.36946745,22,2,7,2,0,0,valid
798,225304239,*C(=O)Nc1ccc(Oc2ccc(Oc3ccc(NC(=O)c4ccc5c(c4)C(=O)N(c4ccc(Oc6cccc7c(Oc8ccc(N9C(=O)c%10ccc(*)cc%10C9=O)cc8)cccc67)cc4)C5=O)cc3)cc2)cc1,0.36000298,132,2,58,10,4,6,valid
3443,942798505,*Oc1ccc(CC(NC(=O)CCc2ccc(OC(=O)COCC(*)=O)cc2)C(=O)OCCOCCOCC)cc1,0.33608462,63,2,28,10,1,4,valid
6796,1844365452,*CCNC(=O)c1cccc(C(=O)NCCOc2cccc3c(O*)cccc23)c1,0.33080425,46,2,22,4,2,2,valid
6079,1648622866,*O[Si](*)(C)CCCn1c2ccccc2c2ccccc21,0.37981607,34,2,15,1,0,0,valid
80,21279513,*Oc1ccc(C2(c3ccc(OC4(F)C(*)(F)C(F)(F)C4(F)F)cc3)c3ccccc3-c3ccccc32)cc1,0.38927007,70,2,29,2,0,0,valid
5021,1362829798,*CC(*)P(=O)(OCC)N(C)C,0.3661564,21,2,6,2,1,1,valid
7447,2013254124,*CC(O)COc1ccc(C(C)(c2ccccc2)c2ccc(O*)cc2)cc1,0.35423156,44,2,23,3,0,0,valid
1356,367646881,*c1ccc(Oc2ccc(-c3cnc4cc(Oc5ccc6nc(*)cnc6c5)ccc4n3)cc2)cc1,0.40222325,57,2,28,2,4,0,valid
2939,799283066,*CC=CCOC(=O)C(Cc1ccccc1)NC(=O)CCCCCCCCC(=O)NC(Cc1ccccc1)C(=O)O*,0.35266121,63,2,32,6,2,5,valid
1283,346973737,*CC(*)(F)C(=O)OCCC(F)(F)C(F)(F)C(F)(F)C(F)(F)C(F)(F)C(F)(F)C(F)(F)C(F)(F)C(F)(F)C(F)(F)F,0.34227403,88,2,15,2,0,1,valid
1418,380971589,*CC(*)(C)C(=O)OCCN(CC)c1ccc(N=Nc2ccc(OC)cc2)c(C)c1,0.36983634,50,2,22,3,3,2,valid
7121,1922843556,*C(=O)OCCCCCCCCCCCCCCCCCCCCCCOC(=O)c1ccc(N2C(=O)c3ccc(*)cc3C2=O)cc1,0.36802626,67,2,38,6,1,4,valid
6566,1786011241,*CC(*)(C)C(=O)OCCCCCCCCCCCCCCC(=O)NC1OC(CO)C(OC2OC(CO)C(O)C(O)C2O)C(O)C1O,0.32366656,73,2,31,13,1,2,valid
3785,1027277278,*C=Cc1ccc2c(c1)C(CCCCCC)(CCCCCC)c1cc(C=Cc3nc(*)c(C#N)c(C=Cc4ccc(N(c5ccccc5)c5ccccc5)cc4)c3C#N)ccc1-2,0.40662582,100,2,56,0,4,3,valid
4524,1217901314,*c1ccc2c(c1)C(=O)N(c1cccc(C(F)(F)C(F)(F)C(F)(F)C(F)(F)C(F)(F)c3cccc(N4C(=O)c5ccc(C(F)(F)C(F)(F)C(F)(F)C(*)(F)F)cc5C4=O)c3)c1)C2=O,0.34717027,129,2,37,4,2,4,valid
1814,489644096,*CCCNC(=O)C(NC(=O)C(Cc1ccccc1)NC(=O)CCCCCCCCC(=O)NC(Cc1ccccc1)C(=O)NC(C(=O)NCCCOCCOCCO*)C(C)C)C(C)C,0.34899724,99,2,48,9,6,6,valid
4408,1186809405,*CCN(CCOC(=O)c1ccc(C(=O)O*)c(OC)c1)c1ccc(N=Nc2ccc(C=Cc3nc4ccc([N+](=O)[O-])cc4n3CC)cc2)cc1,0.35606018,90,2,36,7,6,5,valid
4209,1138111441,*O[Si](C)(C)O[Si](C)(C)O[Si](C)(C)O[Si](C)(C)Oc1c(C)cc(-c2cc(C)c(*)c(C)c2)cc1C,0.4031994,78,2,24,5,0,0,valid
4923,1333923150,*NCCCNCCCN*,0.3265421,11,2,6,0,3,0,valid
1540,413205726,*Nc1ccc(C(C)(C)c2cccc(C(C)(C)c3ccc(N*)cc3)c2)cc1,0.35755493,48,2,24,0,2,0,valid
7953,2143562639,*c1ccc(-c2nc3cc(-c4ccc5nc(*)c(-c6ccc7ccccc7c6)nc5c4)ccc3nc2-c2ccc3ccccc3c2)cc1,0.43086415,78,2,42,0,4,0,valid
493,136676580,*Nc1cc(Oc2cccc(OCC)c2)c(N*)c2c1C(=O)c1c(N)c(Oc3cccc(OCC)c3)cc(N)c1C2=O,0.33487592,70,2,30,6,4,2,valid
1256,337825369,*C1CCOC1*,0.35254503,9,2,4,1,0,0,valid
2978,810464372,*Oc1ccc(-c2ccc(Oc3ccc(Oc4cccc(Oc5ccc(*)cc5)c4C)cc3)c3ccccc23)c2ccccc12,0.38357509,70,2,39,4,0,0,valid
6478,1757237275,*Cc1ccc(CSSSS*)cc1,0.42976694,18,2,8,0,0,0,valid
729,204433294,*C(=O)OC1CC(*)N(C(=O)OCc2ccccc2)C1,0.33476928,34,2,13,4,1,2,valid
1778,478818056,*c1ccc(Oc2ccc(C(C)(C)c3ccc(Oc4ccc(-c5nnc(*)n5-c5ccc(S(C)(=O)=O)cc5)cc4)cc3)cc2)cc1,0.38732371,82,2,36,4,3,2,valid
6053,1640897195,*c1cccc(Oc2ccc(P(=O)(c3ccccc3)c3ccccc3)c(Oc3cccc(N4C(=O)c5ccc(Oc6ccc7c(c6)C(=O)N(*)C7=O)cc5C4=O)c3)c2)c1,0.37114282,104,2,46,8,2,5,valid
6078,1648532900,*CC(*)(C)C(=O)OCCOCCOCC[N+](CC)(CC)CCCCS(=O)(=O)O,0.40560629,49,2,18,7,1,3,valid
3226,879855559,*Nc1ccc(C2(c3ccc(N*)cc3)CCC(CC)CC2)cc1,0.35312515,38,2,20,0,2,0,valid
3961,1073329534,*Oc1ccc(C(C)(C)c2cccc(C(C)(C)c3ccc(Oc4ccc(C(=O)Nc5ccc(NC(=O)c6ccc(*)cc6)cc5)cc4)cc3)c2)cc1,0.36368772,90,2,44,4,2,2,valid
7806,2103439506,*CCC[Si](*)(C)C[Si](C)(C)C,0.40507893,26,2,8,0,0,0,valid
706,197916751,*Oc1ccc(OC(=O)c2cc(OCCCCCOCC3CCCN3c3ccc([N+](=O)[O-])cc3)c(C(*)=O)cc2OCCCCCOCC2CCCN2c2ccc([N+](=O)[O-])cc2)cc1,0.35296749,110,2,46,12,4,4,valid
1428,383211120,*c1cc(CCCCCCCC)c(*)s1,0.41466296,21,2,12,0,0,0,valid
6309,1708403731,*Oc1ccc(S(=O)(=O)c2ccc(Oc3ccc(-c4ccc(-c5ccc(*)cc5)cc4)cc3)cc2)cc1,0.36454739,65,2,30,4,0,2,valid
538,150274872,*Oc1ccc(C(C)(C)c2ccc(Oc3cccc(*)n3)cc2)cc1,0.3589821,41,2,20,2,1,0,valid
1821,492004375,*c1ccc(Oc2cccc(Oc3ccc(N4C(=O)c5ccc(-c6ccc7c(c6)C(=O)N(*)C7=O)cc5C4=O)cc3)c2)cc1,0.35547349,79,2,34,6,2,4,valid
5282,1436330682,*c1ccc2c(c1)C(=O)N(c1ccc(C(C)(C)c3ccc(N4C(=O)c5ccc(C(*)(C(F)(F)F)C(F)(F)F)cc5C4=O)cc3)cc1)C2=O,0.40114484,94,2,34,4,2,4,valid
1675,449447335,*Nc1ccc(C(c2ccc(C)cc2)c2ccc(N*)cc2)cc1,0.35885814,38,2,20,0,2,0,valid
3437,941113349,*Nc1ccc2ccc3c(N*)c(-c4cccc(-c5cccc(C6(c7ccccc7)c7ccccc7-c7ccccc76)c5)c4)cc4ccc1c2c43,0.36666503,84,2,47,0,2,0,valid
6127,1662473606,*O[Si](C)(C)O[Si](C)(C)O[Si](C)(C)O[Si](C)(C)O[Si](C)(C)c1ccc([Si](*)(C)C)cc1,0.44568378,77,2,18,5,0,0,valid
3702,1003416473,*C(Cl)=C(*)c1ccccc1,0.41584019,19,2,8,0,0,1,valid
4160,1126464769,*Oc1cc(OCCOC)c(OC(=O)c2ccc(C(*)=O)cc2-c2ccccc2)cc1OCCOC,0.35160749,55,2,26,8,0,2,valid
4677,1259678348,*CC(*)C(=O)Oc1ccc(-c2ccccc2)cc1,0.3489094,31,2,15,2,0,1,valid
5591,1515428777,*CCCCCCNC(=O)c1cc(C(=O)N*)cc(C(C)(C)C)c1,0.35198152,40,2,18,2,2,2,valid
3645,990486279,*c1ccc2c(c1)C(=O)N(c1cc(N3C(=O)c4ccc(C(*)(C(F)(F)F)C(F)(F)F)cc4C3=O)ccc1C)C2=O,0.39717883,78,2,26,4,2,4,valid
1224,328180933,*Oc1ccc2c(c1)C(C)(c1ccc(OC(=O)c3cccc(C(*)=O)c3)cc1)CC2(C)C,0.37445789,58,2,26,4,0,2,valid
2972,808476294,*c1ccc(Oc2ccc(N3C(=O)c4ccc([Si](C)(C)O[Si](C)(C)c5ccc6c(c5)C(=O)N(c5ccc(Oc7ccc(-c8nnc(*)o8)cc7)cc5)C6=O)cc4C3=O)cc2)cc1,0.38811487,119,2,46,8,4,4,valid
1906,512910152,*Oc1ccc(OC(=O)c2ccc(C(*)=O)cc2)cc1CCC(C)CC,0.36764401,42,2,20,4,0,2,valid
2744,747579493,*O[Si](C)(C)O[Si](C)(C)O[Si](C)(C)O[Si](C)(C)O[Si](C)(C)OC(C)CCC(*)C,0.43809694,68,2,16,6,0,0,valid
6710,1818615314,*CC1CCC(CNC(=O)CCCCC(=O)N*)CC1,0.33681395,30,2,14,2,2,2,valid
7246,1957426818,*c1c(C)cc(C(c2cccnc2)c2cc(C)c(N3C(=O)CC(Nc4ccc(Cc5ccc(NC6CC(=O)N(*)C6=O)cc5)cc4)C3=O)c(C)c2)cc1C,0.3862315,96,2,43,4,5,4,valid
3504,957944731,*c1ccc(OC(=O)c2ccc(C(=O)Oc3ccc(C4(*)OCc5ccccc54)cc3)cc2)cc1,0.36114179,59,2,28,5,0,2,valid
4488,1208847299,*C(=S)Nc1ccc(Oc2ccc(NC(=S)N3C(=O)c4ccc(C(=O)c5ccc6c(c5)C(=O)N(*)C6=O)cc4C3=O)cc2)cc1,0.35715427,84,2,31,6,4,7,valid
7114,1920918510,*CC(*)(C)C(=O)OCCCCCC(=O)Oc1ccc(OC(=O)c2ccc(OCCCC)cc2)cc1,0.34676418,57,2,27,7,0,3,valid
7776,2097105908,*Nc1ccc(C2(c3ccc(N*)cc3)C(C(C)C)=CC=C[C@H]2C(C)C)cc1,0.36819096,52,2,24,0,2,2,valid
5643,1530164061,*CC(*)OC(=O)c1cccc([N+](=O)[O-])c1,0.37430809,34,2,9,4,1,2,valid
6314,1710766762,*CC(*)(C)C(=O)OCCCCCCOc1ccc(N=Nc2ccc(OCCCCCCCCCC)cc2)cc1,0.37981521,56,2,32,4,2,2,valid
1610,433310037,*Oc1ccc(S(=O)(=O)c2ccc(Oc3ccc(C(c4ccccc4)(c4ccccc4)c4ccc(*)cc4)cc3)cc2)cc1,0.39496147,74,2,37,4,0,2,valid
2111,570358353,*c1ccc(N2C(=O)c3ccc(-c4ccc5c(c4)C(=O)N(c4ccc6[nH]c(*)nc6c4)C5=O)cc3C2=O)cc1,0.39933775,75,2,29,4,4,4,valid
2063,555131075,*Oc1ccc(C(c2ccccc2)c2ccc(OC(*)=O)cc2)cc1,0.36406756,40,2,20,3,0,1,valid
4467,1203618670,*CCCCCCOP(=O)(N=Nc1ccc(Oc2ccc(N=NP(=O)(O*)OC)cc2)cc1)OC,0.36018857,55,2,20,7,4,4,valid
1692,455931063,*CC(*)Cc1cccc(C)c1,0.38592652,18,2,10,0,0,0,valid
39,10061985,*CCCCCCCCCCN1C(=O)c2ccc(-c3ccc(-c4ccc5c(c4)C(=O)N(*)C5=O)cc3)cc2C1=O,0.3487648,68,2,32,4,2,4,valid
497,138808143,*CCOCCOC(=O)CCCC(=O)O*,0.32465489,22,2,9,5,0,2,valid
2670,726901134,*Oc1ccc(C2(c3ccc(OC(*)=S)cc3)CCC(C)CC2)cc1,0.36588296,42,2,20,2,0,1,valid
4128,1116045273,*CC(*)c1cccc2c1OCO2,0.35639333,19,2,9,2,0,0,valid
3594,979211683,*CC(*)c1ccc(C(=O)OCC)cc1,0.36916022,24,2,11,2,0,1,valid
1476,395903864,*Nc1cc2c(cc1C)c1cc(N*)c(N)cc1c1cc(N)c(N)cc12,0.33922457,44,2,19,0,5,0,valid
5898,1600032316,*C(=O)c1ccc2c(c1)C(=O)N(c1cccc(C(=O)c3ccc(Oc4ccc(N5C(=O)c6ccc(*)cc6C5=O)cc4)cc3)c1)C2=O,0.36374877,87,2,36,7,2,6,valid
5018,1361620762,*C=CC(C)C(*)C(=O)OC,0.36981772,19,2,7,2,0,2,valid
3857,1046064945,*C=C(*)c1ccccc1C[Si](C)(C)C,0.43642908,27,2,12,0,0,1,valid
2427,664256549,*Nc1ccc(C2(c3ccc(N*)cc3)CCC([C@H]3CC[C@H](C)CC3)CC2)cc1,0.36506372,55,2,25,0,2,0,valid
2977,810221803,*CCCC(CCNC(=O)c1ccc(C(=O)N*)cc1)C(C)C,0.34137267,37,2,17,2,2,2,valid
4534,1220760786,*CCCCCCCCCCCCCCCCCCNC(=O)CCc1ccc(CCC(=O)N*)cc1,0.37301777,46,2,30,2,2,2,valid
7704,2076683779,*CC(C)(C)COC(=O)C1CCC(C(=O)O*)CC1,0.35306926,33,2,13,4,0,2,valid
1930,519498812,*CC(*)(C)C(=O)OCCCCCCOc1ccc(C(=O)Oc2ccc(C#N)cc2)cc1,0.34952395,51,2,24,5,1,2,valid
5846,1584683487,*CC(*)(C)C(=O)OCCCCCCOc1ccc(N=Nc2ccc(C3OCC4(CO3)CC3C=CC4C3)cc2)cc1,0.3605339,66,2,32,5,2,3,valid
1941,521718706,*Oc1ccc(S(=O)(=O)c2ccc(Oc3ccc(C4(c5ccc(Oc6ccc(S(=O)(=O)c7ccc(Oc8ccc(C=C9CCCCC(=Cc%10ccc(*)cc%10)C9=O)cc8)cc7)cc6)cc5)CCCCCC4)cc3)cc2)cc1,0.37546992,136,2,64,9,0,7,valid
5874,1591697879,*Oc1ccc(S(=O)(=O)c2ccc(Oc3ccc(NC(=O)c4cc(NC(=O)c5ccncc5)cc(C(=O)Nc5ccc(*)cc5)c4)cc3)cc2)cc1,0.35362805,91,2,38,7,4,5,valid
6343,1719173195,*Nc1c(C)cc(C[C@H](c2cc(C)c(N*)c(C)c2)[C@@H](Cc2ccc(N)c(C(C)(C)C)c2)c2ccc(N)c(C(C)(C)C)c2)cc1C,0.38595192,93,2,40,0,4,0,valid
4104,1109873532,*C(=O)OCCOC(=O)c1ccccc1N1C(=O)c2ccc(*)cc2C1=O,0.34278751,45,2,18,6,1,4,valid
417,114287113,*C=Cc1cc(OCC2CC3CC2C2CCCC32)c(*)cc1OC,0.36979921,37,2,20,2,0,1,valid
6121,1660751847,*CCCCCCCCCCOC(=O)NCCCCCCNC(=O)O*,0.35820456,32,2,18,4,2,2,valid
7544,2038692066,*C=C(*)c1ccccc1[Ge](C)(C)C,0.44377353,26,2,11,0,0,1,valid
158,48202315,*c1ccc(Oc2ccc(Oc3ccc(P(=O)(c4ccccc4)c4ccc(Oc5ccc(Oc6ccc(-c7nc8cc9sc(*)nc9cc8s7)cc6)cc5)cc4)cc3)cc2)cc1,0.40182864,102,2,50,5,2,1,valid
4989,1350837084,*CC(C)(CC)C(=O)O*,0.3539173,17,2,6,2,0,1,valid
7414,2004174775,*C=Cc1ccc2c(c1)C(CCCCCCOc1ccc3ccc(=O)oc3c1)(CCCCCCOc1ccc3ccc(=O)oc3c1)c1cc(C=Cc3ccc4c(c3)C(CCCCCC)(CCCCCC)c3cc(*)ccc3-4)ccc1-2,0.3721787,126,2,72,6,0,4,valid
6541,1779443972,*CC(*)(C)C(=O)OCc1ccc[se]1,0.35173384,26,2,9,2,0,1,valid
805,226561298,*Oc1ccc2ccc(Oc3ccc(C(=Nc4ccc(Oc5ccc(N=C(c6ccccc6)c6ccc(*)cc6)cc5)cc4)c4ccccc4)cc3)cc2c1,0.38273527,87,2,48,3,2,2,valid
3606,981880572,*CCCCCC(=O)Oc1ccc2ccc(OC(=O)c3ccc4c(c3)C(=O)N(*)C4=O)cc2c1,0.3370471,58,2,25,6,1,4,valid
7020,1896795195,*CC(*)(C)C(=O)OCc1ccc(Cl)c(Cl)c1,0.35729851,32,2,11,2,0,1,valid
5004,1357039642,*Oc1ccc(S(=O)(=O)c2ccc(-c3ccc(S(=O)(=O)c4ccc(*)cc4)cc3)cc2)cc1,0.37627805,62,2,24,5,0,4,valid
7561,2042805767,*c1ccc(Oc2ccc(-c3ccc(-c4ccc(-c5ccc(Oc6ccc(-c7c8c(c(*)c9ccccc79)C(=O)N(c7ccccc7)C8=O)cc6)c(C(F)(F)F)c5)cc4)cc3)cc2C(F)(F)F)cc1,0.38592112,125,2,56,4,1,2,valid
456,127626732,*CC(*)(Cl)C(=O)OC,0.32998468,17,2,4,2,0,1,valid
21,5650517,*Oc1ccc(CC(NC(=O)CCc2ccc(OC(=O)CCCC(*)=O)cc2)C(=O)OCC)cc1,0.33573247,57,2,25,7,1,4,valid
1145,307817942,*c1ccc(Oc2ccc(Oc3ccc(NC(=O)c4ccc(Oc5cccc6c5C(=O)N(*)C6=O)cc4)cc3)cc2)cc1,0.35768777,72,2,33,6,2,3,valid
2728,744301389,*OC(COC(=O)C1=C(C(=O)OCC(COC(=O)C2=C(c3ccccc3)C3C=CC2C3)OC(=O)c2ccc(C(*)=O)cc2)C2C=CC1C2)COC(=O)C1=C(c2ccccc2)C2C=CC1C2,0.34889157,119,2,51,12,0,12,valid
2878,783252697,*CCCCCCCCCCCCOC(=O)NCc1ccc(CNC(=O)O*)cc1,0.35707291,40,2,22,4,2,2,valid
2705,735659533,*CC(*)OCCCCCCCCCCCOc1ccc(C(=O)Oc2ccc(C#N)cc2)cc1,0.36822065,48,2,27,4,1,1,valid
6395,1733327889,*O*CCCCCCCCCC(=O)Oc1ccc(-c2ccc(C(=O)Oc3cccc(OC(=O)c4ccc(-c5ccc(OC(=O)CCCCCCCCC(*)CO*)cc5)cc4)c3[N+](=O)[O-])cc2)cc1,0.38046147,115,4,53,12,1,5,valid
47,11955349,*C(=Nc1ccccc1)c1ccc(-c2ccc(*)cc2)cc1,0.39901234,36,2,19,0,1,1,valid
3199,869708404,*c1ccc2c(c1)C(=O)N(c1cc(NC(=O)OCCN(CCOC(=O)Nc3cc(N4C(=O)c5ccc(C(*)(C(F)(F)F)C(F)(F)F)cc5C4=O)ccc3C)c3ccc(N=Nc4ccc([N+](=O)[O-])cc4)cc3)ccc1C)C2=O,0.35814265,145,2,51,10,8,8,valid
3809,1034104971,*CCOC(=O)NC1CCC(CC2CCC(NC(=O)OCCOc3ccc(C4(c5ccc(O*)cc5)c5ccccc5-c5ccccc54)cc3)CC2)CC1,0.35609978,85,2,44,6,2,2,valid
3416,935965318,*NCCCCCCCN*,0.33180826,11,2,7,0,2,0,valid
3800,1032864427,*c1cccc(N2C(=O)c3ccc(Oc4ccc5c(c4)C4(CC(C)(C)c6ccc(Oc7ccc8c(c7)C(=O)N(*)C8=O)cc64)CC5(C)C)cc3C2=O)c1,0.38956456,99,2,43,6,2,4,valid
4967,1345726690,*CC#CCOC(=O)CCCCCCC(=O)O*,0.35175594,25,2,12,4,0,2,valid
12,3053950,*c1cccc(N2C(=O)c3ccc(Oc4ccc5ccc(Oc6ccc7c(c6)C(=O)N(*)C7=O)cc5c4)cc3C2=O)c1,0.36481552,74,2,32,6,2,4,valid
5381,1461784308,*c1ccc(N(c2ccc(C#N)cc2)c2ccc(N3C(=O)c4ccc(Oc5ccc(C(C)(C)c6ccc(C(C)(C)c7ccc(Oc8ccc9c(c8)C(=O)N(*)C9=O)cc7)cc6)cc5)cc4C3=O)cc2)cc1,0.395355,128,2,59,6,4,4,valid
1340,362892396,*Nc1ccc(CCCCc2ccc(N*)cc2)cc1,0.34199263,28,2,16,0,2,0,valid
2222,602457926,*C(=O)c1ccc2c(c1)C(=O)N(c1cccc(N3C(=O)c4ccc(*)cc4C3=O)c1)C2=O,0.37554378,61,2,23,5,2,5,valid
2827,766443404,*C(F)(F)C1(*)OC(F)(C(F)(F)F)C(F)(C(F)(F)F)O1,0.33383626,44,2,6,2,0,0,valid
3238,884131140,*CCOCCOCCN1C(=O)c2ccc(C(=O)Oc3ccc(OC(=O)c4ccc5c(c4)C(=O)N(*)C5=O)c(-c4ccccc4)c3)cc2C1=O,0.33757456,87,2,36,10,2,6,valid
4362,1175753193,*C(=O)Oc1ccc(OC(=O)c2ccc3c(c2)C(=O)N(c2ccc(Oc4ccc(N5C(=O)c6ccc(*)cc6C5=O)cc4)cc2)C3=O)c(-c2ccccc2)c1,0.35913328,100,2,42,9,2,6,valid
1172,314234289,*Nc1cccc(NC(=O)c2ccc(C(=O)Nc3cccc(NC(=S)NC(=O)c4cccc(C(=O)NC(*)=S)c4)c3)cc2)c1,0.34075834,78,2,30,4,6,6,valid
4344,1170082688,*CCCCCCCCCCNC(C)=N*,0.39022876,19,2,12,0,2,1,valid
3376,924584081,*c1ccc(N(c2ccc(C#N)cc2)c2ccc(N3C(=O)c4ccc(Oc5ccc(C(c6ccc(Oc7ccc8c(c7)C(=O)N(*)C8=O)cc6)(C(F)(F)F)C(F)(F)F)cc5)cc4C3=O)cc2)cc1,0.39334445,125,2,50,6,4,4,valid
1094,295275980,*CC(*)(C)C(=O)OCCCCCCCCCCCCOc1ccc(C(=O)Oc2ccc(-c3cccc(OC(=O)c4ccc(OC(=O)c5ccc(OCCCCCCCCCCCC)cc5)cc4)c3)cc2)cc1,0.36392032,110,2,61,10,0,4,valid
3264,890414662,*c1ccc2c(c1)C(=O)N(c1cccc(C(=O)Nc3ccc(NC(=O)c4ccc(NC(=O)c5cccc(N6C(=O)c7ccc(C(*)(C(F)(F)F)C(F)(F)F)cc7C6=O)c5)cc4)cc3)c1)C2=O,0.35268551,125,2,46,7,5,7,valid
3408,934242824,*CNC(=O)OCCOC(=O)NCc1ccc(C(C)(C)c2ccc(*)o2)o1,0.33830674,45,2,17,6,2,2,valid
3771,1023305390,*NNC(=O)c1cc(NC(=O)c2ccc3c(c2)C(=O)N(c2ccc(C)cn2)C3=O)cc(C(=O)NNC(=O)C(*)=O)c1,0.33035557,78,2,25,7,7,7,valid
7226,1951901460,*C=C(C#N)C(=O)OCCCCCCCCCCOC(=O)C(C#N)=Cc1ccc2c(c1)c1cc(*)ccc1n2CCCCCCCCCCCCCC,0.38039745,77,2,44,4,3,4,valid
828,231567628,*CC(*)(C)C(=O)OCc1cccs1,0.35173384,23,2,9,2,0,1,valid
4968,1345866279,*O[Si](*)(C)c1ccc(C)cc1,0.39948933,23,2,8,1,0,0,valid
1648,442588281,*c1ccc(NC(=O)CCCCCCCCCCC(=O)Nc2ccc(S(*)(=O)=O)cc2)cc1,0.35570555,53,2,24,4,2,4,valid
3250,886858918,*CC(*)c1ccc(Oc2ccccc2)cc1,0.37467295,25,2,14,1,0,0,valid
4499,1211550700,*c1ccc(Oc2ccc(-c3cc(-c4ccccc4)c4cc(C5(c6ccc7nc(*)cc(-c8ccccc8)c7c6)c6ccccc6C(=O)c6ccccc65)ccc4n3)cc2)cc1,0.42004547,104,2,56,2,2,1,valid
1034,283582804,*N=P(*)(OCCCC)OCCCC,0.40534797,19,2,8,2,1,1,valid
7506,2028527037,*Cc1ccc(CSS*)cc1,0.40158924,16,2,8,0,0,0,valid
6214,1685441802,*Nc1ccc([C@]2(C)CC(C)(C)c3cc(N*)c(N)cc32)cc1,0.36997618,44,2,18,0,3,0,valid
4615,1245106816,*Oc1c(C(C)C)cc(*)cc1C(C)C,0.44422978,25,2,12,1,0,0,valid
7622,2058537463,*c1ccc(Oc2ccc(C(=O)c3ccc(Oc4ccc(C5(*)OC(=O)c6ccccc65)cc4)cc3)cc2)cc1,0.38030093,68,2,33,5,0,2,valid
6222,1686919611,*Nc1cc2c(N*)ccc3c4cc(N)c5c(O)cc(O)c6c5c4c(c(c1)c23)=CC6=N,0.33150168,57,2,23,2,4,2,valid
3133,848295596,*Oc1cccc(Oc2ccc(NC(=O)c3ccc(-c4ccc(C(=O)Nc5ccc(*)cc5)c(C)c4)cc3C)cc2)c1,0.35683995,71,2,34,4,2,2,valid
1863,504498894,*CCCCCCCCCCOC(=O)c1ccc(C(=O)O*)cc1,0.36312778,34,2,18,4,0,2,valid
6316,1711102777,*CC(C)(C)C1C(=O)N(C(C)C)C(=O)C1*,0.35984602,32,2,11,2,1,2,valid
925,256452381,*Nc1ccc(-c2ccc3ccccc3c2)c(-c2ccc3ccccc3c2)c1N*,0.35367739,46,2,26,0,2,0,valid
1565,420554258,*Oc1cc(OC(=O)c2ccc(C(*)=O)cc2)cc(C(=O)OCCN(CC)c2ccc(N=Nc3ccc([N+](=O)[O-])cc3)cc2)c1,0.35790237,84,2,31,8,4,5,valid
4192,1133631248,*CC(*)(C)C(=O)OCc1ccc2c(c1)OCCOCCOCCOCCO2,0.34634532,41,2,19,7,0,1,valid
7147,1930470217,*Nc1ccc(NC(=O)c2cc(C(*)=O)c(C(=O)OCC)cc2C(=O)OCC)cc1,0.33893458,52,2,20,6,2,4,valid
957,262353559,*Nc1ccc(C2(c3ccc(N*)c([C@]45C[C@H]6C[C@H](C[C@H](C6)C4)C5)c3)c3ccccc3-c3ccccc32)cc1[C@]12C[C@H]3C[C@H](C[C@H](C3)C1)C2,0.39273082,118,2,45,0,2,0,valid
1141,305318799,*c1ccc2c(c1)C(CCCCCC)(CCCCCC)c1cc(-c3cc(CCCCCC)c(*)cc3CCCCCC)ccc1-2,0.42097491,67,2,43,0,0,0,valid
6183,1676759354,*c1cccc(C(=O)Nc2ccc(Oc3cccc(Oc4ccc(NC(=O)c5cccc(N6C(=O)c7ccc(-c8ccc9c(c8)C(=O)N(*)C9=O)cc7C6=O)c5)cc4)c3)cc2)c1,0.35354105,111,2,48,8,4,6,valid
4641,1251251952,*C=CC(*)(C)C,0.41706039,12,2,5,0,0,1,valid
1878,506781855,*c1ccc2[nH]c(*)nc2c1,0.47901269,20,2,7,0,2,0,valid
1915,515253113,*Oc1ccc(C2(c3ccc(OC(=O)c4ccc(Oc5ccc(C6(c7ccc(Oc8ccc(C(*)=O)cc8)cc7)CCC(C(C)(C)C)CC6)cc5)cc4)cc3)C3CC4CC(C3)CC2C4)cc1,0.38086878,116,2,58,6,0,2,valid
5184,1405342945,*CC(*)(C)C(=O)OCCN(CC)c1ccc(N=Nc2ccc([N+](=O)[O-])c3ccccc23)cc1,0.35424799,63,2,24,4,4,3,valid
3588,977861855,*Nc1ccccc1CCc1ccc(NC(=O)NCCCCCCNC(*)=O)cc1,0.3465376,42,2,22,2,4,2,valid
6060,1642545320,*Sc1ccc(Sc2ccc(Sc3cccc4c3C(=O)N(N3C(=O)c5cccc(*)c5C3=O)C4=O)cc2)cc1,0.38724478,67,2,25,4,2,4,valid
1544,414690406,*Nc1ccc2ccc3c(N*)ccc4ccc1c2c43,0.3362207299999999,30,2,16,0,2,0,valid
6219,1686044145,*Nc1ccc(-c2ccc(N*)cc2-c2ccc(-c3ccccc3)cc2)cc1,0.34993468,45,2,24,0,2,0,valid
3650,991150899,*OC(=O)OC1COC2C(*)COC12,0.32110167,23,2,7,5,0,1,valid
5583,1514204622,*Oc1ccc(CC(NC(=O)Cc2ccc(OC(=O)COCC(*)=O)cc2)C(=O)OCCCCCC)cc1,0.34424319,60,2,27,8,1,4,valid
6123,1661521840,*CCCc1ccc(-c2c(-c3ccccc3)cc(-c3ccc(-c4cc(-c5ccccc5)c(-c5ccc(*)cc5)c(-c5ccccc5)c4-c4ccccc4)cc3)c(-c3ccccc3)c2-c2ccccc2)cc1,0.4001193,121,2,69,0,0,0,valid
5409,1469495249,*C(=O)Oc1ccc([Si](C)(C)c2ccc(OC(=O)c3ccc(*)s3)cc2)cc1,0.37656746,53,2,20,4,0,2,valid
3652,991497754,*Oc1ccc(-c2ccc(-c3ccc(Oc4ccc(C(C)(C)c5ccc(*)cc5)cc4)cc3)cc2)cc1,0.37801095,63,2,33,2,0,0,valid
6510,1769889494,*CC(C)(C)C1C(=O)N(c2c(CC)cccc2CC)C(=O)C1*,0.36266864,41,2,18,2,1,2,valid
793,223739255,*CC(*)(C)C(=O)Nc1cccc(-c2nnc(-c3ccccc3)o2)c1,0.38307246,44,2,18,2,3,1,valid
7527,2035254874,*CCCCCCCCCCNC(=O)C=C(C)C(=O)N*,0.35574403,30,2,15,2,2,3,valid
3722,1011876528,*Oc1ccc(C(C)(C)c2ccc(OC(=O)c3ccc(C(*)=O)cc3)c(C)c2)cc1C,0.37553512,55,2,25,4,0,2,valid
4148,1122196297,*Nc1ccc(Cc2ccc(NC(=O)c3cc(NC(=O)c4ccccc4)cc(C(*)=O)c3)cc2)cc1,0.34866462,61,2,28,3,3,3,valid
2724,742319182,*Nc1ccc(-c2ccc(-c3ccc(N*)c(-c4ccc(C(C)C)cc4)c3-c3ccc(C(C)C)cc3)cc2)cc1,0.3784415,70,2,36,0,2,0,valid
1524,408389877,*CNC(=O)OCc1ccc(COCc2ccc(COC(=O)NCc3ccc(C(C)(C)c4ccc(*)o4)o3)o2)o1,0.34220533,66,2,27,9,2,2,valid
7407,2002898366,*Nc1ccc2c(-c3ccccc3)c(N*)ccc2c1-c1ccccc1,0.35542966,40,2,22,0,2,0,valid
6522,1773982795,*CC(*)(C)C(=O)OCCCCCn1c2ccccc2c2ccccc21,0.35157663,39,2,20,2,0,1,valid
5013,1359594039,*c1ccc(C=C(c2ccc(OC)cc2)c2ccc(C(=Cc3ccc(N(*)c4ccccc4)cc3)c3ccc(OC)cc3)cc2)cc1,0.40199668,77,2,42,2,1,2,valid
6650,1806416444,*Nc1ccc(-c2ccc(-c3ccc(N*)cc3)c(C(C)(C)C)c2)cc1,0.36296603,46,2,22,0,2,0,valid
1127,301459957,*c1cccc(N2C(=O)c3cccc(Oc4c(C)cc(-c5cc(C)c(Oc6cccc7c6C(=O)N(*)C7=O)c(C)c5)cc4C)c3C2=O)c1,0.38569497,87,2,38,6,2,4,valid
6325,1713751559,*C(=O)c1ccc(N(*)CCCC)cc1,0.39191799,24,2,11,1,1,1,valid
7538,2037235529,*Nc1nc(N*)nc(N(C)C)n1,0.33908484,21,2,5,0,6,0,valid
7035,1901476786,*C(=O)Nc1ccc(-c2ccc(NC(=O)c3ccc4c(c3)C(=O)N(c3ccc(Oc5cccc6c(N7C(=O)c8ccc(*)cc8C7=O)cccc56)cc3)C4=O)cc2)cc1,0.36485895,106,2,46,7,4,6,valid
6589,1791310539,*c1ccc(OCCCCCCCCCCOc2ccc(N3C(=O)c4ccc(-c5ccc6c(c5)C(=O)N(*)C6=O)cc4C3=O)cc2)cc1,0.35237938,79,2,38,6,2,4,valid
4570,1233529700,*CCN(CCOC(=O)C=Cc1ccc(C=CC(=O)O*)cc1)c1ccc(N=Nc2ccc([N+](=O)[O-])cc2)cc1,0.35081029,72,2,28,6,4,6,valid
3942,1068153413,*Oc1ccc(Oc2cccc(*)n2)cc1,0.3485515,24,2,11,2,1,0,valid
2798,761297738,*Nc1ccc(CC2=CC=C[C@@](C)(c3ccc(Cc4ccc(N*)cc4)cc3)C=C2)cc1,0.34837056,57,2,28,0,2,3,valid
4371,1178071397,*CC(O)CN(*)c1cc(C)c(N=Nc2ccc([N+](=O)[O-])cc2)c(C)c1,0.36660744,52,2,17,3,4,2,valid
1367,369213312,*C(=O)OCCCCCCOC(=O)c1ccc(NC(=O)c2ccc(N3C(=O)c4ccc(*)cc4C3=O)cc2)cc1,0.33915819,67,2,29,7,2,5,valid
4719,1269952522,*Nc1ccc2c(c1)-c1cc(N*)ccc1C2(c1ccccc1N)c1ccccc1N,0.36757979,48,2,25,0,4,0,valid
1742,469762118,*CC(*)CCCCCCCCCC,0.40334594,16,2,12,0,0,0,valid
6597,1792717166,*CCC1CC(*)C2C3CC(C)C(C3)C12,0.38823486,27,2,13,0,0,0,valid
2064,555208717,*Oc1c(C)cc(C2(c3cc(C)c(OC(=O)c4cccc(C(*)=O)c4)c(C)c3)c3ccccc3-c3ccccc32)cc1C,0.414103,76,2,37,4,0,2,valid
1157,310843241,*CC(*)C(=O)OCC1(COCC2(COC(=O)C(*)(C)C*)COC(CP(=O)(OCC)OCC)OC2)COC(CP(=O)(OCC)OCC)OC1,0.34782459,84,4,29,15,0,4,valid
142,41977066,*CC(*)(C)C(=O)NC(=O)Oc1c(Br)cc(S(=O)(=O)c2cc(Br)c(O)c(Br)c2)cc1Br,0.37549639,65,2,17,6,1,4,valid
1562,419308262,*CC(OC(C)=O)C(CCC(C)(O)C=C)C(*)(C)C,0.34814459,35,2,14,3,0,2,valid
6792,1842579493,*C(=O)c1ccc2c(c1)C(=O)N(c1ccc(OCC(C)(C)COc3ccc(N4C(=O)c5ccc(*)cc5C4=O)cc3)cc1)C2=O,0.35788134,82,2,34,7,2,5,valid
5049,1369988926,*Oc1ccc(C(C)(C)c2ccc(Oc3ccc(C(=O)c4ccc(C(=O)c5ccc(*)cc5)cc4)cc3)cc2)cc1,0.38241921,71,2,35,4,0,2,valid
1005,274064100,*Nc1cccc2cc3ccccc3c(N*)c12,0.34139872,26,2,14,0,2,0,valid
3156,858163366,*CCCCCCNC(=O)C(CC)CC(CC)C(=O)N*,0.35751221,31,2,15,2,2,2,valid
6686,1814261052,*CCC(=O)N*,0.28900346,10,2,3,1,1,1,valid
4971,1346046576,*Oc1ccc(C(=O)OCCCCCCOC(=O)c2ccc(*)cc2)cc1,0.35010483,41,2,20,5,0,2,valid
7585,2049016668,*CCCCCCCCC(Cl)C(*)Cl,0.39594162,20,2,10,0,0,0,valid
6830,1852303181,*C=Cc1cc(OCCCCCCCCCCCC)c(*)cc1OC,0.38572378,32,2,21,2,0,1,valid
3674,995559885,*C(*)(F)Cl,0.33776563,10,2,1,0,0,0,valid
1378,371520322,*Oc1ccc(C(*)=O)cc1CCCCC,0.38126522,23,2,12,2,0,1,valid
4366,1177030933,*CC1CC(*)C(=O)OC1=O,0.29067637,19,2,6,3,0,2,valid
7140,1928832708,*CCCCCCCCCCOc1ccc(C=Nc2ccc(-c3ccc(N=Cc4ccc(O*)cc4O)c(OC)c3)cc2OC)c(O)c1,0.36372258,71,2,38,6,2,2,valid
4586,1238020141,*CC(*)OC(=O)C1(C)CCCCC1,0.3613498,23,2,10,2,0,1,valid
6813,1848774287,*CCC=C(*)C(C)(C)C,0.39811867,17,2,8,0,0,1,valid
1415,380209354,*OC(F)(C(*)(F)F)C(F)(F)F,0.30186398,24,2,3,1,0,0,valid
2591,703616126,*Oc1ccc(NC(=C(C#N)C#N)c2ccc(-c3ccc(C(Nc4ccc(*)cc4)=C(C#N)C#N)cc3)cc2)cc1,0.41214769,72,2,32,1,6,2,valid
3096,840303746,*CC(O)CN(CCO)S(=O)(=O)c1ccc(-c2ccc(S(=O)(=O)N(CCO)CC(O)COc3ccc(C(C)(C)c4ccc(O*)cc4)cc3)cc2)cc1,0.33980494,94,2,37,10,2,4,valid
315,89164117,*c1ccc(Oc2cccc(Oc3ccc(N4C(=O)c5cccc(Oc6ccc(Sc7ccc(Oc8cccc9c8C(=O)N(*)C9=O)cc7)cc6)c5C4=O)cc3)c2)cc1,0.36405508,99,2,45,8,2,4,valid
5179,1403056181,*Nc1ccc(-c2ccc(N*)cc2-c2cccc(C)c2)cc1,0.35636161,37,2,19,0,2,0,valid
1182,317007708,*CCCCCCCCCCCC(=O)Oc1ccc(-c2ccc(OC(=O)c3ccc4c(c3)C(=O)N(*)C4=O)cc2)cc1,0.35069342,69,2,33,6,1,4,valid
1403,377318088,*C(=O)c1ccc2c(c1OCc1ccccc1[N+](=O)[O-])C(=O)N(c1ccc(Oc3ccc(N4C(=O)c5ccc(*)c(OCc6ccccc6[N+](=O)[O-])c5C4=O)cc3)cc1)C2=O,0.36920726,118,2,43,12,4,7,valid
1151,309419979,*C(=O)c1ccc2nc(-c3ccc(-c4cnc5cc(*)ccc5n4)cc3)cnc2c1,0.42198142,51,2,23,1,4,1,valid
4321,1162986011,*CCCCCCOC(=O)c1cc(OCCCCCCOc2ccc(N=Nc3ccc(C#N)cc3)cc2)cc(C(=O)OCCCCCCN2C(=O)c3ccc(Oc4ccc5c(c4)C(=O)N(*)C5=O)cc3C2=O)c1,0.35666694,117,2,55,11,5,7,valid
2864,780433305,*Oc1ccc(NC(=O)c2ccc(Oc3ccc(C(C)(C)c4cccc(C(C)(C)c5ccc(Oc6ccc(C(=O)Nc7ccc(Oc8ccc(-c9ccc(*)cc9)cc8)cc7)cc6)cc5)c4)cc3)cc2)cc1,0.36823106,123,2,62,6,2,2,valid
4851,1313149520,*c1ccc(C(c2ccccc2)(c2ccc(N3C(=O)c4ccc(Oc5ccc6c(c5)C(=O)N(*)C6=O)cc4C3=O)cc2)C(F)(F)F)cc1,0.39310677,88,2,36,5,2,4,valid
1209,324341393,*Oc1ccc(-c2ccc(Oc3ccc(C(=O)c4ccc5cc(C(=O)c6ccc(*)cc6)ccc5c4)cc3)cc2)cc1,0.38062816,71,2,36,4,0,2,valid
5908,1602898253,*Nc1cccc(C(=O)c2cccc(N*)c2)c1,0.33606974,29,2,13,1,2,1,valid
321,90217162,*CC(OC(=O)C(Cc1ccccc1)NC(=O)OC(C)(C)C)C(COC(=O)O*)OC(=O)C(Cc1ccccc1)NC(=O)OC(C)(C)C,0.35315661,83,2,33,11,2,5,valid
1191,318923469,*CC(O)COC(=O)CCCCC(=O)OCC(O)COc1ccc(O*)cc1,0.3223982,42,2,18,8,0,2,valid
1510,404367957,*CC(*)c1ccc(C(=O)CCC)cc1,0.3914716,24,2,12,1,0,1,valid
1103,296559312,*Oc1ccc2ccc(Oc3ccc(C(=O)Nc4ccc(Oc5ccc(C(c6ccc(Oc7ccc(NC(=O)c8ccc(*)cc8)cc7)cc6)(C(F)(F)F)C(F)(F)F)cc5)cc4)cc3)cc2c1,0.3598661,115,2,51,6,2,2,valid
2696,733015366,*c1ccc(Oc2ccc(C(C)(C)c3ccc(Oc4ccc(-c5nc(*)nc(-c6ccccc6)n5)cc4)cc3)cc2)cc1,0.40568051,73,2,36,2,3,0,valid
6354,1721498000,*c1ccc2c(c1)C(=O)N(c1ccc(Oc3ccc(N4C(=O)c5ccc(C(*)(C(F)(F)F)C(F)(F)F)cc5C4=O)cc3)c(O)c1)C2=O,0.37996131,91,2,31,6,2,4,valid
2214,600169729,*C(=O)OCCCCCCCCCCCOC(=O)c1ccc(N2C(=O)c3ccc(*)cc3C2=O)cc1,0.35218627,56,2,27,6,1,4,valid
6744,1828668618,*CCC(c1ccccc1)C(*)c1ccccc1,0.40418065,26,2,16,0,0,0,valid
1460,392652504,*C=CC1CC(*)C(C#N)(CCCC)C1,0.40049659,25,2,12,0,1,1,valid
694,193203313,*CCCCOC(=O)c1ccc(C(=O)O*)cc1,0.34023648,28,2,12,4,0,2,valid
5786,1570401711,*CC(*)c1ccc(C(=O)c2ccc(C)cc2)cc1,0.38272585,32,2,16,1,0,1,valid
1998,538774618,*C1(F)OC(C(F)(F)F)(C(F)(F)Cl)OC1(*)F,0.36536352,36,2,5,2,0,0,valid
1589,428976415,*CC(C)(C)COC(=O)c1ccc(-c2ccc(C(=O)O*)cc2)cc1,0.3537359,44,2,19,4,0,2,valid
6482,1758192044,*Oc1ccc(S(=O)(=O)c2ccc(Oc3ccc(C=Nc4ccc(Oc5ccc(-c6ccc(Oc7ccc(N=Cc8ccc(*)cc8)cc7)cc6)cc5)cc4)cc3)cc2)cc1,0.3708493,102,2,50,6,2,4,valid
1816,489861944,*c1ccc(Oc2ccc(-c3ccc(-c4ccc(Oc5ccc(-c6c7c(c(*)c8ccccc68)C(=O)N(c6ccccc6)C7=O)cc5)c(C(F)(F)F)c4)s3)cc2C(F)(F)F)cc1,0.4015453,113,2,48,4,1,2,valid
1899,510669742,*c1ccc(CCc2ccc(N3C(=O)C(=O)N(*)C3=O)cc2)cc1,0.36028471,43,2,17,3,2,3,valid
4031,1089600845,*c1ccc(Oc2ccc(C3(c4ccc(Oc5ccc(N6C(=O)c7ccc(Oc8ccc(C9(c%10ccc(Oc%11ccc%12c(c%11)C(=O)N(*)C%12=O)cc%10)CCCCCCCCCCC9)cc8)cc7C6=O)cc5)cc4)CC4CCC3C4)cc2)cc1,0.38133865,151,2,71,8,2,4,valid
2662,723328836,*Oc1cc(Oc2ccc(NC(=O)c3cc(NC(=O)C45CC6CC(CC(C6)C4)C5)cc(C(=O)Nc4ccc(*)cc4)c3)cc2)ccc1C12CC3CC(CC(C3)C1)C2,0.36497894,104,2,47,5,3,3,valid
2504,680463465,*c1ccc(Oc2ccc(S(=O)(=O)c3ccc(Oc4ccc(C5(*)OC(=O)c6ccccc65)cc4)cc3)cc2)cc1,0.37707713,72,2,32,6,0,3,valid
7927,2136380644,*Oc1ccc(CC(NC(=O)CCc2ccc(OC(=O)COCC(*)=O)cc2)C(=O)OCC)cc1,0.33546601,57,2,24,8,1,4,valid
3593,979179304,*CCOC(=O)NCC1(C)CC(NC(=O)O*)CC(C)(C)C1,0.33606063,38,2,14,4,2,2,valid
3610,982170716,*CCCCCCNC(=O)c1ccc(C(=O)N*)c(Sc2ccccc2)c1,0.35031486,41,2,19,2,2,2,valid
1498,401691844,*OP(=O)(Oc1ccccc1)Oc1c(Cl)c(Cl)c(*)c(Cl)c1Cl,0.35206352,44,2,12,4,0,1,valid
644,180279074,*C(=O)Nc1ccc(Oc2cccc(Oc3ccc(NC(=O)c4ccc5c(c4)C(=O)N(c4ccc(Oc6cccc(Oc7ccc(N8C(=O)c9ccc(*)cc9C8=O)cc7)c6C#N)cc4)C5=O)cc3)c2C#N)cc1,0.35942779,128,2,56,10,6,6,valid
2671,727287922,*Oc1ccc(C(C)(C)c2ccc(OC3(F)C(*)(F)C(F)(F)C3(F)F)cc2)cc1,0.3613817,55,2,19,2,0,0,valid
1469,393870517,*CC(*)C(=O)c1ccc(CCC)cc1,0.38559273,24,2,12,1,0,1,valid
6475,1756666691,*CCNC(=O)c1ccc(C(=O)N*)c(Sc2ccccc2)c1,0.34276192,37,2,15,2,2,2,valid
5608,1520136246,*C(=O)Oc1ccc(C2(c3ccc(OC(=O)c4ccc5c(c4)C(=O)N(c4ccc(-c6ccc(N7C(=O)c8ccc(*)cc8C7=O)cc6C)c(C)c4)C5=O)cc3)CC3CC2C2CCCC32)cc1,0.37865395,121,2,54,8,2,6,valid
6585,1790316910,*Nc1ccc(Oc2ccccc2)cc1N*,0.33227989,23,2,12,1,2,0,valid
2272,617827761,*C(=O)Nc1cccc(NC(=O)c2cccc(NC(=O)c3ccc(-c4nc5cc(*)ccc5[nH]4)cc3)c2)c1,0.35742387,69,2,28,3,5,3,valid
2980,810716859,*c1ccc2c(c1)C(=O)N(c1cc(OCCCCCCCCCCCC)cc(N3C(=O)c4ccc(C(*)(C(F)(F)F)C(F)(F)F)cc4C3=O)c1)C2=O,0.37302009,92,2,37,5,2,4,valid
308,86993682,*Oc1cccc2c(OC3(F)C(*)(F)C(F)(F)C3(F)F)cccc12,0.3436634,44,2,14,2,0,0,valid
705,197075441,*Oc1ccc(S(=O)(=O)c2ccc(Oc3ccc(C45CC6CC(CC(c7ccc(*)cc7)(C6)C4)C5)cc3)cc2)cc1,0.37269141,75,2,34,4,0,2,valid
5896,1599847368,*CC(=O)Nc1ccc(Oc2ccc(NC(=O)COc3ccc4ccccc4c3Sc3c(O*)ccc4ccccc34)cc2)cc1,0.34293502,70,2,35,5,2,2,valid
3482,951662507,*Nc1ccc(C(C#N)(c2ccc(N)cc2)c2ccc(N*)cc2)cc1,0.35848755,43,2,20,0,4,0,valid
3918,1060516600,*Nc1ccc([C@H](C=C)c2ccc(C3(c4ccc([C@@H](C=C)c5ccc(N*)cc5)cc4)CCCCC3)cc2)cc1,0.36338058,75,2,36,0,2,2,valid
6948,1879018576,*NC1=C(N)N[C@H](N)C(=O)[C@H](N*)N1,0.29477936,34,2,5,1,6,2,valid
4964,1345021190,*CCCCCCCCOc1ccc(C=C2CCC(=Cc3ccc(OCCCCCCCCOP(=O)(O*)OCC)c(OC)c3)C2=O)cc1OC,0.36323545,73,2,39,9,0,4,valid
4541,1223074288,*Oc1ccc(C(CC)(c2ccccc2)c2ccc(OC(*)=O)cc2)cc1,0.36890167,44,2,22,3,0,1,valid
7548,2039185015,*C1OCOC(C(*)(F)F)C1(F)F,0.31802359,23,2,5,2,0,0,valid
2330,636010546,*c1ccc2c(c1)C(=O)N(c1ccc(C(c3ccc(N4C(=O)c5ccc(C(*)(C(F)(F)F)C(F)(F)F)cc5C4=O)c(O)c3)(C(F)(F)F)C(F)(F)F)cc1O)C2=O,0.3866973,112,2,34,6,2,4,valid
4921,1333610491,*Nc1ccc(-c2ccc(N*)c(-c3ccccc3-c3cccc4ccccc34)c2)cc1,0.35656149,51,2,28,0,2,0,valid
6257,1697131748,*Nc1ccc(N*)c2c1C[C@@H](O)[C@H]2N,0.32527801,32,2,9,1,3,0,valid
2401,655941482,*Oc1ccc(OC(=O)c2ccc(C(C)(C)c3ccc(C(*)=O)cc3)cc2)cc1,0.35709066,51,2,23,4,0,2,valid
28,6019988,*CCC(C)C(C)CCNC(=O)c1cccc(C(=O)N*)c1,0.3407009,36,2,16,2,2,2,valid
2323,634098628,*C(=O)c1ccc2c(c1)C(=O)N(c1cc(C(=O)c3ccccc3)cc(N3C(=O)c4ccc(*)cc4C3=O)c1)C2=O,0.37719699,76,2,30,6,2,6,valid
4433,1193670213,*CCC[Si](*)(c1cccc2ccccc12)C1CCCCC1,0.38478574,35,2,19,0,0,0,valid
7892,2124727719,*CCN(CCOC(=O)CCC#CC#CCCC(=O)O*)c1ccc([N+](=O)[O-])cc1,0.36177609,53,2,20,6,2,3,valid
3636,987143129,*CC(*)C(=O)Oc1c(Cl)c(Cl)c(Cl)c(Cl)c1Cl,0.37010428,38,2,9,2,0,1,valid
7416,2004522316,*C(=O)Oc1ccc(OC(=O)c2ccc3c(c2)C(=O)N(c2ccc(S(=O)(=O)c4ccc(N5C(=O)c6ccc(*)cc6C5=O)cc4)cc2)C3=O)c(C(C)(C)C)c1,0.37267294,107,2,40,10,2,8,valid
4302,1158783004,*CC(OC=O)C(COC(=O)O*)OC=O,0.27866603,25,2,7,7,0,3,valid
144,43489811,*CCCNC(=O)c1ccc(C(=O)NCCCO*)cc1,0.32981777,31,2,14,3,2,2,valid
6476,1756941114,*OCC(F)(F)C(F)(F)C(F)(F)COc1nc(F)c(F)c(OCC(F)(F)C(F)(F)C(F)(F)COc2c(F)c(*)nc(F)c2F)c1F,0.33124109,86,2,20,4,2,0,valid
7824,2107302149,*CC(*)c1cc(Br)ccc1OC,0.39846668,20,2,9,1,0,0,valid
5195,1409490636,*Nc1ccc(C)c2c(N*)cccc12,0.33694341,23,2,11,0,2,0,valid
14,3139746,*CCOCCOC(=O)c1ccc(C(=O)O*)cc1,0.3314918,29,2,12,5,0,2,valid
6831,1852392195,*C[Si](*)(C)c1ccccc1,0.3722926,20,2,8,0,0,0,valid
5057,1370904651,*Oc1ccc(C(c2ccc(OC(*)=O)cc2)C2C3CCC(C3)C2c2ccccc2)cc1,0.36998662,53,2,27,3,0,1,valid
1753,472240930,*CC1CC2CC1C1CCC(CN3C(=O)c4ccc(C(=O)c5ccc6c(c5)C(=O)N(*)C6=O)cc4C3=O)C21,0.36457594,71,2,29,5,2,5,valid
2677,728371459,*C(=O)c1ccc(Oc2ccc(-c3ccc(Oc4ccc(C(=O)c5ccc6c(c5)C(=O)N(c5ccc(N7C(=O)c8ccc(*)cc8C7=O)cc5)C6=O)cc4)cc3)cc2)cc1,0.37364241,109,2,48,8,2,6,valid
5248,1423424888,*Nc1c(N*)c2cc3ccccc3cc2c2cc3ccccc3cc12,0.34595266,38,2,22,0,2,0,valid
3450,945096755,*c1ccc(Sc2cc3c(cc2Sc2ccc(N4C(=O)c5ccc(Oc6ccc7c(c6)C(=O)N(*)C7=O)cc5C4=O)cc2)C(=O)N(CCc2ccccc2)C3=O)cc1,0.37134878,102,2,42,7,3,6,valid
4521,1217496894,*NC(CCC(=O)OC)C(*)=O,0.30960525,20,2,6,3,1,2,valid
2647,721329227,*Oc1ccc(Nc2ccc(C(=O)c3ccc(C(=O)c4ccc(Nc5ccc(*)cc5)cc4)cc3)cc2)cc1,0.38639477,65,2,32,3,2,2,valid
419,115242060,*CCOC(=O)Nc1ccc(Cc2ccc(NC(=O)OCCOc3ccc(C(C)(C)c4ccc(O*)cc4)cc3)cc2)cc1,0.3438323,70,2,34,6,2,2,valid
5807,1575613666,*Oc1ccc(NC(=O)c2ccc(S(=O)(=O)c3ccc(C(=O)Nc4ccc(Oc5ccc(C(c6ccc(*)cc6)(C(F)(F)F)C(F)(F)F)cc5)cc4)cc3)cc2)cc1,0.36216369,106,2,41,6,2,4,valid
6842,1854968322,*c1ccc(Oc2ccc(S(=O)(=O)c3ccc(Oc4ccc(-c5c6c(c(*)c7ccccc57)C(=O)N(c5cccc(C(F)(F)F)c5)C6=O)cc4)cc3)cc2)cc1,0.38089404,103,2,43,6,1,4,valid
1064,289030100,*Nc1ccc2c(c1)-c1ccccc1[C@]21c2ccccc2-c2ccc(N*)cc21,0.38578532,50,2,25,0,2,0,valid
7628,2059649155,*CCN(*)C(=O)CCCCCCCCCCCCCCCCC,0.39935287,29,2,20,1,1,1,valid
5166,1399574805,*CCCCCCN(C)C(=O)CCCC(=O)N(*)C,0.35107943,29,2,13,2,2,2,valid
2437,666714004,*Oc1c(C)cc(-c2cc(C)c(Oc3ccc(C(=O)c4ccc(*)cc4)cc3)c(C)c2)cc1C,0.40345957,60,2,29,3,0,1,valid
4056,1097037876,*C(=O)Nc1ccc(Oc2ccc(S(=O)(=O)c3ccc(Oc4ccc(NC(=O)c5ccc6c(c5)C(=O)N(c5ccc(Oc7ccc(C8(c9ccc(Oc%10ccc(N%11C(=O)c%12ccc(*)cc%12C%11=O)cc%10)cc9)NC(=O)c9ccccc98)cc7)cc5)C6=O)cc4)cc3)cc2)cc1,0.3628852,182,2,74,13,5,9,valid
6297,1706421625,*c1ccc2c(c1)C(=O)N(c1c(C)cc(C(c3cc(C)c(N4C(=O)c5ccc(C(*)(C(F)(F)F)C(F)(F)F)cc5C4=O)c(C)c3)c3cccc4ccccc34)cc1C)C2=O,0.42170039,114,2,46,4,2,4,valid
7227,1952301542,*CC(*)(CC(=O)OCCOC)C(=O)OCCOC,0.33066892,29,2,11,6,0,2,valid
6694,1814888987,*CCN(*)C(=O)c1cc(F)ccc1F,0.34543558,24,2,9,1,1,1,valid
4089,1105607471,*CCCCOC(=O)/C=C\C(=O)O*,0.31922537,23,2,8,4,0,3,valid
589,163827064,*Oc1ccc(Oc2ccc(P(=O)(c3ccccc3)c3ccc(Oc4ccc(Oc5cccc(*)n5)cc4)cc3)cc2)cc1,0.36767472,71,2,35,5,1,1,valid
4194,1134601529,*CC(*)OC(=O)C(F)(F)C(F)(F)C(F)(F)C(F)(F)C(F)(F)F,0.32618869,48,2,8,2,0,1,valid
5352,1453811128,*C(=O)c1ccc2c(c1)C(=O)N(c1ccc(-c3ccc(NC(=O)c4cccc(C(=O)Nc5ccc(-c6ccc(N7C(=O)c8ccc(*)cc8C7=O)cc6)cc5)c4)cc3)cc1)C2=O,0.35651308,115,2,49,7,4,7,valid
1452,391030269,*c1cccc(P(=O)(c2ccccc2)c2cccc(N3C(=O)c4ccc(NC(=O)OCCOc5ccc(C(C)(C)c6ccc(OCCOC(=O)Nc7ccc8c(c7)C(=O)N(*)C8=O)cc6)cc5)cc4C3=O)c2)c1,0.35076041,128,2,55,11,4,7,valid
4836,1308663062,*N[C@@]12C3=CCc4ccccc4[C@]31[C@@]21[C@]2(NC)C3=CCc4ccccc4[C@]321,0.35949556,64,1,24,0,2,2,valid
1594,429776664,*CC(*)(C)C(=O)OCCCCOc1ccc(OC(=O)c2ccc(OCCCC)cc2)cc1,0.34886491,51,2,25,6,0,2,valid
5485,1486334179,*CC(*)c1ccc(C(O)CCN(C)C)cc1,0.39056968,27,2,13,1,1,0,valid
4525,1218214236,*COC(=O)OC1C(*)OC2OC(C)(C)OC21,0.33284068,30,2,9,6,0,1,valid
4957,1342174126,*C(=O)c1ccccc1-c1ccccc1C(=O)N1CCN(*)CC1,0.36072955,39,2,18,2,2,2,valid
2062,555056741,*C(=O)OCCOCCOCCOCCOC(=O)c1ccc(N2C(=O)c3ccc(*)cc3C2=O)cc1,0.33294368,56,2,24,9,1,4,valid
3366,922945428,*Oc1ccc(Oc2ccc(NC(=O)c3ccc(Oc4ccc(C(C)(C)c5cccc(C(C)(C)c6ccc(Oc7ccc(C(=O)Nc8ccc(*)cc8)cc7)cc6)c5)cc4)cc3)cc2)cc1,0.36520777,112,2,56,6,2,2,valid
1650,443073633,*c1ccc(-c2ccc(-c3cc(-c4ccccc4)c4cc5nc(*)cc(-c6ccccc6)c5cc4n3)cc2)cc1,0.44606667,68,2,36,0,2,0,valid
5957,1615328669,*CC(*)(C)C(=O)OC(OCC)C(F)(F)F,0.35450066,29,2,8,3,0,1,valid
7769,2094132157,*CC(*)c1ccccc1OC(C)=O,0.35684736,21,2,10,2,0,1,valid
4299,1158201779,*C(=O)Nc1ccc(NC(=O)c2ccc3[nH]c(-c4cc(-c5nc6cc(*)ccc6[nH]5)cc(N5C(=O)c6ccccc6C5=O)c4)nc3c2)cc1,0.3726693,93,2,36,4,7,4,valid
1457,391913299,*Oc1ccc(C(c2ccccc2)(c2ccccc2)c2ccc(OC(*)=O)cc2)cc1,0.38338026,50,2,26,3,0,1,valid
5313,1444497775,*Nc1ccc2c(c1)C(C)(C)c1cc3cc4ccc(N*)cc4cc3cc1-2,0.366552245,46,2,23,0,2,0,valid
1963,528835439,*Nc1ccc2c(c1N*)C(C)(C)CC2(C)C,0.36728055,29,2,13,0,2,0,valid
1085,293350949,*c1ccc2c(c1)C(=O)N(c1cc(Br)c(Oc3c(Br)cc(N4C(=O)c5ccc(C(*)(C(F)(F)F)C(F)(F)F)cc5C4=O)cc3Br)c(Br)c1)C2=O,0.43086202,102,2,31,5,2,4,valid
5894,1598641133,*c1ccc(-c2ccc(Oc3ccc(C4(C)CC(C)(C)c5ccc(Oc6ccc(-c7ccc(N8C(=O)c9ccc(Oc%10ccc%11c(c%10)C(=O)N(*)C%11=O)cc9C8=O)cc7)cc6C(F)(F)F)cc54)cc3)c(C(F)(F)F)c2)cc1,0.38259605,151,2,60,7,2,4,valid
7148,1930894863,*CCC1C(=O)N(C)C(=O)C1*,0.32269623,22,2,7,2,1,2,valid
7030,1899542074,*Nc1ccc(Oc2ccc(Oc3ccc(N*)cc3)cc2)cc1,0.34207479,36,2,18,2,2,0,valid
7311,1973609313,*Nc1cccc(C2(c3cccc(N*)c3N)c3ccccc3-c3ccccc32)c1N,0.37482883,48,2,25,0,4,0,valid
453,126334280,*c1ccc(OC(=O)c2cccc(C(=O)Oc3ccc(-c4nc5ccccc5nc4*)cc3)c2)cc1,0.3678366,59,2,28,4,2,2,valid
2357,642211921,*NC[C@H]1CC[C@H](CN*)CC1,0.33898524,24,2,8,0,2,0,valid
7568,2044694871,*CC(CCCCCC)C(CCCCCC)COC(=O)c1ccc(C(=O)O*)cc1,0.37457172,44,2,24,4,0,2,valid
2255,611875813,*c1cc(-c2ccc(C(=C3C=C(C(C)(C)C)C(=O)C(C(C)(C)C)=C3)c3cc(C(C)(C)C)c(O)c(C(C)(C)C)c3)cc2)c(*)s1,0.4542834,93,2,39,2,0,4,valid
181,53951865,*Nc1c(O)c(N)c(N)c(O)c1N*,0.31749993,24,2,6,2,4,0,valid
4388,1181944068,*C(=O)c1ccc2c(c1)C(=O)N(c1ccc(-c3c(-c4ccc(-c5ccccc5)cc4)cc(-c4ccc(OCCCCCCOc5ccc(-c6cc(-c7ccc(-c8ccccc8)cc7)c(-c7ccc(N8C(=O)c9ccc(*)cc9C8=O)cc7)c(-c7ccc(-c8ccccc8)cc7)c6)cc5)cc4)cc3-c3ccc(-c4ccccc4)cc3)cc1)C2=O,0.37259523,209,2,107,7,2,5,valid
1018,279552323,*C(=O)Nc1ccc(Oc2ccc(C(C)(C)c3ccc(Oc4ccc(NC(=O)c5ccc6c(c5)C(=O)N(c5ccc(Oc7cccc8c(Oc9ccc(N%10C(=O)c%11ccc(*)cc%11C%10=O)cc9)cccc78)cc5)C6=O)cc4)cc3)cc2)cc1,0.36505048,153,2,67,10,4,6,valid
395,109027922,*c1cc(C=Nc2ccc3c(c2)c2cc(N=Cc4cc(*)c(O)c(*)c4)ccc2n3CCCCCC)ccc1O,0.37196889,64,3,32,2,3,2,valid
5129,1390442930,*CC(CCCCCCCC)COC(=O)NC(=O)c1cccc(C(=O)NC(=O)O*)c1,0.33456199,49,2,21,6,2,4,valid
4658,1254056862,*CC(*)(C)C(=O)OCCCCCCCCCCOc1ccc(N=Nc2ccc(C3OCC4(CO3)CC3C=CC4C3)cc2)cc1,0.3670177,70,2,36,5,2,3,valid
851,236843078,*C(=O)Nc1cc(C(c2cc(C)c(C)c(NC(=O)c3ccc4c(c3)C(=O)N(c3cccc5c(N6C(=O)c7ccc(*)cc7C6=O)cccc35)C4=O)c2)(C(F)(F)F)C(F)(F)F)cc(C)c1C,0.3730141,125,2,47,6,4,6,valid
3355,917938501,*CC(*)OC(=O)OCC(F)(F)F,0.32040893,22,2,5,3,0,1,valid
7934,2137901854,*O[Si](C)(C)c1c(F)c(F)c(F)c([Si](*)(C)C)c1F,0.39677257,43,2,10,1,0,0,valid
3297,902705671,*Oc1ccc(CC(NC(=O)CCc2ccc(OC(=O)CCCC(*)=O)cc2)C(=O)OCCCCCCCCCCCC)cc1,0.35587178,67,2,35,7,1,4,valid
352,99440116,*CC(*)(C)C(=O)OCCCCCCCCCCOc1ccc(N=Nc2ccc(F)cc2)cc1,0.37077177,50,2,26,3,2,2,valid
5244,1422469487,*c1ccc(Oc2ccc(S(=O)(=O)c3ccc(Oc4ccc(-c5c6c(c(*)c7ccccc57)C(=O)N(c5ccc(C(F)(F)F)cc5)C6=O)cc4)cc3)cc2)cc1,0.38077033,103,2,43,6,1,4,valid
742,207945160,*c1cccc(P(=O)(c2ccccc2)c2cccc(N3C(=O)c4ccc(Oc5ccc(C(C)(C)c6ccc(Oc7ccc8c(c7)C(=O)N(*)C8=O)cc6)cc5)cc4C3=O)c2)c1,0.37508167,110,2,49,7,2,5,valid
2268,616797364,*NC1=CC(CC)=C(N*)[C@H]2C(=O)c3c(N)ccc(N)c3C(=O)[C@@H]12,0.33783648,55,2,16,2,4,4,valid
4140,1120932055,*c1ccc(Oc2ccc(-c3ccc(Oc4ccc(N5C(=O)c6cccc(Oc7c(C)cc(-c8cc(C)c(Oc9cccc%10c9C(=O)N(*)C%10=O)c(C)c8)cc7C)c6C5=O)cc4)cc3)cc2)cc1,0.37366019,124,2,56,8,2,4,valid
347,97633900,*C=Cc1ccc(N=Nc2ccc(N(C)CCOC(=O)Nc3ccc(C)c(NC(=O)OCCN(C)c4ccc(N=Nc5ccc(C=CC6=CC(=C(C#N)C#N)C=C(*)O6)cc5)cc4)c3)cc2)cc1,0.37425307,117,2,51,5,10,9,valid
2642,719751111,*Nc1ccc(-c2ccc(N*)c(-c3ccccc3)c2-c2cccc(C)c2)c(-c2cccc(C)c2)c1-c1ccccc1,0.38052241,71,2,38,0,2,0,valid
5416,1471142716,*C=C(c1ccc(*)cc1)c1ccc(C(F)(F)F)cc1,0.40375931,35,2,15,0,0,1,valid
2667,726324276,*CC(*)(C)C(=O)OCCS(=O)(=O)c1ccc(N=Nc2ccc(N(CC)CC)cc2)cc1,0.37486297,56,2,22,4,3,4,valid
4180,1131649373,*CCCCCCOC(=O)NCc1ccc(CNC(=O)O*)cc1,0.33648246,34,2,16,4,2,2,valid
4292,1156665768,*c1cc(C(=O)Oc2ccc(-c3ccc(O[Si](C)(C)C(C)(C)C)cc3)cc2)cc(N2C(=O)c3ccc(-c4ccc5c(c4)C(=O)N(*)C5=O)cc3C2=O)c1,0.39199576,105,2,41,7,2,5,valid
2201,595965977,*c1ccc2c(c1)C(CCCCCC)(CCCCCC)c1cc(-c3cc(OCc4ccccc4)c(*)cc3OCc3ccccc3)ccc1-2,0.39814654,75,2,45,2,0,0,valid
6976,1887528434,*Nc1ccccc1C1(c2ccccc2N*)CCCCC1,0.3550744,30,2,18,0,2,0,valid
3873,1050360528,*Oc1ccc(C2(c3ccc(OC(*)=O)cc3)CCCCCC2)cc1,0.35365375,40,2,20,3,0,1,valid
845,234747929,*Nc1ccc2c(c1)C(C1c3ccccc3-c3ccccc31)c1cc(N*)ccc1-2,0.36346408,50,2,26,0,2,0,valid
4108,1110735297,*CC(*)(C)C(=O)OCCC(F)(F)C(F)(F)C(F)(F)C(F)(F)F,0.33305735,46,2,10,2,0,1,valid
5797,1573472944,*C1C(=O)OC(=O)C1C1C2CC(C(=O)OC(C)CC)C(C2)C1*,0.34154769,44,2,16,5,0,3,valid
1449,390452260,*Oc1cccc(NC(=O)c2ccc(Oc3ccc(C(C)(C)c4cccc(C(C)(C)c5ccc(Oc6ccc(C(=O)Nc7ccc(*)cc7)cc6)cc5)c4)cc3)cc2)c1,0.3649328,101,2,50,5,2,2,valid
6044,1639513148,*CC(*)c1cc(C(=O)Oc2ccc(OCC)cc2)ccc1C(=O)Oc1ccc(OCC)cc1,0.34938746,54,2,26,6,0,2,valid
7028,1899283335,*Nc1ccc(C2(c3ccc(N*)cc3)CCC(c3ccccc3)CC2)cc1,0.35979083,44,2,24,0,2,0,valid
4060,1098329316,*CC(CCCCCCCCCCCC)COC(=O)NC(=O)c1cccc(C(=O)NC(=O)O*)c1,0.34491692,53,2,25,6,2,4,valid
2424,663963917,*C(=O)NNC(=O)c1ccc([Si](c2ccccc2)(c2ccccc2)c2ccc(C(=O)NNC(=O)c3ccc(*)o3)cc2)cc1,0.37010873,79,2,32,5,4,4,valid
5732,1556355257,*C(=O)c1cccc(C(=O)c2ccc3c(c2)C(=O)N(c2cccc(N4C(=O)c5ccc(*)cc5C4=O)c2)C3=O)c1,0.3547336,76,2,30,6,2,6,valid
4636,1250128226,*CC(CC)(CC)CO*,0.3776766,14,2,7,1,0,0,valid
5621,1524317479,*CC(*)(CC(=O)OCCOCCOC)C(=O)OCCOCCOC,0.33439887,35,2,15,8,0,2,valid
5549,1506970146,*CC(*)c1ccc(C(C)(O)CC)cc1,0.37635976,25,2,12,1,0,0,valid
573,159062110,*c1ccc(Oc2ccc(C(=O)c3ccc(C(=O)c4ccc(Oc5ccc(-c6nc(-c7cccc(-c8nc(*)c(-c9ccccc9)[nH]8)c7)[nH]c6-c6ccccc6)cc5)cc4)cc3)cc2)cc1,0.40285522,121,2,56,4,4,2,valid
7107,1919652718,*CCCCCCCCCCCN1C(=O)c2ccc(C(=O)Oc3ccc(-c4ccc(OC(=O)c5ccc6c(c5)C(=O)N(*)C6=O)cc4)cc3)cc2C1=O,0.34909001,90,2,41,8,2,6,valid
459,127891371,*Oc1ccc(C(=O)c2cccc(*)c2)cc1,0.36659274,28,2,13,2,0,1,valid
5943,1612093023,*Oc1ccc(C2(c3ccc(Oc4ccc(-c5ccc(NC(=O)c6cc(C(=O)Nc7ccc(-c8ccc(*)c(C(F)(F)F)c8)cc7)cc(C(C)(C)C)c6)cc5)cc4C(F)(F)F)cc3)c3ccccc3-c3ccccc32)cc1,0.38174779,138,2,63,4,2,2,valid
7940,2140175803,*CC(CO*)(CS(=O)(=O)C(C)C)CS(=O)(=O)C(C)C,0.38031514,40,2,11,5,0,4,valid
7884,2122531737,*c1ccc(N2C(=O)c3ccc(P(=O)(c4ccccc4)c4ccc5c(c4)C(=O)N(*)C5=O)cc3C2=O)cc1,0.40605491,71,2,28,5,2,5,valid
6897,1867867984,*c1c(C)cc(C)c(N2C(=O)c3cccc(Oc4ccc(C(C)(C)c5ccc(Oc6cccc7c6C(=O)N(*)C7=O)cc5)cc4)c3C2=O)c1C,0.38678504,90,2,40,6,2,4,valid
236,68287641,*Nc1ccc(-c2ccc(N*)c(-c3ccccc3-c3cccc4ccccc34)c2-c2ccccc2-c2cccc3ccccc23)cc1,0.36814299,75,2,44,0,2,0,valid
513,142367496,*C=C(*)C(CCC)[Si](C)(C)c1ccccc1,0.39420659,31,2,14,0,0,1,valid
2338,637669265,*CC(*)C(=O)NCCC[N+](C)(C)C,0.68705709,26,2,9,1,2,1,valid
2751,749314033,*OC(=O)C(C)NC(=O)CCCCCCCCC(=O)NC(C)C(=O)OC1COC2C(*)COC12,0.33769731,56,2,22,8,2,4,valid
288,82529518,*NC1=CC[C@@H](C(c2ccc(N)cc2)(c2ccc(N*)cc2)c2ccc(N)cc2C)C=C1,0.37144246,59,2,26,0,4,2,valid
6802,1845530087,*CC(O)COc1ccc(S(=O)(=O)c2ccc(OCC(O)COc3cccc(O*)c3)cc2)cc1,0.33700601,57,2,24,8,0,2,valid
1263,341123684,*CC(*)N,0.38223216,7,2,2,0,1,0,valid
6458,1753150513,*OP(=O)(Oc1ccc(NC(=O)Oc2ccc(-c3ccc(OC(=O)Nc4ccc(*)cc4)cc3)cc2)cc1)c1ccccc1,0.34568614,74,2,32,7,2,3,valid
1964,528964340,*CCC[Si](C)(C)O[Si](C)(C)CCCN1C(=O)c2ccc(-c3ccc4c(c3)C(=O)N(*)C4=O)cc2C1=O,0.37133662,74,2,26,5,2,4,valid
4415,1188921734,*C(=O)c1ccc2c(c1)C(=O)N(c1cccc(Nc3nc(Nc4cccc(N5C(=O)c6ccc(*)cc6C5=O)c4)nc(N(c4ccccc4)c4ccccc4)n3)c1)C2=O,0.38475396,104,2,44,5,8,5,valid
806,226567495,*Nc1ccc2c(c1N*)-c1ccccc1C2(CC)CC,0.35949967,32,2,17,0,2,0,valid
615,170253465,*Oc1cccc(Oc2cccc(*)n2)c1,0.35077616,24,2,11,2,1,0,valid
1647,442573599,*c1ccc(-c2sc(-c3cc(SCCCCCCCCCCCC)c(*)s3)cc2SCCCCCCCCCCCC)cc1,0.43658652,60,2,38,0,0,0,valid
2572,698615321,*C=Cc1cc(OCC(CC)CCCC)c(C=Cc2cc(OC)c(*)cc2OC)cc1OC,0.3762763,49,2,27,4,0,2,valid
3555,972337368,*CC(*)(C)C(=O)OCCCCCCOc1ccc(N=Nc2ccc(OCCCC)cc2)cc1,0.36838691,50,2,26,4,2,2,valid
7606,2053664112,*NCCN*,0.30366476,6,2,2,0,2,0,valid
2199,595611477,*CCCCCCCCCCCCNC(=O)c1ccc(C(=O)N*)c(Sc2ccccc2)c1,0.36922015,47,2,25,2,2,2,valid
710,199261804,*c1ccc(Oc2ccc3ccccc3c2-c2c(Oc3ccc(N4C(=O)c5ccc(NC(=O)Nc6ccc(Oc7ccc(NC(=O)Nc8ccc9c(c8)C(=O)N(*)C9=O)cc7)cc6)cc5C4=O)cc3)ccc3ccccc23)cc1,0.36179389,134,2,62,9,6,6,valid
357,100767985,*CCCCCCCCCOC(=O)Nc1ccc(C)c(NC(=O)O*)c1,0.35104794,38,2,18,4,2,2,valid
7480,2021290286,*C(=O)c1ccc2c(c1)C(=O)N(c1ccc(Oc3ccc(C(=O)c4ccc5cc(C(=O)c6ccc(Oc7ccc(N8C(=O)c9ccc(*)cc9C8=O)cc7)cc6)ccc5c4)cc3)cc1)C2=O,0.3742742,119,2,53,9,2,7,valid
479,133123853,*CCNC(=O)c1ccc(O*)cc1,0.3294033,21,2,9,2,1,1,valid
5910,1603270914,*CCN(CCOC(=O)c1cccc(C(=O)O*)c1)c1ccccc1,0.34654736,39,2,18,4,1,2,valid
116,34042817,*CCCCCCOC(=O)c1cccc(C(=O)O*)c1,0.34938247,30,2,14,4,0,2,valid
3438,941524634,*CC(*)(C)C(=O)OCc1ccsc1,0.35367667,23,2,9,2,0,1,valid
4784,1293974706,*Nc1cc2c3ccccc3c3ccccc3c2c(N*)c1N,0.3316594,33,2,18,0,3,0,valid
2460,671188865,*CC(*)(C)C(=O)OCc1ccc(C=CC(=O)Oc2ccc(OC)cc2)cc1,0.33755795,47,2,21,5,0,3,valid
1958,527894949,*Nc1ccc(-c2ccc(N*)c3c(N)cccc23)c2cccc(N)c12,0.35447146,43,2,20,0,4,0,valid
99,26367456,*Nc1ccc(C[C@](CC)(CCC)c2ccc(N)c(C[C@](C=C)(CC)c3ccc(N*)cc3)c2)cc1,0.35808156,65,2,31,0,3,1,valid
2537,688760840,*OC(COC(=O)c1cccc(C(*)=O)c1)COc1ccc(N=Nc2ccc(C#N)cc2)cc1,0.35979025,56,2,24,5,3,3,valid
3589,978144128,*CNC(=O)OCC(OC(=O)NCc1ccc(*)o1)c1ccco1,0.32715503,38,2,14,6,2,2,valid
5947,1613645225,*OC(=O)Nc1ccc(Cc2ccc(NC(=O)OC3CC4CC(*)CC(C3)O4)cc2)cc1,0.34955799,54,2,23,5,2,2,valid
2224,603228174,*c1ccc(Oc2ccc(N3C(=O)c4ccc(Oc5ccc6ccc(Oc7ccc8c(c7)C(=O)N(*)C8=O)cc6c5)cc4C3=O)cc2)cc1,0.36486297,85,2,38,7,2,4,valid
4565,1231617285,*CC(*)NC=O,0.27493701,10,2,3,1,1,1,valid
3222,878287974,*Nc1ccc2c(c1)C1(CC2)CCc2ccc(N*)cc21,0.3601834849999999,35,2,17,0,2,0,valid
1,106919,*Nc1ccc([C@H](CCC)c2ccc(C3(c4ccc([C@@H](CCC)c5ccc(N*)cc5)cc4)CCC(CCCCC)CC3)cc2)cc1,0.3704102,82,2,43,0,2,0,valid
4899,1328279815,*O[Si](*)(C)CCCCCCOc1ccc(C(=O)Oc2ccc(C(=O)OCC(C)CC)cc2)cc1,0.36613468,58,2,26,6,0,2,valid
1060,288433754,*CC(*)C(=O)Oc1cccc2ccccc12,0.35105406,26,2,13,2,0,1,valid
7557,2041864294,*c1ccc(OCCCCCCCCCCCOC(=O)c2ccc(C(=O)OCCCCCCCCCCCOc3cccc(-c4nnc(*)s4)c3)cc2)cc1,0.37179476,78,2,44,6,2,2,valid
3075,835465429,*CC(*)(C)C(=O)OCCCCCCCCCCOc1ccc(N=Nc2ccccc2)cc1,0.3703315,47,2,26,3,2,2,valid
662,184214887,*C(=O)c1ccc2c(c1)C(=O)N(c1ccc(Cc3ccc(Cc4ccc(N5C(=O)c6ccc(*)cc6C5=O)cc4)cc3)cc1)C2=O,0.37908759,83,2,37,5,2,5,valid
5974,1619538915,*Nc1cccc(Cc2ccccc2)c1-c1cccc(C[C@H](N*)c2ccccc2)c1,0.34966936,50,2,27,0,2,0,valid
3315,907618399,*c1cccc(P(=O)(c2ccccc2)c2cccc(N3C(=O)c4ccc(NC(=O)OCCOc5c(Br)cc(C(C)(C)c6cc(Br)c(OCCOC(=O)Nc7ccc8c(c7)C(=O)N(*)C8=O)c(Br)c6)cc5Br)cc4C3=O)c2)c1,0.37634912,142,2,55,11,4,7,valid
2770,753005996,*N=P(*)(NCC)NCC,0.39858721,15,2,4,0,3,1,valid
1812,488191156,*CCCCCOc1cccc(NC(=O)c2ccc(C(=O)Nc3cccc(O*)c3)cc2)c1,0.34353259,51,2,25,4,2,2,valid
6645,1804836030,*C(=O)Nc1ccc(Oc2ccc(C3(c4ccc(Oc5ccc(NC(=O)c6ccc7c(c6)C(=O)N(c6ccc(Oc8ccc(C9(c%10ccc(Oc%11ccc(N%12C(=O)c%13ccc(*)cc%13C%12=O)cc%11)cc%10)NC(=O)c%10ccccc%109)cc8)cc6)C7=O)cc5)cc4)NC(=O)c4ccccc43)cc2)cc1,0.37607232,200,2,82,12,6,8,valid
245,70329705,*CC(COC(F)(C(F)(F)F)C(F)(F)F)O*,0.33503076,31,2,6,2,0,0,valid
879,244278527,*CCCCCCOC(=O)OCCCCCCCCCCCCOC(=O)OCCCCCCOc1ccc(Oc2ccc(O*)cc2)cc1,0.36332291,63,2,38,9,0,2,valid
3953,1071227644,*c1cc(C(c2ccc(OCCN(C)c3ccc(C=CC4=CC(=C(C#N)S(C)(=O)=O)CC(C)(C)C4)cc3)c(N3C(=O)c4ccc(Oc5ccc6c(c5)C(=O)N(*)C6=O)cc4C3=O)c2)(C(F)(F)F)C(F)(F)F)ccc1OCCN(C)c1ccc(C=CC2=CC(=C(C#N)S(C)(=O)=O)CC(C)(C)C2)cc1,0.37777031,198,2,75,11,6,14,valid
7160,1932802703,*Oc1ccc(C(c2ccc(OC(=O)OC3C(C)(C)C(OC(*)=O)C3(C)C)cc2)(C(F)(F)F)C(F)(F)F)cc1,0.35070734,75,2,25,6,0,2,valid
2327,635174783,*C(=O)Nc1c(C)cc(C)c(NC(=O)c2ccc3c(c2)C(=O)N(c2c(C)cc(C)c(N4C(=O)c5ccc(*)cc5C4=O)c2C)C3=O)c1C,0.38812467,92,2,36,6,4,6,valid
7218,1949953064,*c1cccc(*)c1,0.36874604,12,2,6,0,0,0,valid
1803,484906065,*Oc1ccc(CC(NC(=O)CCc2ccc(OC(=O)CCCC(*)=O)cc2)C(=O)OC(C)CC)cc1,0.3421229,61,2,27,7,1,4,valid
189,55938751,*N=P(*)(Oc1ccc(Cl)cc1)Oc1ccc(Cl)cc1,0.39730375,35,2,12,2,1,1,valid
5312,1444443456,*CC(*)C(=O)OC1CCCCC1,0.36637018,20,2,9,2,0,1,valid
4029,1089343278,*CC(*)(C)C(=O)OC12CC3CC(CC(C3)C1)C2,0.39138472,35,2,14,2,0,1,valid
6100,1653991852,*Nc1cc(NC(=O)NC2CCC(CC3CCC(NC(*)=O)CC3)CC2)cc(C(=O)Nc2ccc3c(c2)C(=O)c2ccccc2C3=O)c1,0.34250678,83,2,36,5,5,5,valid
7574,2046892348,*CCCCOc1ccc(C(=O)OC(=O)c2ccc(O*)cc2)cc1,0.33643184,39,2,18,5,0,2,valid
2295,624653441,*CCCCCCCCCCOc1ccc(-c2cc(-c3ccc(-c4ccccc4)cc3)c(-c3ccc(NC(=O)c4ccc(C(=O)Nc5ccc(-c6c(-c7ccc(-c8ccccc8)cc7)cc(-c7ccc(O*)cc7)cc6-c6ccc(-c7ccccc7)cc6)cc5)cc4)cc3)c(-c3ccc(-c4ccccc4)cc3)c2)cc1,0.36612407,186,2,102,4,2,2,valid
312,88832421,*CCCC(Cl)C(*)Cl,0.38583905,15,2,5,0,0,0,valid
4357,1174531602,*Nc1ccccc1Sc1ccccc1N*,0.34070371,21,2,11,0,2,0,valid
4702,1265853164,*CCSCc1ccc(Cc2ccc(CSCCOC(=O)CCSCc3ccc(Cc4ccc(CSCCC(=O)O*)cc4)cc3)cc2)cc1,0.36622097,72,2,40,4,0,2,valid
6356,1722126361,*CC(*)(C)C(=O)OCCCCn1c2ccccc2c2cc(N=Nc3ccc([N+](=O)[O-])cc3[N+](=O)[O-])ccc21,0.36195293,77,2,25,6,4,4,valid
4275,1153424706,*Nc1c(C)c(N)c(N)c(NS(=O)(=O)C(C)(CC)CC)c1N*,0.33683103,43,2,13,2,5,2,valid
442,123524661,*Oc1c(F)c(F)c(COC(c2cccc(C(OCc3c(F)c(F)c(Oc4ccc(Cc5ccc(*)cc5)cc4)c(F)c3F)(C(F)(F)F)C(F)(F)F)c2)(C(F)(F)F)C(F)(F)F)c(F)c1F,0.34625699,121,2,39,4,0,0,valid
653,181691220,*CC(F)(F)C(F)(F)COC(=O)NCC(F)(F)C(F)(F)C(F)(F)C(F)(F)CNC(=O)O*,0.30107699,62,2,12,4,2,2,valid
7948,2142082158,*CC(*)C(=O)OCCOCC1(CC)COC1,0.35230889,26,2,11,4,0,1,valid
7377,1992818207,*Oc1ccc(C(C)(C)c2ccc(OC(=O)OCC3CCC(COC(*)=O)CC3)cc2)cc1,0.35273302,55,2,25,6,0,2,valid
6544,1780262446,*N=P(*)(Oc1cccc(C)c1)Oc1cccc(C)c1,0.3884914,33,2,14,2,1,1,valid
7620,2058153586,*Nc1ccc(-c2ccc(N*)cc2-c2ccccc2C(C)(C)C)cc1,0.35895204,42,2,22,0,2,0,valid
579,160203629,*CC(*)C(=O)OCc1ccc(C#N)cc1,0.35524043,26,2,11,2,1,1,valid
2022,545195322,*CC(C)C(=O)O*,0.33755497,13,2,4,2,0,1,valid
2145,579955066,*Oc1ccc(C(=O)c2ccc(Oc3ccc(C(=O)c4c(C(=O)c5ccc(*)cc5)c(-c5ccc(F)cc5)c(-c5ccc(F)cc5)c(-c5ccc(F)cc5)c4-c4ccc(F)cc4)cc3)cc2)cc1,0.39692359,123,2,57,5,0,3,valid
4476,1205655131,*CC(*)(C)C(=O)OCCCCCCCCCCn1c2ccccc2c2cc(C=C(C#N)C(=O)OC)ccc21,0.36253093,61,2,30,4,1,3,valid
3777,1025691953,*Oc1cccc(Oc2ccc(C(=O)O)c(C(=O)Nc3ccc(Oc4ccc(-c5ccc(Oc6ccc(NC(=O)c7cc(*)ccc7C(=O)O)cc6)cc5)cc4)cc3)c2)c1,0.34519508,103,2,46,10,2,4,valid
2549,691219107,*CCCCCCCCCCSS*,0.43577618,14,2,10,0,0,0,valid
3644,989396731,*CCCc1nc2cc(-c3ccc4[nH]c(*)nc4c3)ccc2[nH]1,0.36451297,42,2,17,0,4,0,valid
586,162133188,*Nc1ccc(CC(CC)(CC)c2ccc(N)c(CC(C)(C)c3ccc(N*)cc3)c2)cc1,0.35644292,55,2,28,0,3,0,valid
3325,909673553,*CCC[Si](*)(C)O[Si](C)(C)CCCOc1ccc(C#N)cc1,0.40108774,42,2,16,2,1,0,valid
5053,1370577687,*CC(*)C(=O)NCC(N)=O,0.24561261,19,2,5,2,2,2,valid
4400,1184454690,*CCCNC(=O)CCCCC(=O)NCCCO*,0.33205833,25,2,12,3,2,2,valid
781,219386483,*C(=O)OCCN(CCOC(=O)c1ccc2c(c1)C(=O)N(c1c(C)cc(Cc3cc(C)c(N4C(=O)c5ccc(*)cc5C4=O)c(C)c3)cc1C)C2=O)c1ccccc1,0.37130199,104,2,45,8,3,6,valid
7528,2035543497,*CCCCNC(=O)c1cccc(C(=O)N*)c1,0.32480195,28,2,12,2,2,2,valid
5017,1361184303,*Nc1ccc(C2(c3ccc(N*)c(-c4ccccc4)c3)c3ccccc3-c3ccccc32)cc1-c1ccccc1,0.379009425,66,2,37,0,2,0,valid
4101,1108782775,*CCCCCCOC(=O)OCCCCCCN1C(=O)c2ccc(-c3ccc4c(c3)C(=O)N(*)C4=O)cc2C1=O,0.339636,66,2,29,7,2,5,valid
1198,321268777,*Nc1ccc(CC(C)(C)NC(=O)CCCCCCCCC(*)=O)cc1,0.35281212,40,2,20,2,2,2,valid
661,184129336,*Nc1cc(-c2ccccc2)c(N*)c(-c2ccccc2)c1-c1ccccc1,0.36779908,45,2,24,0,2,0,valid
578,160086436,*Oc1ccc(C(CC)(c2ccccc2)c2ccc(OC(*)=S)cc2)cc1,0.36657618,44,2,22,2,0,1,valid
3819,1036220346,*Oc1ccc(C=CC(=O)c2ccc(Oc3ccc(C(C)(C)c4ccc(*)cc4)cc3)cc2)cc1,0.37255278,59,2,30,3,0,2,valid
4153,1123597680,*c1cccc(P(C)(=O)c2cccc(N3C(=O)c4ccc(NC(=O)OCCOc5ccc(P(=O)(c6ccccc6)c6ccc(OCCOC(=O)Nc7ccc8c(c7)C(=O)N(*)C8=O)cc6)cc5)cc4C3=O)c2)c1,0.35188872,129,2,53,12,4,8,valid
6558,1784137084,*CCCCCOC(=O)NCCCCCCNC(=O)O*,0.33912475,27,2,13,4,2,2,valid
1845,498538377,*c1ccc2c(c1)C(=O)N(c1ccc(N(c3ccc(C=Cc4ccc([N+](=O)[O-])cc4)cc3)c3ccc(N4C(=O)c5ccc(C(*)(C(F)(F)F)C(F)(F)F)cc5C4=O)cc3)cc1)C2=O,0.41204926,125,2,45,6,4,6,valid
4075,1101869163,*CC(*)C(=O)Oc1ccc(C(=O)OCCCC)cc1,0.35302021,32,2,14,4,0,2,valid
7603,2053145171,*Nc1cc(NC(=O)c2ccc(C(*)=O)cc2)cc(C(=O)OC(c2ccccc2)c2ccccc2)c1,0.35378729,61,2,28,4,2,3,valid
2074,558140001,*CCCCCCOC(=O)OCCCCCCCCCOC(=O)OCCCCCCOc1ccc(C(=O)c2ccc(O*)cc2)cc1,0.35587164,64,2,36,9,0,3,valid
893,247996319,*CC(COc1ccc(C(C)(C)c2ccc(O*)cc2)cc1)OC(=O)c1ccccc1,0.35589429,50,2,25,4,0,1,valid
894,248016214,*CC(*)(C)C(=O)OCCc1ccccc1,0.35596729,25,2,12,2,0,1,valid
6575,1788310964,*Oc1cc(CCCCCC)cc(OC(=O)c2cccc(C(*)=O)c2)c1,0.36594345,42,2,20,4,0,2,valid
2123,574709027,*C(=O)NCCCCCCNC(=O)c1ccc(*)nc1,0.34059316,30,2,13,2,3,2,valid
2258,612321381,*Oc1ccc(C=CC(=O)c2ccc(Oc3ccc(C(C)(c4ccccc4)c4ccc(*)cc4)cc3)cc2)cc1,0.37609357,66,2,35,3,0,2,valid
3653,991575324,*c1ccc(Oc2ccc(N3C(=O)c4ccc(Oc5ccc(S(=O)(=O)c6ccc(Oc7ccc8c(c7)C(=O)N(*)C8=O)cc6)cc5)cc4C3=O)cc2)cc1,0.3668584,98,2,40,9,2,6,valid
4063,1098503912,*Nc1ccc(CCCC=C(c2ccc(N)cc2)c2ccc(N*)cc2)cc1,0.35438758,43,2,23,0,3,1,valid
1058,288320875,*c1ccc(Oc2ccc(C3(c4ccc(Oc5ccc(-c6cccc(*)n6)cc5C(F)(F)F)cc4)c4ccccc4-c4ccccc43)cc2)c(C(F)(F)F)c1,0.41115337,95,2,44,2,1,0,valid
4474,1205044664,*Nc1ccc(C2(c3ccc(N*)cc3C)c3ccccc3-c3ccccc32)c(C)c1,0.37196959,50,2,27,0,2,0,valid
5919,1606526460,*c1ccc(N(c2ccc(C#N)cc2)c2ccc(N3C(=O)c4ccc(S(=O)(=O)c5ccc6c(c5)C(=O)N(*)C6=O)cc4C3=O)cc2)cc1,0.42173166,91,2,35,6,4,6,valid
7389,1997781379,*OP(=O)(Oc1ccccc1)Oc1c(C)cc(S(=O)(=O)c2cc(C)c(*)c(C)c2)cc1C,0.3661802,59,2,22,6,0,3,valid
4717,1269445005,*CC(=O)Nc1cccc2c(NC(=O)COc3ccc4ccccc4c3Sc3c(O*)ccc4ccccc34)cccc12,0.34427885,65,2,33,4,2,2,valid
4544,1223466134,*Oc1ccccc1C(=O)OC(=O)c1ccccc1OC(=O)CCCCCCCCC(*)=O,0.34302627,49,2,24,7,0,4,valid
7040,1902122155,*Oc1ccc(S(=O)(=O)c2ccc3ccc(S(=O)(=O)c4ccc(*)cc4)cc3c2)cc1,0.36906396,57,2,22,5,0,4,valid
4643,1251846091,*CCN(CCOC(=O)Nc1ccc(Cc2ccc(NC(=O)O*)cc2)cc1)c1ccc(N=Nc2ccc([N+](=O)[O-])cc2)cc1,0.34851961,79,2,31,6,6,4,valid
1129,302206099,*Nc1ccc([C@H](CC)C[C@H](C[C@@H](C[C@@H](C)c2ccc(N*)cc2)c2ccc(N)cc2)c2ccc(N)cc2)cc1,0.36066913,82,2,34,0,4,0,valid
6145,1669065753,*CC(*)c1c(F)c(F)c(OCC(F)(F)C(F)(F)C(F)(F)C(F)(F)C(F)(F)C(F)(F)C(F)(F)F)c(F)c1F,0.33681331,78,2,16,1,0,0,valid
3904,1058114006,*CC(*)(F)C(=O)OCC(F)(F)C(F)(F)C(F)(F)C(F)F,0.31210556,42,2,8,2,0,1,valid
7270,1964385683,*C(=O)c1ccc2c(c1)C(=O)N(c1ccccc1C(=O)c1ccccc1N1C(=O)c3ccc(*)cc3C1=O)C2=O,0.38153591,72,2,30,6,2,6,valid
4264,1151260550,*c1ccc(Oc2ccc(N3C(=O)c4ccc(Oc5ccc6c(c5)C(=O)N(c5ncc(*)s5)C6=O)cc4C3=O)cc2)cc1,0.39445531,77,2,31,6,3,4,valid
6682,1813031373,*OC(COCC)COC(*)=O,0.34611534,17,2,6,4,0,1,valid
3498,955200653,*Oc1cccc(OC(=O)CCC(*)=O)c1,0.32498132,26,2,10,4,0,2,valid
3567,973722160,*NC1=C(N)[C@@H](N*)NC(=O)N1,0.28374372,27,2,4,1,5,2,valid
5735,1557378931,*Oc1ccc(C(=O)OCCOCCOCCOC(=O)c2ccc(OC(=O)c3ccc(C(*)=O)cc3)cc2)cc1,0.33612915,64,2,28,10,0,4,valid
3620,983140270,*Oc1ccc(S(=O)(=O)c2ccc(Oc3ccc(P(C)(=O)c4ccc(*)cc4)cc3)cc2)cc1,0.37865073,61,2,25,5,0,3,valid
6426,1742360572,*CC(*)c1cccc(F)c1,0.39194172,17,2,8,0,0,0,valid
1254,336780982,*C=Cc1ccc(-c2nnc(-c3ccc(C=Cc4ccc5c(c4)c4cc(*)ccc4n5CCCCCCCC)cc3)n2-c2ccccc2)cc1,0.39201873,79,2,44,0,4,2,valid
6608,1795499344,*c1ccc(-c2ccc(-c3cc(-c4ccccc4)c4cc(C5(c6ccc7nc(*)cc(-c8ccccc8)c7c6)c6ccccc6C(=O)c6ccccc65)ccc4n3)cc2)cc1,0.42706611,104,2,56,1,2,1,valid
3214,875422792,*Oc1ccc2cc(Oc3ccc(S(=O)(=O)c4ccc(Oc5ccc(C(=O)c6ccc(*)cc6)cc5)cc4)cc3)ccc2c1,0.36982073,75,2,35,6,0,3,valid
998,272150874,*CC(*)c1ccc(CCCCCCCCCCCCCCCC)cc1,0.40149462,32,2,24,0,0,0,valid
7867,2117609308,*Oc1ccc(P(C)(=O)c2ccc(Oc3ccc(P(=O)(c4ccccc4)c4ccc(*)cc4)cc3)cc2)cc1,0.38699983,67,2,31,4,0,2,valid
6177,1675605229,*CCC1CC(*)C2C3CC(c4ccc(COC(C)CC)cc4)C(C3)C12,0.37580265,44,2,23,1,0,0,valid
574,159202130,*NCc1c2ccccc2c(CN*)c2c(N)cccc12,0.33082098,31,2,16,0,3,0,valid
7345,1982948729,*CCOCCOCCOc1ccc(C=Cc2cc(OC)c(C=Cc3ccc(O*)c4ccccc34)cc2OC)c2ccccc12,0.35883,66,2,38,6,0,2,valid
5467,1482120134,*Oc1ccc(NC(=O)c2cc(C(=O)Nc3ccc(*)cc3)cc(S(=O)(=O)c3ccccc3)c2)cc1,0.35307461,64,2,26,5,2,4,valid
1663,447303285,*CC(*)OC(=O)CCCC(=O)c1ccc(C)cc1,0.34755673,31,2,14,3,0,2,valid
4015,1085727848,*CCC(=C(*)c1ccccc1)c1ccccc1,0.39996108,27,2,16,0,0,1,valid
4074,1101626993,*C(=O)c1ccc2c(c1)C(=O)N(c1ccc(Sc3ccc(N4C(=O)c5ccc(*)cc5C4=O)cc3)cc1)C2=O,0.37953912,72,2,28,5,2,5,valid
5268,1430804351,*Oc1ccc(Oc2ccc(C(=O)Nc3ccc(Oc4ccc(S(=O)(=O)c5ccc(Oc6ccc(NC(=O)c7ccc(*)cc7)cc6)cc5)cc4)cc3)cc2)cc1-c1ccccc1,0.3631401,106,2,50,8,2,4,valid
2833,769383218,*CCOP(=O)(N=Nc1ccc(Oc2ccc(N=NP(=O)(O*)OCC)cc2)cc1)OCC,0.3620127,53,2,18,7,4,4,valid
3383,926324198,*c1ccc(-c2nnc(*)o2)c(OCCCCCCCC)c1,0.41320631,33,2,16,2,2,0,valid
4514,1215694607,*Oc1ccc(C(c2ccc(Oc3ccc(C(=O)c4cccc5cccc(C(=O)c6ccc(*)cc6)c45)cc3)cc2)(C(F)(F)F)C(F)(F)F)cc1,0.37599895,91,2,39,4,0,2,valid
7550,2039296323,*c1ccc(Oc2ccc(-c3ccc(Oc4ccc(-c5nnc(*)c6c(-c7ccccc7)c(-c7ccc8ccccc8c7)c(-c7ccc8ccccc8c7)c(-c7ccccc7)c56)cc4)cc3)cc2)cc1,0.40570846,118,2,64,2,2,0,valid
1023,280901586,*c1ccc(Oc2ccc(C(=O)c3ccc(-c4ccc(C(=O)c5ccc(Oc6ccc(-c7nc(-c8ccccc8)[nH]c7*)cc6)cc5)cc4)cc3)cc2)cc1,0.38363841,97,2,47,4,2,2,valid
29,6102563,*C(=O)OCCOCCOC(=O)c1ccc(N2C(=O)c3ccc(*)cc3C2=O)cc1,0.32926001,50,2,20,7,1,4,valid
6833,1852654693,*CCCCCOc1ccc(OCCCCCc2nnc(-c3ccc(-c4nnc(*)o4)cc3)o2)c(C)c1,0.36383465,57,2,27,4,4,0,valid
2834,769839159,*Oc1ccc(C(=O)OCCOCCOCCOCCOC(=O)c2ccc(OC(=O)c3ccc(C(*)=O)cc3)cc2)cc1,0.3367055,67,2,30,11,0,4,valid
2748,748679100,*C(=O)Nc1ccc(NC(=O)c2ccc3c(c2)C(=O)N(c2c(C)cc(C)c(N4C(=O)c5ccc(*)cc5C4=O)c2C)C3=O)cc1,0.37301692,85,2,33,6,4,6,valid
5708,1549091300,*c1ccc2c(c1)C(=O)N(c1cccc(C(=O)Nc3ccc(Oc4ccc(Oc5ccc(NC(=O)c6cccc(N7C(=O)c8ccc(C(*)(C(F)(F)F)C(F)(F)F)cc8C7=O)c6)cc5)cc4)cc3)c1)C2=O,0.35694819,131,2,51,8,4,6,valid
860,240111092,*CC(*)c1ccc(C(C)(O)CCC)cc1,0.37492289,26,2,13,1,0,0,valid
4231,1143554851,*CC(*)C(=O)OCC(F)(F)C(F)(F)C(F)(F)F,0.32963325,35,2,7,2,0,1,valid
5441,1476896274,*c1cccc(N2C(=O)c3ccc(C(c4ccc5c(c4)C(=O)N(c4cccc(N6C(=O)c7ccc(-c8ccc9c(c8)C(=O)N(*)C9=O)cc7C6=O)c4)C5=O)(C(F)(F)F)C(F)(F)F)cc3C2=O)c1,0.37976208,132,2,47,8,4,8,valid
324,91029862,*c1ccc(Oc2ccc(-c3cc(-c4cccc(-c5cc(*)c6ccccc6n5)c4)nc4ccccc34)cc2)cc1,0.40199506,68,2,36,1,2,0,valid
771,216165703,*Oc1ccc(S(=O)(=O)c2ccc(Oc3ccc(C(C)(C)c4ccc(*)c(N)c4)cc3N)cc2)c(N)c1,0.37345371,67,2,27,4,3,2,valid
7357,1986951321,*Oc1ccc(NC(=O)c2ccc(C(=O)Nc3ccc(Oc4ccc(C(c5ccc(*)cc5)(C(F)(F)F)C(F)(F)F)cc4)cc3)cc2)cc1,0.35696671,87,2,35,4,2,2,valid
2664,723638059,*NCC(C)(C)CN*,0.32817407,13,2,5,0,2,0,valid
6407,1737643625,*Nc1cccc(Cc2cccc3ccc(N*)cc23)c1,0.34622731,31,2,17,0,2,0,valid
6841,1854822078,*CC(*)C(=O)Nc1ccc(C(=O)C=Cc2cccc(Br)c2)cc1,0.36040488,42,2,18,2,1,3,valid
22,5661484,*c1ccc(Oc2ccc(S(=O)(=O)c3ccc(Oc4ccc(-c5nc(-c6ccccn6)nnc5*)cc4)cc3)cc2)cc1,0.38715626,73,2,32,4,4,2,valid
3111,843758383,*C(=O)c1ccc2c(c1)C(=O)N(c1c(C)cc(C(c3cc(C(F)(F)F)cc(C(F)(F)F)c3)c3cc(C)c(N4C(=O)c5ccc(*)cc5C4=O)c(C)c3)cc1C)C2=O,0.43055287,112,2,42,5,2,5,valid
997,271737793,*c1ccc(Oc2ccc(N3C(=O)CC4C(CC5C(=O)N(*)C(=O)C54)C3=O)cc2)cc1,0.38077271,59,2,22,5,2,4,valid
1035,284421147,*C(=O)Nc1ccc(C(c2ccc(NC(=O)c3ccc4c(c3)C(=O)N(c3c(C)cc(-c5cc(C)c(N6C(=O)c7ccc(*)cc7C6=O)c6ccccc56)c5ccccc35)C4=O)cc2)(C(F)(F)F)C(F)(F)F)cc1,0.37733686,138,2,55,6,4,6,valid
1188,318193611,*c1ccc(Oc2ccc(S(=O)(=O)c3ccc(Oc4ccc(N5C(=O)c6ccc([Si](C)(C)c7ccc8c(c7)C(=O)N(*)C8=O)cc6C5=O)cc4)cc3)cc2)cc1,0.37988388,107,2,42,8,2,6,valid
6319,1711893868,*Oc1ccc(N=Cc2ccc(Oc3ccc(C(c4ccccc4)(c4ccccc4)c4ccc(Oc5ccc(C=Nc6ccc(*)cc6)cc5)cc4)cc3)cc2)cc1,0.388023,92,2,51,3,2,2,valid
1448,390205045,*Nc1cc2c(cc1N*)[C@]1(C)CC[C@@]2(C)C1,0.36723278,36,2,13,0,2,0,valid
5172,1401313512,*OP(=O)(Oc1c(Cl)cccc1Cl)Oc1c(Cl)c(Cl)c(*)c(Cl)c1Cl,0.35947365,50,2,12,4,0,1,valid
6891,1865790148,*c1c(C)cc(C)c(N2C(=O)c3cccc(Oc4c(C)cc(-c5cc(C)c(Oc6cccc7c6C(=O)N(*)C7=O)c(C)c5)cc4C)c3C2=O)c1C,0.39910552,94,2,41,6,2,4,valid
317,89692209,*c1ccc(Oc2ccc(-c3ccc(Oc4ccc(N5C(=O)c6ccc(Oc7cccc(Oc8ccc9c(c8)C(=O)N(*)C9=O)c7)cc6C5=O)cc4)cc3)cc2)cc1,0.36204045,101,2,46,8,2,4,valid
5760,1562741783,*Nc1ccc(C2(c3ccc(N*)cc3)CCC(C[C@H]3CC[C@H](CCC)CC3)CC2)cc1,0.36143785,58,2,28,0,2,0,valid
2370,644711726,*CC(*)C(=O)Oc1c(F)c(F)c(F)c(F)c1F,0.33973517,33,2,9,2,0,1,valid
1422,382786072,*CCCCCCCCCCCCNC(=O)CCCCCCCCCCCCC(=O)N*,0.37944839,38,2,26,2,2,2,valid
2697,733146174,*c1ccc(Oc2ccc(N3C(=O)c4ccc(C(c5ccc6c(c5)C(=O)N(c5ncc(*)s5)C6=O)(C(F)(F)F)C(F)(F)F)cc4C3=O)cc2)cc1,0.4074392,97,2,34,5,3,4,valid
640,179710096,*Oc1ccc(CC(NC(=O)CCc2ccc(OC(=O)COCCOCC(*)=O)cc2)C(=O)OC)cc1,0.33270357,59,2,25,9,1,4,valid
1641,441295392,*Oc1ccc(N(c2ccccc2)c2ccc(-c3ccc(N(c4ccccc4)c4ccc(*)cc4)cc3)cc2)cc1,0.42813403,66,2,36,1,2,0,valid
4403,1185605956,*c1ccc(Oc2ccc(Oc3ccc(NC(=O)c4ccc(Oc5ccc6c(c5)C(=O)N(*)C6=O)cc4)cc3)cc2)cc1,0.35953155,74,2,33,6,2,3,valid
5766,1564080444,*c1ccc(-c2ccc(-c3nc4ccc(-c5ccc6nc(*)c(-c7ccccc7)c(-c7ccccc7)c6c5)cc4c(-c4ccccc4)c3-c3ccccc3)cc2)cc1,0.43300062,99,2,54,0,2,0,valid
1424,382866074,*CCCCCCCCCCCC(=O)Oc1ccc2ccc(OC(=O)c3ccc4c(c3)C(=O)N(*)C4=O)cc2c1,0.35050831,64,2,31,6,1,4,valid
5287,1437198887,*CCCC(=O)Nc1ccc(Oc2ccc(Oc3ccc(NC(=O)CCCN4C(=O)c5ccc(C(=O)c6ccc7c(c6)C(=O)N(*)C7=O)cc5C4=O)cc3)cc2)cc1,0.33944014,101,2,43,9,4,7,valid
3987,1079236284,*Nc1ccc(-c2ccc(C3=CC[C@](N*)(c4ccccc4)C=C3)cc2)cc1,0.34703022,50,2,24,0,2,2,valid
2842,772440851,*CC(*)c1ccc(C(=O)Cc2ccccc2)cc1,0.36666659,30,2,16,1,0,1,valid
1150,309072874,*Oc1ccc(C2(c3ccc(OC(*)=O)c(C)c3)CC3CC2C2CCCC32)cc1C,0.40611726,51,2,25,3,0,1,valid
5394,1464436894,*c1ccc2c(c1)C(=O)N(c1ccc(N3C(=O)c4ccc(-c5c(-c6ccccc6)c(-c6ccccc6)c(-c6ccc(Sc7ccc(-c8c(-c9ccccc9)c(-c9ccccc9)c(*)c(-c9ccccc9)c8-c8ccccc8)cc7)cc6)c(-c6ccccc6)c5-c5ccccc5)cc4C3=O)cc1)C2=O,0.40791529,184,2,93,4,2,4,valid
5132,1391196204,*CC(*)SCCCC,0.42462566,11,2,6,0,0,0,valid
5998,1626973373,*Oc1ccc(CC(NC(=O)Cc2ccc(OC(=O)CCCCCCCCC(*)=O)cc2)C(=O)OCCCCCC)cc1,0.35488648,65,2,33,7,1,4,valid
6896,1867844121,*Nc1ccc(C2(c3ccc(N*)cc3)CCC(Cc3ccccc3)CC2)cc1,0.35467906,45,2,25,0,2,0,valid
2349,639796745,*C(=O)c1ccc2c(c1)C(=O)N(c1ccc(C(=O)Nc3ccc(Oc4ccc(NC(=O)c5ccc(NC(=O)Nc6ccc(Cc7ccc(NC(=O)Nc8ccc(C(=O)Nc9ccc(Oc%10ccc(NC(=O)c%11ccc(N%12C(=O)c%13ccc(*)cc%13C%12=O)cc%11)cc%10)cc9)cc8)cc7)cc6)cc5)cc4)cc3)cc1)C2=O,0.34916316,208,2,84,13,10,11,valid
6291,1704846953,*Oc1ccc(OC(=O)c2ccc(C(*)=O)cc2Oc2ccc3ccccc3c2)cc1,0.35356045,49,2,24,5,0,2,valid
1939,521246166,*Nc1cc(=O)c(N*)c(N)[nH]1,0.2918774,24,2,5,1,4,1,valid
6873,1863578660,*CCOCCOC(=O)C(CCCCC)C(=O)O*,0.35852428,27,2,12,5,0,2,valid
2263,615903439,*CCc1ccc(*)o1,0.3766254,13,2,6,1,0,0,valid
335,93073928,*Nc1ccc(-c2c(-c3ccc(N*)c(-c4ccc(N)cc4)c3-c3ccc(N)cc3)ccc(N)c2-c2ccc(N)cc2)cc1,0.35447107,77,2,36,0,6,0,valid
1779,478981386,*Oc1ccc(Oc2ccc(C(=O)Nc3ccc(Oc4ccc(S(=O)(=O)c5ccc(Oc6ccc(NC(=O)c7ccc(*)cc7)cc6)cc5)cc4)cc3)cc2)cc1C,0.36199389,98,2,45,8,2,4,valid
2294,624503496,*Nc1cc([N+](=O)[O-])c(NC(=O)CCCCCCCCCCCCC(*)=O)cc1C=Cc1ccc(N(C)C)cc1,0.35550969,68,2,30,4,4,4,valid
658,183287787,*c1ccc(Oc2ccc(C(C)(C)c3ccc(Oc4ccc(-c5nnc(*)o5)cc4)cc3)cc2)cc1,0.38996204,61,2,29,3,2,0,valid
3762,1020575007,*Nc1ccc(-c2ccc(N*)c(CC=C)c2CC=C)c(CC=C)c1CC=C,0.35962472,45,2,24,0,2,4,valid
2719,739643942,*CCCS(=O)(=O)c1ccc(N=Nc2ccc(N(CCCC)CC(=O)O*)cc2)cc1,0.37775099,51,2,21,4,3,4,valid
2417,662156764,*Nc1cc(C)c(Cc2ccc(CCCCCCCCCCc3ccc(Cc4c(C)cc(N*)cc4C)cc3)cc2)c(C)c1,0.35745831,66,2,40,0,2,0,valid
4513,1215512335,*CCCCCCCCCCc1ccc(-c2c(-c3ccccc3)cc(-c3ccc(-c4cc(-c5ccccc5)c(-c5ccc(*)cc5)c(-c5ccccc5)c4-c4ccccc4)cc3)c(-c3ccccc3)c2-c2ccccc2)cc1,0.39608248,128,2,76,0,0,0,valid
6966,1884578116,*NCCC[C@@H](C)CN*,0.32730151,17,2,6,0,2,0,valid
4223,1142561667,*CC(*)CNc1ccc([N+](=O)[O-])cc1[N+](=O)[O-],0.48421101,42,2,9,4,3,2,valid
3967,1075276432,*Oc1ccc(-c2ccc(Oc3ccc(Oc4ccc(Oc5ccc(*)cc5)cc4)cc3)c3ccccc23)c2ccccc12,0.37716624,69,2,38,4,0,0,valid
3074,835449661,*CCCCCCC(=O)Oc1ccc(-c2ccc(OC(=O)c3ccc4c(c3)C(=O)N(*)C4=O)cc2)cc1,0.34163356,64,2,28,6,1,4,valid
5106,1386480271,*CC(*)n1c2ccccc2c2cc3ccccc3cc21,0.38102074,31,2,18,0,1,0,valid
5841,1583883601,*Nc1ccc([C@@](C)(c2ccccc2)c2cccc(N*)c2)cc1,0.35514854,42,2,20,0,2,0,valid
7252,1958618966,*CC(C)(C)O*,0.39662664,11,2,4,1,0,0,valid
7260,1960968082,*c1ccc(C(=O)OCCCCCCOc2ccc(C=CC(=O)C=Cc3ccc(OCCCCCCOC(=O)c4ccc(-c5nnc(*)o5)cc4)cc3)cc2)cc1,0.35964696,89,2,45,8,2,5,valid
620,172704550,*O[Si](C)(C)Oc1ccc(*)cc1,0.41626444,24,2,8,2,0,0,valid
5421,1473380579,*c1ccc2c(c1)C(=O)N(c1c(C)cc(-c3cc(C)c(-c4cc(C)c(N5C(=O)c6ccc(C(*)(C(F)(F)F)C(F)(F)F)cc6C5=O)c(C)c4)cc3C)cc1C)C2=O,0.42965902,113,2,43,4,2,4,valid
2793,760236787,*Oc1ccc(NC(=O)c2ccc(C(=O)Nc3ccc(Oc4ccc(C5(c6ccc(*)cc6)C6CC7CC(C6)CC5C7)cc4)cc3)cc2)cc1,0.36751197,86,2,42,4,2,2,valid
4220,1141791290,*c1ccc2c(c1)C(=O)N(c1cccc(C(=O)Nc3ccc(Oc4cccc(Oc5ccc(NC(=O)c6cccc(N7C(=O)c8ccc(C(*)(C(F)(F)F)C(F)(F)F)cc8C7=O)c6)cc5)c4)cc3)c1)C2=O,0.35755231,131,2,51,8,4,6,valid
4843,1310550432,*CC(OCC(C)C)C1(C)C(=O)OC(=O)C1(*)C,0.34284139,34,2,12,4,0,2,valid
6553,1783164838,*Oc1c(C)cc(-c2cc(C)c(Oc3ccc(C(=O)c4ccc(*)cc4)cc3)c(CBr)c2)cc1CBr,0.40843427,64,2,29,3,0,1,valid
5999,1627008695,*Nc1cc(-c2ccccc2)c(-c2ccccc2)c(N*)c1-c1ccccc1,0.36654455,45,2,24,0,2,0,valid
1967,530546443,*c1ccc2c(c1)C(=O)N(c1ccc(OCCCCOc3ccc(N4C(=O)c5ccc(C(*)(C(F)(F)F)C(F)(F)F)cc5C4=O)cc3)cc1)C2=O,0.35627754,93,2,35,6,2,4,valid
2942,800089698,*CCCC(=O)Nc1ccc(Cc2ccc(NC(=O)CCCN3C(=O)c4ccc(C(=O)c5ccc6c(c5)C(=O)N(*)C6=O)cc4C3=O)cc2)cc1,0.33581592,90,2,38,7,4,7,valid
6565,1785988282,*CCCCCCCCCCCCCCc1ccc(-c2c(-c3ccccc3)cc(-c3ccc(-c4cc(-c5ccccc5)c(-c5ccc(*)cc5)c(-c5ccccc5)c4-c4ccccc4)cc3)c(-c3ccccc3)c2-c2ccccc2)cc1,0.40147903,132,2,80,0,0,0,valid
1953,526128388,*C(=O)Nc1ccc(Oc2ccccc2-c2ccccc2Oc2ccc(NC(=O)c3ccc4c(c3)C(=O)N(c3cccc(N5C(=O)c6ccc(*)cc6C5=O)c3)C4=O)cc2)cc1,0.36085743,107,2,48,8,4,6,valid
2429,664447199,*O[Si](C)(C)O[Si](C)(C)O[Si](C)(C)O[Si](C)(C)O[Si](C)(C)OC1=C(*)c2cccc3cccc1c23,0.41112209,79,2,22,6,0,1,valid
3661,992375016,*CCCCOc1ccc(C(=O)OCCOC(=O)c2ccc(O*)cc2)cc1,0.34108064,42,2,20,6,0,2,valid
2698,734539627,*c1cccc(P(C)(=O)c2cccc(N3C(=O)c4ccc(NC(=O)OCCOc5ccc(C(c6ccc(OCCOC(=O)Nc7ccc8c(c7)C(=O)N(*)C8=O)cc6)(C(F)(F)F)C(F)(F)F)cc5)cc4C3=O)c2)c1,0.34534828,135,2,50,11,4,7,valid
4870,1319112543,*c1ccc(-c2c(-c3ccccc3)nc3ccc(-c4ccc5nc(-c6ccccc6)c(*)c(-c6ccccc6)c5c4)cc3c2-c2ccccc2)cc1,0.39774474,88,2,48,0,2,0,valid
1475,395216039,*Oc1ccc(S(=O)(=O)c2ccc(Oc3ccc(-c4ccc(-c5ccc(*)c(C(F)(F)F)c5)cc4)cc3C(F)(F)F)cc2)cc1,0.37643427,83,2,32,4,0,2,valid
6783,1839465675,*Nc1ccc([C@]2(C)CC(C)(C)c3ccc(N*)cc32)cc1,0.36097818,41,2,18,0,2,0,valid
7103,1919323099,*Oc1ccc(NC(=O)NC2CC(C)(C)CC(C)(CNC(=O)Nc3ccc(*)c(-c4ccc(Oc5ccccc5)cc4)c3)C2)cc1-c1ccc(Oc2ccccc2)cc1,0.35601929,99,2,48,5,4,2,valid
4436,1193899229,*C(=O)c1ccc2c(c1)C(=O)N(c1ccc(N(c3ccccc3)c3ccc(N4C(=O)c5ccc(*)cc5C4=O)cc3)cc1)C2=O,0.40964735,82,2,35,5,3,5,valid
6024,1634561399,*Nc1ccc(C(c2ccc(N*)cc2)c2ccccc2N)cc1,0.3535621049999999,36,2,19,0,3,0,valid
1828,493762918,*CC(COC(C)C)O*,0.38129236,14,2,6,2,0,0,valid
7043,1903600886,*Nc1ccc2cccc3c2c1C(CC)=C(CC)[C@@H]3N*,0.35278804,37,2,17,0,2,1,valid
2453,670004959,*OC(COC(=O)c1ccc(C(*)=O)c(OC)c1)COc1ccc(N=Nc2ccc(C#N)cc2)cc1,0.35609742,60,2,25,6,3,3,valid
2712,737362009,*COC1OC(*)C(O)C(O)C1O,0.28194212,21,2,6,5,0,0,valid
358,101151007,*C=Cc1cccc(OC(=O)CCCCCCCCC(=O)Oc2cccc(-c3nnc(*)s3)c2)c1,0.35908585,55,2,26,4,2,3,valid
7139,1928552042,*Oc1c(C)cc(*)cc1C(C)CCCCCCCC,0.40648391,28,2,17,1,0,0,valid
3519,961980503,*CC(*)(C)C(=O)OCCC#N,0.35439971,20,2,7,2,1,1,valid
5935,1609935858,*Nc1cccc(C2(c3cccc(N*)c3)c3ccccc3-c3ccccc32)c1,0.36665477,46,2,25,0,2,0,valid
6362,1723062866,*CC(*)(C)C(=O)OCCCCOc1ccc(OC(=O)c2ccc(-c3ccc(OC)cc3)cc2)cc1,0.34182885,59,2,28,6,0,2,valid
7741,2087902310,*c1ccc(-c2ccc(-c3c(-c4ccccc4)nc4ccc(-c5ccc6nc(-c7ccccc7)c(*)c(-c7ccccc7)c6c5)cc4c3-c3ccccc3)cc2)cc1,0.41084325,99,2,54,0,2,0,valid
4554,1226464299,*Nc1c(C(C)(C)C)cc(C2(c3cc(C(C)(C)C)c(N*)c(C(C)(C)C)c3)c3ccccc3-c3ccccc32)cc1C(C)(C)C,0.41407636,84,2,41,0,2,0,valid
897,248434754,*CCCC(C)CN1C(=O)c2ccc(C(=O)Oc3ccc(-c4ccc(OC(=O)c5ccc6c(c5)C(=O)N(*)C6=O)cc4)cc3)cc2C1=O,0.34161456,87,2,36,8,2,6,valid
3413,935609923,*CC(*)(C)c1ccc2ccccc2n1,0.38344332,23,2,12,0,1,0,valid
1961,528637709,*Nc1ccc(Oc2ccc(N*)cc2)cc1,0.33692082,25,2,12,1,2,0,valid
3826,1037907132,*CC(*)C(=O)Oc1ccc(N=Nc2ccc(OC)cc2)cc1,0.35769038,37,2,16,3,2,2,valid
41,10557152,*C(C)=C(*)[Ge](C)(C)C,0.39996108,21,2,6,0,0,1,valid
5140,1393144437,*CCOC(=O)c1ccc(C2(C)CC(C)(C)c3ccc(C(=O)O*)cc32)cc1,0.36910231,50,2,22,4,0,2,valid
1031,282298315,*O[Si](C)(C=C)O[Si](C)(C=C)O[Si](C)(C)c1ccc([Si](*)(C)C)cc1,0.43139276,59,2,16,3,0,2,valid
6006,1629965547,*CCCCOc1ccc(C=C2CCC(=Cc3ccc(OCCCCOP(=O)(O*)OC)c(OC)c3)C2=O)cc1OC,0.35092765,64,2,30,9,0,4,valid
4483,1207045788,*Nc1ccc(C(c2ccc(NC(=O)c3cc(C(*)=O)cc(C(C)(C)C)c3)cc2)(P2(=O)Oc3ccccc3-c3ccccc32)P2(=O)Oc3ccccc3-c3ccccc32)cc1,0.37321457,109,2,49,6,2,4,valid
4661,1255030804,*Nc1ccc(-c2cc(N*)cc(-c3ccccc3)c2)cc1,0.34439898,36,2,18,0,2,0,valid
1111,297474668,*C(=O)Nc1cc(C(F)(F)F)cc(NC(=O)c2ccc3c(c2)C(=O)N(c2cc(C(F)(F)F)cc(N4C(=O)c5ccc(*)cc5C4=O)c2Oc2ccc(C(F)(F)F)cc2)C3=O)c1Oc1ccc(C(F)(F)F)cc1,0.3682254,136,2,46,8,4,6,valid
1123,300005769,*CC1CC2CC1C1CCC(CN3C(=O)c4ccc(Oc5ccc6c(c5)C(=O)N(*)C6=O)cc4C3=O)C21,0.36282504,67,2,28,5,2,4,valid
6499,1765837976,*c1ccc(Oc2ccc(-c3ccc(Oc4ccc(N5C(=O)c6ccc(Oc7ccc(Oc8ccc(Oc9ccc%10c(c9)C(=O)N(*)C%10=O)cc8)cc7)cc6C5=O)cc4)cc3)cc2)cc1,0.3631463,116,2,52,9,2,4,valid
1621,436053156,*C=Cc1cccc(OC(=O)CCCCCCCCC(=O)Oc2ccc(-c3nnc(*)s3)cc2)c1,0.35968354,55,2,26,4,2,3,valid
1793,481600989,*Oc1ccc(C(C)(C)c2ccc(C(C)(C)c3ccc(Oc4ccc(C(=O)Nc5cccc(NC(=O)c6ccc(*)cc6)c5)cc4)cc3)cc2)cc1,0.36677611,90,2,44,4,2,2,valid
4663,1255816024,*c1cccc(Cc2cccc(N3C(=O)c4ccc([Si](C)(C)c5ccc([Si](C)(C)c6ccc7c(c6)C(=O)N(*)C7=O)cc5)cc4C3=O)c2)c1,0.39436632,97,2,39,4,2,4,valid
6350,1720677048,*c1cccc(N2C(=O)C3CCC(C4CCC5C(=O)N(*)C(=O)C5C4)CC3C2=O)c1,0.38218622,56,2,22,4,2,4,valid
4819,1301068905,*OC(COC(=O)c1ccc(C(*)=O)cc1)COc1ccc(N=Nc2ccc(C#N)cc2)cc1,0.35889758,56,2,24,5,3,3,valid
1553,416714038,*CC(*)C(=O)Oc1cccc(C(=O)OCC)c1,0.33862141,30,2,12,4,0,2,valid
7456,2015016927,*Oc1ccc(S(=O)(=O)c2ccc(OC(=O)OC3C(C)(C)C(OC(*)=O)C3(C)C)cc2)cc1,0.3572516,63,2,22,8,0,4,valid
7553,2040580299,*Oc1ccc(Oc2ccc(Oc3ccc(C(C)(C)c4ccc(*)cc4)cc3)cc2)cc1,0.37740838,52,2,27,3,0,0,valid
1128,301935252,*C(=O)OCCCCCCCCCCCCOC(=O)c1ccc(N2C(=O)c3ccc(*)cc3C2=O)cc1,0.35218285,57,2,28,6,1,4,valid
3031,821537914,*CC(*)c1ccccc1C(=O)OC,0.35299495,21,2,10,2,0,1,valid
5712,1549944889,*OP(=O)(Oc1ccc(C)cc1)Oc1ccc(S(=O)(=O)c2ccc(*)cc2)cc1,0.35406248,52,2,19,6,0,3,valid
1882,507068449,*Nc1ccc([C@H](C)c2ccc([C@H](C)c3ccc([C@@H](C)c4ccc([C@@H](C)c5ccc(N*)cc5)cc4)cc3)cc2)cc1,0.36551543,88,2,38,0,2,0,valid
1480,396757724,*c1ccc(C2(c3ccc(-c4cc(-c5ccccc5)c5cc(C6(c7ccc8nc(*)cc(-c9ccccc9)c8c7)c7ccccc7-c7ccccc76)ccc5n4)cc3)c3ccccc3C(=O)c3ccccc32)cc1,0.46689842,125,2,69,1,2,1,valid
4158,1125984046,*c1ccc(-c2cc(-c3ccc(-c4ccccc4)cc3)cc(-c3ccc(N4C(=O)c5ccc(NC(=O)Nc6ccc(Oc7ccc(NC(=O)Nc8ccc9c(c8)C(=O)N(*)C9=O)cc7)cc6)cc5C4=O)cc3)n2)cc1,0.35547731,135,2,59,7,7,6,valid
1578,426568984,*CCCCCCCCCNC(=S)N*,0.38298006,18,2,10,0,2,1,valid
2207,598348393,*Nc1ccc(NC(=O)c2cc(NC(=O)c3ccccc3)cc(C(*)=O)c2)cc1,0.33713633,50,2,21,3,3,3,valid
5281,1436177841,*CC(*)C1CCC(C(C)(C)C)CC1,0.41878097,24,2,12,0,0,0,valid
6699,1815391317,*c1ccc(C2(c3ccc(-c4cc(-c5ccccc5)c5cc(-c6ccc7nc(*)cc(-c8ccccc8)c7c6)ccc5n4)cc3)c3ccccc3C(=O)c3ccccc32)cc1,0.46820776,104,2,56,1,2,1,valid
3573,974951002,*CC(CC)C(CC)COC(=O)c1ccc(C(=O)O*)cc1,0.35322539,36,2,16,4,0,2,valid
2313,630928117,*CC(*)(C)C(=O)OCc1c(F)cccc1F,0.33933326,28,2,11,2,0,1,valid
1006,274098381,*Oc1ccc(Oc2ccc(C(=O)c3ccc(*)cc3)cc2)cc1-c1cc(C(F)(F)F)cc(C(F)(F)F)c1,0.37731962,68,2,27,3,0,1,valid
5515,1497637197,*c1ccc2c(c1)C(=O)N(c1cccc(C(=O)Nc3ccc(-c4ccc(NC(=O)c5cccc(N6C(=O)c7ccc(C(*)(C(F)(F)F)C(F)(F)F)cc7C6=O)c5)cc4)cc3)c1)C2=O,0.35883674,120,2,45,6,4,6,valid
4590,1238987612,*NCc1cccc(CN*)c1,0.31831938,16,2,8,0,2,0,valid
4807,1299104612,*CC(*)C(=O)NCCCCCC(=O)O,0.30692904,23,2,9,3,1,2,valid
2,388772,*Oc1ccc(S(=O)(=O)c2ccc(Oc3ccc(C4(c5ccc(Oc6ccc(S(=O)(=O)c7ccc(Oc8ccc(C=C9CCCC(=Cc%10ccc(*)cc%10)C9=O)cc8)cc7)cc6)cc5)CCCCC4)cc3)cc2)cc1,0.37885964,134,2,62,9,0,7,valid
2397,652611709,*Oc1ccc(NC(=O)c2cccc(C(=O)Nc3ccc(Oc4ccc(C5(c6ccc(*)cc6)CC6CCC5C6)cc4)cc3)c2)cc1,0.36723415,79,2,39,4,2,2,valid
956,262074826,*Oc1ccc(C(C)(C)c2ccc(OC(=O)c3ccc(S(=O)(=O)c4ccc(C(*)=O)cc4)cc3)cc2)cc1,0.36927526,70,2,29,6,0,4,valid
3093,839878795,*c1ccc(Oc2ccc(C(=O)c3ccc(Oc4ccc(C5(*)c6ccccc6C(=O)N5C)cc4)cc3)cc2)cc1,0.39435805,69,2,34,4,1,2,valid
2790,759255806,*CC(*)(C)C(=O)OCCOc1ccc(-c2ccc(-c3ccc(C#N)cc3)cc2)cc1,0.34955949,53,2,25,3,1,1,valid
2187,592669794,*c1ccc(Sc2ccc(Sc3ccc(Sc4ccc(N5C(=O)c6ccc(-c7cccc8c7C(=O)N(*)C8=O)cc6C5=O)cc4)cc3)cc2)cc1,0.38179177,88,2,37,4,2,4,valid
1833,495203055,*c1ccc(Cc2ccc(N3C(=O)c4ccc([Si](C)(C)O[Si](C)(C)O[Si](C)(C)c5ccc6c(c5)C(=O)N(*)C6=O)cc4C3=O)cc2)cc1,0.39061892,99,2,35,6,2,4,valid
2186,592652494,*OCCOC(=O)c1ccc(C(=O)OCCOc2nc(-c3ccc(OCCCC)cc3)nc(*)c2-c2ccc(OC)cc2)cc1,0.35798582,71,2,33,8,2,2,valid
5826,1580474538,*c1ccc(C(=O)NNC(=O)c2ccc(C(=O)NNC(=O)c3ccc(C4(*)OC(=O)c5ccccc54)cc3)cc2)cc1,0.35041515,75,2,30,6,4,5,valid
7498,2026398041,*c1cccc(N2C(=O)c3cccc(Oc4ccc(Oc5cccc6c5C(=O)N(*)C6=O)cc4)c3C2=O)c1,0.35986411,66,2,28,6,2,4,valid
3091,839630987,*c1cccc(OCCCCCCCCCCCCOc2cccc(N3C(=O)c4ccc(-c5cccc6c5C(=O)N(*)C6=O)cc4C3=O)c2)c1,0.3592549,79,2,40,6,2,4,valid
818,229703472,*C(=O)c1ccc(Oc2ccc(-c3ccc(Oc4ccc(C(=O)c5ccc6nc(*)ccc6c5)cc4)cc3)cc2)cc1,0.38017203,71,2,35,4,1,2,valid
60,15891916,*c1ccc(Oc2ccc(C(=O)c3cccc(C(=O)c4ccc(Oc5ccc(-c6nc(-c7cccc(-c8nc(*)c(-c9ccccc9)[nH]8)c7)[nH]c6-c6ccccc6)cc5)cc4)c3)cc2)cc1,0.39177495,121,2,56,4,4,2,valid
2061,555027003,*CCN(*)C(=O)CCCCC,0.36643228,17,2,8,1,1,1,valid
4340,1169539258,*CC(*)(CC(=O)OC)C(=O)O,0.27558304,22,2,6,4,0,2,valid
2886,785079844,*Oc1ccc(Oc2ccc(NC(=O)c3ccc(Oc4ccc(Oc5ccc(C(=O)Nc6ccc(*)cc6)cc5)cc4)cc3)cc2)cc1,0.35773858,78,2,38,6,2,2,valid
3164,859659419,*CC(CSCCCC)O*,0.41461382,13,2,7,1,0,0,valid
1061,288686571,*Nc1ccc(C(c2ccc(NC(=O)c3cc(C(*)=O)cc(C(C)(C)C)c3)cc2)(C(F)(F)F)C(F)(F)F)cc1,0.3682145,75,2,27,2,2,2,valid
7832,2109376187,*c1ccc(C(=O)OCCCCCCCCOc2ccc(C=CC(=O)C=Cc3ccc(OCCCCCCCCOC(=O)c4ccc(-c5nnc(*)o5)cc4)cc3)cc2)cc1,0.36096728,93,2,49,8,2,5,valid
928,257349913,*CC(*)c1cc(C(=O)OC)ccc1-c1ccc(OCCCCCCCC)cc1,0.37587647,43,2,24,3,0,1,valid
4883,1322409102,*Oc1ccc(CC(NC(=O)CCc2ccc(OC(=O)CCCCCCC(*)=O)cc2)C(=O)OCCCCCCCC)cc1,0.35829726,66,2,34,7,1,4,valid
3842,1042780856,*CCN(CCOC(=O)c1ccc(C(=O)O*)c(OC)c1)c1ccc(N=Nc2ccc(-c3nc4ccc([N+](=O)[O-])cc4n3CC)cc2)cc1,0.36008701,88,2,34,7,6,4,valid
1588,428829541,*c1ccc(S(=O)(=O)c2ccc(-n3nc(*)c4ccccc4c3=O)cc2)cc1,0.39580433,50,2,20,3,2,3,valid
4027,1088166568,*CC(*)(C)C(=O)OCCCCOc1ccc(OC(=O)c2ccc(OC)cc2)cc1,0.33766319,48,2,22,6,0,2,valid
996,271698010,*Oc1ccc(S(=O)(=O)c2ccc(Oc3ccc(C(C)(C)c4ccc(*)cc4)cc3[N+](=O)[O-])cc2)cc1,0.37040317,72,2,27,6,1,3,valid
5506,1494459100,*Nc1cc(C)c(Cc2ccc(CCCCCCCCCCCCCCCCc3ccc(Cc4c(C)cc(N*)cc4C)cc3)cc2)c(C)c1,0.35893266,72,2,46,0,2,0,valid
2138,578399710,*c1ccc(Nc2c(F)c(F)c(-c3c(F)c(F)c(Nc4ccc(S(*)(=O)=O)cc4)c(F)c3F)c(F)c2F)cc1,0.38004082,74,2,24,2,2,2,valid
5877,1593705376,*Nc1cc(NC(=O)NC2CCC(CC3CCC(NC(*)=O)CC3)CC2)cc(C(=O)Nc2cccc3c2C(=O)c2ccccc2C3=O)c1,0.34331689,81,2,36,5,5,5,valid
10,2986007,*c1ccc(-c2ccc3c(c2)C(CCCCCCC#N)(CCCCCCC#N)c2cc(*)ccc2-3)cc1,0.40239665,59,2,33,0,2,0,valid
3856,1046027555,*Oc1ccc(Oc2ccc(C=NCCCCN=Cc3ccc(*)cc3)cc2)cc1,0.36995005,44,2,24,2,2,2,valid
1676,450028530,*C1C2CC(=CC)C(C2)C1*,0.42130953,20,2,9,0,0,1,valid
909,253355524,*Nc1cnc(*)s1,0.41199988,12,2,3,0,2,0,valid
6490,1762883597,*Oc1ccc(C=CC(=O)c2ccc(Oc3ccc(C(C)(C)c4ccc(*)c(C)c4)cc3C)cc2)cc1,0.39205535,63,2,32,3,0,2,valid
6263,1699061144,*Nc1ccc(Cc2cccc(C(C)(C)c3ccc(N*)cc3)c2)cc1,0.35256271,42,2,22,0,2,0,valid
4589,1238226226,*c1ccc(Cc2ccc(N3C(=O)CC(Nc4ccc(Cc5ccc(NC6CC(=O)N(*)C6=O)cc5)cc4)C3=O)cc2)cc1,0.3630038,76,2,34,4,4,4,valid
2396,652579546,*c1ccc(Oc2ccc(C(=O)c3cccc(C(=O)c4ccc(Oc5ccc(N6C(=O)c7ccc(Oc8ccc9c(c8)C(=O)N(*)C9=O)cc7C6=O)cc5)cc4)n3)cc2)cc1,0.35683183,109,2,47,9,3,6,valid
6719,1821594642,*c1ccc(Oc2cccc(Oc3ccc(N4C(=O)c5ccc(Oc6ccc(C(C)(C)c7ccc(Oc8ccc9c(c8)C(=O)N(*)C9=O)cc7)cc6)cc5C4=O)cc3)c2)cc1,0.36408469,107,2,49,8,2,4,valid
7906,2128329222,*CCN(*)C(=O)CSC,0.36204137,15,2,5,1,1,1,valid
2530,687772920,*CCN(CCCCCOc1ccc(N=Nc2ccccc2)cc1)CCOC(=O)Nc1ccc(Cc2ccc(NC(=O)O*)cc2)cc1,0.35497879,71,2,36,5,5,3,valid
1098,295884244,*Oc1ccc(C(=Nc2ccc(N=C(c3ccccc3)c3ccc(Oc4ccc(C(c5ccccc5)(c5ccccc5)c5ccc(*)cc5)cc4)cc3)cc2)c2ccccc2)cc1,0.39566509,101,2,57,2,2,2,valid
5078,1377176379,*c1ccc(C2(c3ccc(-c4nnc(*)o4)cc3)OC(=O)c3ccccc32)cc1,0.4359793,51,2,22,3,2,1,valid
2973,808488658,*Nc1cc(C)c2cc3c(C)c(C)c(N*)c(C)c3cc2c1,0.3653562,38,2,18,0,2,0,valid
795,224878400,*CC(*)(C)C(=O)OC1CCCCCCCCCCC1,0.37197293,29,2,16,2,0,1,valid
484,135202428,*c1ccc(Oc2ccc(C(=O)c3ccc(Oc4ccc(C(=O)c5ccc(Oc6ccc(-c7nc(-c8ccccc8)[nH]c7*)cc6)cc5)cc4)cc3)cc2)cc1,0.38523355,97,2,47,5,2,2,valid
4955,1341866550,*Nc1cc(C)c(Cc2ccc(CCCCCCCCCCCCCCCCCc3ccc(Cc4c(C)cc(N*)cc4C)cc3)cc2)c(C)c1,0.35929695,73,2,47,0,2,0,valid
163,49325830,*C(=O)c1ccc2c(c1)C(=O)N(c1ccc3c(c1)Cc1cc(N4C(=O)c5ccc(*)cc5C4=O)ccc1-3)C2=O,0.38603498,75,2,30,5,2,5,valid
2316,631651015,*Nc1ccc(Cc2ccc(NC(=O)c3cc(NC(=O)CCCCCN4C(=O)c5ccccc5C4=O)cc(C(*)=O)c3)cc2)cc1,0.33693236,77,2,35,5,4,5,valid
6683,1813310957,*c1ccc(C(=O)c2ccc(N3C(=O)c4ccc(Oc5ccc(Oc6ccc7c(c6)C(=O)N(*)C7=O)cc5)cc4C3=O)cc2)cc1,0.36363712,83,2,35,7,2,5,valid
1328,359434805,*Nc1cc2c(cc1N*)[C@@](C)(c1ccccc1)CC2(C)C,0.36320235,40,2,18,0,2,0,valid
3958,1071877788,*CCCCCCCC(=O)OCCCCC1COC(*)O1,0.35831824,28,2,15,4,0,1,valid
2334,636769312,*Oc1ccc(OC(C)COCCCCCCCOc2ccc(-c3ccc(C(*)=O)cc3)cc2)c([N+](=O)[O-])c1,0.34838594,68,2,29,7,1,2,valid
4244,1146876238,*CCN(CCOC(=O)Nc1ccc(C)c(NC(=O)O*)c1)c1ccc(N=Nc2ccc([N+](=O)[O-])cc2)cc1,0.34824049,71,2,25,6,6,4,valid
2964,806397458,*CCCCCCCCCCOc1ccc(C=C2CCC(=Cc3ccc(OCCCCCCCCCCOP(=O)(O*)OCC)c(OC)c3)C2=O)cc1OC,0.3656755,77,2,43,9,0,4,valid
5067,1373716942,*Oc1ccc(CC(NC(=O)CCc2ccc(OC(=O)CCCCC(*)=O)cc2)C(=O)OCCCCCCCCCCCC)cc1,0.36106386,68,2,36,7,1,4,valid
5008,1358943628,*CC(*)(F)C(=O)OC,0.3195917,16,2,4,2,0,1,valid
6345,1719420059,*Oc1ccc(C(=O)c2ccc(C(=O)c3ccc(*)cc3)cc2)cc1,0.37803494,43,2,20,3,0,2,valid
6552,1783140001,*CCCC=C(*)c1ccc(Cl)cc1,0.38684815,22,2,11,0,0,1,valid
4926,1335256384,*Oc1ccc(C(=O)NNC(=O)c2cccc(C(=O)NNC(=O)c3ccc(OC(=O)c4cccc(C(*)=O)c4)cc3)c2)cc1,0.33756272,78,2,30,8,4,6,valid
2743,747510254,*Nc1cccc2c1ccc1c3cccc(N*)c3ccc21,0.33361002,32,2,18,0,2,0,valid
1445,389422500,*Nc1ccc(-c2ccc(Cc3ccc(-c4ccc(N*)c(C)c4)cc3)cc2)cc1C,0.35725789,51,2,27,0,2,0,valid
2031,547840653,*CC(*)(C)C(=O)OCCCCOc1ccc(OC(=O)c2ccc(OCCCCCCCC)cc2)cc1,0.38665475,55,2,29,6,0,2,valid
3970,1075544965,*c1ccc2c(c1)C(=O)N(c1cccc(C(C)(C)c3ccc(N4C(=O)c5ccc(C(*)(C(F)(F)F)C(F)(F)F)cc5C4=O)cc3)c1)C2=O,0.3925623,94,2,34,4,2,4,valid
310,87721068,*CC#CCOC(=O)NCCCCCCNC(=O)O*,0.34308994,27,2,12,4,2,2,valid
5418,1472118288,*CC(*)(F)C(=O)OCC(F)(F)C(F)(F)F,0.32568695,31,2,6,2,0,1,valid
7937,2139220347,*Oc1ccc(Oc2ccc(Oc3cccc(C(=O)Oc4ccc(OC(=O)c5cccc(*)c5)cc4)c3)cc2)cc1,0.35258751,67,2,32,7,0,2,valid
280,80487296,*C=Cc1c(OC(=O)c2ccc(C(=O)Oc3cccc4ccc(*)nc34)cc2)ccc2ccccc12,0.36132487,59,2,29,4,1,3,valid
7733,2084277972,*Nc1ccc(-c2ccc(-c3ccc(N*)cc3)c3c2[C@@H]2CC[C@H]3C2)cc1,0.36155112,54,2,23,0,2,0,valid
5164,1397995354,*c1ccc(Oc2ccc(Sc3ccc(Oc4ccc(N5C(=O)c6ccc(Oc7ccc(Oc8ccc9c(c8)C(=O)N(*)C9=O)cc7)cc6C5=O)cc4)cc3)cc2)cc1,0.36490067,101,2,45,8,2,4,valid
2315,631618960,*CNC(=O)OCC(OC(=O)NCc1ccc(C(CCC)c2ccc(*)o2)o1)c1ccco1,0.35326235,53,2,22,7,2,2,valid
7335,1979939370,*Nc1ccc(C2(c3ccc(N*)cc3)c3cc(C#CCCCC)ccc3-c3ccc(C#CCCCC)c(C#C)c32)cc1,0.39588749,69,2,39,0,2,0,valid
6296,1705754093,*CCNC(=O)CCCCC(=O)N*,0.31065959,20,2,8,2,2,2,valid
916,254630145,*c1ccc2c(c1)C(=O)N(c1ccc(OC(CCCCCC)COc3ccc(N4C(=O)c5ccc(C(*)(C(F)(F)F)C(F)(F)F)cc5C4=O)cc3)cc1)C2=O,0.36437379,99,2,39,6,2,4,valid
4298,1158192712,*OC(=O)C(CCSC)NC(=O)CCCCC(=O)NC(CCSC)C(=O)OC1COC2C(*)COC12,0.34425455,58,2,22,8,2,4,valid
7913,2130846532,*Nc1cc([C@]2(C)CC(C)(C)c3cc(N*)c(N)cc32)ccc1N,0.36873621,45,2,18,0,4,0,valid
6464,1754839380,*CCCCCCOC(=O)C(CCCCP(=O)(OCC)OCC)C(=O)OCCCCCCOc1ccc(-n2on2-c2ccc(O*)cc2)cc1,0.35900925,75,2,35,10,2,3,valid
2069,555803922,*C=CC1CC(*)C(C(=O)OCCN(C)C)C1,0.37093089,29,2,12,2,1,2,valid
6764,1835485471,*c1ccc(C(c2ccc(N3C(=O)c4cc(-c5ccc([Si](C)(C)C)cc5)c(-c5cc6c(cc5-c5ccc([Si](C)(C)C)cc5)C(=O)N(*)C6=O)cc4C3=O)cc2)(C(F)(F)F)C(F)(F)F)cc1,0.43114374,134,2,49,4,2,4,valid
4909,1330841310,*CCCCCCCCCCOC(=O)c1ccc(-c2ccc(C(=O)O*)cc2)cc1,0.35720916,45,2,24,4,0,2,valid
2785,757588646,*N=P(*)(OCC)OCC,0.38134489,15,2,4,2,1,1,valid
607,169172468,*c1ccc(Cc2ccc(N3C(=O)c4ccc(-c5ccc(-c6ccc(-c7ccc(-c8ccc(-c9ccc%10c(c9)C(=O)N(*)C%10=O)cc8)cc7)cc6)cc5)cc4C3=O)cc2)cc1,0.37649698,116,2,53,4,2,4,valid
3666,993495758,*c1cc2c(cc1C)-c1cc(C)c(N3C(=O)c4ccc(-c5ccc6c(c5)C(=O)N(*)C6=O)cc4C3=O)cc1S2(=O)=O,0.41132119,81,2,30,6,2,6,valid
831,232335054,*c1ccc2c(c1)C(=O)N(c1ccc(Oc3ccc(C(c4ccc(Oc5ccc(N6C(=O)c7ccc(C(*)(C(F)(F)F)C(F)(F)F)cc7C6=O)cc5)cc4)(C(F)(F)F)C(F)(F)F)cc3)cc1)C2=O,0.38115589,130,2,46,6,2,4,valid
351,99321215,*Oc1ccc(C(C)(C)c2ccc(OC(=O)OCCN(CCOC(*)=O)c3ccc4[nH]c5ccccc5c4c3)cc2)cc1,0.3473227,72,2,33,6,2,2,valid
3982,1078277401,*Nc1cccc(NC(=O)CCCCC(=O)Nc2ccc(C(=O)NC(*)=S)cc2)c1,0.33377673,50,2,20,3,4,4,valid
1290,348992789,*Oc1ccc(Cc2ccc(OC(=O)c3cccc(C(*)=O)c3)cc2)cc1,0.35373472,45,2,21,4,0,2,valid
7848,2113232814,*CC(O)CN(*)c1ccc(N=Nc2ccc([N+](=O)[O-])cc2C)cc1,0.36561272,47,2,16,3,4,2,valid
4638,1250664164,*Nc1cc2cc3cc4cc5ccccc5cc4cc3cc2cc1N*,0.34863907,36,2,22,0,2,0,valid
3130,847356042,*CCCCCCOC(=O)OCCCOC(=O)OCCCCCCOc1ccc(C(=O)c2ccc(O*)cc2)cc1,0.34612362,58,2,30,9,0,3,valid
1039,285299858,*N[C@@H](O)N[C@@]1(N*)[C@@H](O)N=CNC1(N)N,0.30799614,41,2,5,2,7,1,valid
4051,1093999589,*Nc1ccc([C@H](CCCC)c2ccc(C(CC[C@H](CCC)C3CCCCC3)c3ccc([C@@H](CCCC)c4ccc(N*)cc4)cc3)cc2)cc1,0.37019133,90,2,47,0,2,0,valid
4470,1204249965,*CC(*)CC(C)(C)C,0.39627266,15,2,7,0,0,0,valid
43,11664621,*OC(COC(*)=O)COC(C)C,0.35338284,20,2,7,4,0,1,valid
5034,1366065674,*c1ccc(Oc2ccc(C(=O)c3ccc(Oc4ccc(N5C(=O)c6ccc(Oc7ccc8c(c7)C(=O)N(*)C8=O)cc6C5=O)cc4)cc3)cc2)cc1,0.36983712,94,2,41,8,2,5,valid
4833,1307515193,*c1ccc(NC2CC(=O)N(c3ccc(-c4sc(-c5ccc(N6C(=O)CC(Nc7ccc(-c8nc(C#N)c(C#N)nc8*)cc7)C6=O)cc5)c(-c5ccccc5)c4-c4ccccc4)cc3)C2=O)cc1,0.40408501,124,2,54,4,8,4,valid
3370,923105283,*c1ccc(OC(=O)c2ccc([Si](c3ccccc3)(c3ccccc3)c3ccc(C(=O)Oc4ccc(C5(*)OC(=O)c6ccccc65)cc4)cc3)cc2)cc1,0.37881873,97,2,46,6,0,3,valid
6000,1627088494,*c1ccc2c(c1)C(=O)N(c1cccc(C(O)c3cccc(N4C(=O)c5ccc(C(*)(C(F)(F)F)C(F)(F)F)cc5C4=O)c3)c1)C2=O,0.37192753,91,2,32,5,2,4,valid
7955,2143712913,*NNC(=O)c1ccc(C(=O)NNC(=O)c2ccc([Si](c3ccccc3)(c3ccccc3)c3ccc(C(*)=O)cc3)cc2)c2ccccc12,0.36644642,86,2,38,4,4,4,valid
5917,1606350633,*CCCCCCCCCNC(=O)CCCCC(=O)N*,0.35373615,27,2,15,2,2,2,valid
3011,817102906,*CC(O)COC(=O)CCCCCCCCC(=O)OCC(O)COc1ccc(C(=O)Oc2ccc(O*)cc2)cc1,0.33714528,62,2,29,10,0,3,valid
3643,989355394,*CC(F)(F)C(F)(F)C(F)(F)COC(=O)c1ccc(OCCCCC)c(C(=O)O*)c1,0.34033362,55,2,18,5,0,2,valid
1347,364555377,*CC(*)OC(=O)c1ccc(OC(C)=O)cc1,0.3315989,29,2,11,4,0,2,valid
7782,2098860245,*Nc1ccc(C(c2ccccc2)(c2ccccc2)c2ccc(N)c(N*)c2)cc1N,0.36426991,49,2,25,0,4,0,valid
688,191380298,*CC(*)(C)C(=O)OCCCCCc1ccc(N=Nc2ccc(OC(F)(F)F)cc2)cc1,0.35838591,52,2,22,3,2,2,valid
7825,2107491529,*CC(*)(C)C(=O)OCC(F)(F)F,0.33930857,24,2,6,2,0,1,valid
1679,450878191,*c1ccc2c(c1)C(=O)N(c1ccc(Oc3ccc(N4C(=O)c5ccc(-c6c(-c7ccccc7)c(-c7ccccc7)c(-c7ccc(Oc8ccc(-c9c(-c%10ccccc%10)c(-c%10ccccc%10)c(*)c(-c%10ccccc%10)c9-c9ccccc9)cc8)cc7)c(-c7ccccc7)c6-c6ccccc6)cc5C4=O)cc3)cc1)C2=O,0.4007298999999999,207,2,100,6,2,4,valid
5081,1378483093,*c1ccc(Oc2ccc(Oc3ccc(Oc4ccc(-c5nc6ccc(-c7ccc8nc(*)c(-c9ccccc9)nc8c7)cc6nc5-c5ccccc5)cc4)cc3)cc2)cc1,0.39796101,99,2,52,3,4,0,valid
3439,941929262,*Oc1ccc(Oc2ccc(C(=O)c3ccc(NC(=O)c4ccc(C(=O)Nc5ccc(C(=O)c6ccc(*)cc6)cc5)cc4)cc3)cc2)cc1,0.3613444,86,2,40,6,2,4,valid
1059,288350972,*OS(=O)(=O)c1cccc(C(=O)c2cccc(S(=O)(=O)Oc3ccc(C(C)(C)c4ccc(*)cc4)cc3)c2)c1,0.36729276,74,2,28,7,0,5,valid
2737,746099992,*Oc1ccc(C2(c3ccc(Oc4ccc(-c5ccc(-c6ccc(*)c(C(F)(F)F)c6)cc5)cc4C(F)(F)F)cc3)c3ccccc3-c3ccccc32)cc1,0.40015499,96,2,45,2,0,0,valid
5761,1562941493,*CC(CCCCCCOc1ccc(N=Nc2ccc(C)cc2)cc1)COC(=O)CCCCC(=O)O*,0.36238059,54,2,28,5,2,3,valid
7184,1941356734,*c1ccc(Oc2ccc(C(=O)c3ccc4cc(C(=O)c5ccc(Oc6ccc(-c7nc(-c8ccc(-c9nc(*)c(-c%10ccccc%10)[nH]9)cc8)[nH]c7-c7ccccc7)cc6)cc5)ccc4c3)cc2)cc1,0.40364332,131,2,60,4,4,2,valid
6451,1751332443,*c1cc(C(c2ccc(OCCN(C)c3ccc(C=CC4=CC(=C(C#N)C(=O)OC)CC(C)(C)C4)cc3)c(N3C(=O)c4ccc(Oc5ccc6c(c5)C(=O)N(*)C6=O)cc4C3=O)c2)(C(F)(F)F)C(F)(F)F)ccc1OCCN(c1ccccc1)c1ccc(C=CC2=CC(=C(C#N)C(=O)OC)CC(C)(C)C2)cc1,0.3775713,199,2,82,11,6,12,valid
5454,1480316431,*Nc1ccc(C(c2ccccc2)c2ccc(N*)cc2)cc1,0.35100351,35,2,19,0,2,0,valid
930,257538013,*CC[Si](C)(C)O[Si]1(*)O[Si](C)(C)O[Si](C)(C)O1,0.44963517,46,2,8,4,0,0,valid
1747,471229336,*CCCCCCCCCCCOC(=O)c1ccc(-c2ccc(C(=O)O*)cc2)cc1,0.35885044,46,2,25,4,0,2,valid
3308,906179701,*c1ccc(-c2ccc(-c3ccc(-c4cc(-c5ccccc5)c5cc(Oc6ccc7nc(*)cc(-c8ccccc8)c7c6)ccc5n4)cc3)cc2)cc1,0.40373085,90,2,48,1,2,0,valid
4776,1290806312,*c1ccc(Oc2ccc3ccc(Oc4ccc(N5C(=O)CC(=O)N(*)C5=S)cc4)cc3c2)cc1,0.37149644,60,2,26,4,2,3,valid
703,196134048,*CC(*)c1cc(Br)ccc1OCCC(C)C,0.40859696,26,2,13,1,0,0,valid
5003,1356914950,*c1cccc(N2C(=O)c3cccc(Oc4ccc(-c5ccc(Oc6cccc7c6C(=O)N(*)C7=O)cc5)cc4)c3C2=O)c1,0.36636392,77,2,34,6,2,4,valid
4349,1171188982,*Nc1ccc(N*)c(-c2c(-c3ccccc3)ccc3ccccc23)c1,0.35686225,42,2,22,0,2,0,valid
437,121214961,*Oc1ccc(S(=O)(=O)c2ccc(Oc3ccc(C(c4ccc(*)cc4)(C(F)(F)F)C(F)(F)F)cc3)cc2C(O)(C(F)(F)F)C(F)(F)F)c(C(O)(C(F)(F)F)C(F)(F)F)c1,0.35851232,120,2,33,6,0,2,valid
4907,1330672528,*Nc1nc(C)nc(N*)n1,0.3244865,17,2,4,0,5,0,valid
7771,2094965474,*Oc1ccc(C(C)(C)c2ccc(OC(=O)c3ccccc3-c3ccccc3C(*)=O)cc2)cc1,0.35835285,58,2,29,4,0,2,valid
4504,1213369367,*CC(*)C(=O)Nc1ccccc1Cl,0.34811254,22,2,9,1,1,1,valid
450,125514208,*c1ccc(-c2ccc(N3C(=O)c4ccc(Oc5c(C)cc(C(C)(C)c6cc(C)c(Oc7ccc8c(c7)C(=O)N(*)C8=O)c(C)c6)cc5C)cc4C3=O)cc2C(F)(F)F)c(C(F)(F)F)c1,0.40081529,124,2,49,6,2,4,valid
5434,1475746225,*O[Si](*)(C)CCCCCCCCCCCOc1ccc(/C=C/c2ccc(OCCCC)cc2)cc1,0.38608209,54,2,30,3,0,1,valid
5822,1579941096,*Nc1c2ccccc2c(N*)c2c(-c3ccccc3)cccc12,0.35157885,37,2,20,0,2,0,valid
7875,2119800195,*C=C(*)CCCOc1ccc(OC(=O)c2ccc(OCCCCCCCC)cc2)cc1,0.36337472,46,2,26,4,0,2,valid
3794,1030451978,*Nc1ccc([C@]23C[C@@H]4[C@H]5C[C@]6(c7ccc(N*)cc7)C[C@H]([C@H]5C2)[C@H](C3)[C@H]4C6)cc1,0.3645152,85,2,26,0,2,0,valid
52,12627006,*c1ccc(OCCN(CC)c2ccc(C(C#N)=C(C#N)C#N)cc2)c(-c2cc(-c3ccccc3)c3cc(Oc4ccc5nc(*)cc(-c6ccccc6)c5c4)ccc3n2)c1,0.39541698,104,2,51,2,6,1,valid
7645,2064758203,*CCCCCCNC(=O)c1cccc(C(=O)N*)c1,0.33764857,30,2,14,2,2,2,valid
7853,2113988141,*C(=O)Nc1ccc(NC(=O)c2ccc(N3C(=O)c4ccc(*)cc4C3=O)cc2)cc1,0.34372152,55,2,22,4,3,4,valid
4113,1112287021,*Oc1ccc(N=Nc2ccc(S(=O)(=O)c3ccc(N=Nc4ccc(OC(=O)c5ccc(N=Nc6ccc(C(*)=O)cc6)cc5)cc4)cc3[N+](=O)[O-])c([N+](=O)[O-])c2)cc1,0.36582704,118,2,38,10,8,9,valid
4206,1137724791,*CC(*)c1ccc2c(c1)OCO2,0.3514226,21,2,9,2,0,0,valid
7287,1967860241,*CC(*)(CC(=O)Oc1ccc(OCCC)cc1)C(=O)Oc1ccc(OCCC)cc1,0.35583828,49,2,23,6,0,2,valid
5907,1602838431,*CC(*)c1cc(-c2ccc(C(=O)OC3CC(C)CCC3C(C)C)cc2)ccc1-c1ccc(C(=O)OC2CC(C)CCC2C(C)C)cc1,0.3845381,82,2,42,4,0,2,valid
6030,1635582225,*c1ccc2c(c1)C(=O)N(c1c(C)cc(-c3cc(C)c(N4C(=O)c5ccc(C(*)(C(F)(F)F)C(F)(F)F)cc5C4=O)c(C)c3)cc1C)C2=O,0.41327874,98,2,35,4,2,4,valid
7737,2085613609,*C=Cc1ccc(-c2ccc(C(C#N)=Cc3ccc4c(c3)C(CC)(CC)c3cc(C=C(C#N)c5ccc(-c6ccc(C=CC7=CC(=C(C#N)C#N)C=C(*)O7)s6)cc5)ccc3-4)cc2)s1,0.40560476,120,2,55,1,4,7,valid
2739,746810021,*Oc1ccc(CC(NC(=O)CCc2ccc(OC(=O)CCC(*)=O)cc2)C(=O)OCCCCCCCCCCCC)cc1,0.35629781,66,2,34,7,1,4,valid
2006,541170005,*Nc1ccc(C(c2ccc(N*)cc2)c2cc(C(C)C)cc(C(C)C)c2)cc1,0.37601699,49,2,25,0,2,0,valid
7708,2078434455,*c1c(C)cc(C)c(N2C(=O)c3ccc(Sc4ccc5c(c4)C(=O)N(*)C5=O)cc3C2=O)c1C,0.41533211,64,2,24,4,2,4,valid
6517,1773383580,*CCCCCCOc1ccc(-c2ccc(O*)c3ccccc23)c2ccccc12,0.36384128,43,2,26,2,0,0,valid
4583,1237783866,*Oc1ccc(C(c2ccc(Oc3c(F)c(F)c(C(=O)c4c(F)c(F)c(*)c(F)c4F)c(F)c3F)cc2)(C(F)(F)F)C(F)(F)F)cc1,0.3658273,90,2,28,3,0,1,valid
381,105613036,*c1ccc2c(c1)C(=O)N(c1ccc(OCCN(CCOc3ccc(N4C(=O)c5ccc(C(*)(C(F)(F)F)C(F)(F)F)cc5C4=O)cc3)c3ccc(C(C#N)=C(C#N)C#N)cc3)cc1)C2=O,0.35967534,122,2,46,6,6,5,valid
248,71135797,*CCCCCCN1C(=O)c2ccc(C(=O)Oc3ccc(-c4ccc(OC(=O)c5ccc6c(c5)C(=O)N(*)C6=O)cc4)cc3)cc2C1=O,0.34204989,85,2,36,8,2,6,valid
4138,1120266201,*c1ccc(*)c(C(=O)c2ccc(C)cc2)c1,0.40940736,30,2,14,1,0,1,valid
1538,411845496,*CC(*)(C)C(=O)OCCCCCCCCCCOc1ccc(N=Nc2ccc(OC)cc2)cc1,0.36656596,51,2,27,4,2,2,valid
7280,1966018498,*SC1CCCC(*)C1,0.39301912,13,2,6,0,0,0,valid
4395,1182969887,*c1ccc(C(=O)Nc2ccc(Oc3ccc(S(=O)(=O)c4ccc(Oc5ccc(NC(=O)c6ccc(N7C(=O)c8ccc(-c9cccc%10c9C(=O)N(*)C%10=O)cc8C7=O)cc6)cc5)cc4)cc3)cc2)cc1,0.35960225,132,2,54,10,4,8,valid
4110,1110958155,*Nc1ccc(-c2ccc(N*)c(-c3ccccc3C(C)(C)C)c2)cc1,0.36107989,44,2,22,0,2,0,valid
371,103257739,*c1ccc2c(c1)C(=O)N(c1cccc(C(c3ccccc3)(c3cccc(N4C(=O)c5ccc(C(*)(C(F)(F)F)C(F)(F)F)cc5C4=O)c3)C(F)(F)F)c1)C2=O,0.38996211,108,2,39,4,2,4,valid
6535,1777861386,*Nc1c(-c2ccccc2)cc(Cc2cc(-c3ccccc3)c(N*)c3ccccc23)c2ccccc12,0.3626091,59,2,33,0,2,0,valid
3395,929535825,*Nc1ccccc1-c1c(N)ccc2cc3c(-c4ccccc4N)c(N*)ccc3cc12,0.35412155,50,2,26,0,4,0,valid
7608,2053942851,*CCCCCCCCCCCCNC(=O)CCCCCCCCCCCCCCCCC(=O)N*,0.37997569,42,2,30,2,2,2,valid
3523,962995886,*Oc1ccc(CC(NC(=O)CCc2ccc(OC(=O)COCCOCC(*)=O)cc2)C(=O)OCCOCCOCC)cc1,0.33730096,66,2,30,11,1,4,valid
7711,2078647419,*CCCCCCC1CC(CCC2CC(*)OC2=O)C(=O)O1,0.33989367,34,2,16,4,0,2,valid
2627,714476191,*c1ccc(CC(=O)Nc2ccc(NC(=O)Cc3ccc(-c4sc(*)c(-c5ccccc5)c4-c4ccccc4)cc3)cc2)cc1,0.38234707,76,2,38,2,2,2,valid
4737,1277787594,*CCCCCCOC(=O)Nc1ccc(C)c(NC(=O)OCCCCCCOc2ccc(-c3ccc(O*)cc3)cc2)c1,0.3490302,64,2,33,6,2,2,valid
4011,1085340471,*Nc1c2nc(C)n(N)c(=O)c2cc2c(=O)n(N*)c(C)nc12,0.36303676,43,2,12,2,7,2,valid
1668,447614903,*C=Cc1cc(OCCCCCCCC)c(*)cc1OC,0.38882132,28,2,17,2,0,1,valid
197,57989832,*OC(COC(*)=O)COc1ccccc1,0.33796381,23,2,10,4,0,1,valid
4745,1282073595,*Oc1ccc(C(C)(C)c2ccc(Oc3ccc(C(=O)c4c(C(=O)c5ccc(*)cc5)c(-c5ccc(F)cc5)c(-c5ccc(F)cc5)c(-c5ccc(F)cc5)c4-c4ccc(F)cc4)cc3)cc2)cc1,0.40131849,125,2,59,4,0,2,valid
6670,1809695642,*CCN(CCN1C(=O)c2ccc(C(c3ccc4c(c3)C(=O)N(*)C4=O)(C(F)(F)F)C(F)(F)F)cc2C1=O)c1ccc(N=Nc2ccc(C3OCCO3)cc2)cc1,0.35607146,104,2,38,6,5,5,valid
4032,1090041949,*c1ccc(Oc2c(C)cc(C(C)(C)c3cc(C)c(Oc4ccc(N5C(=O)c6ccc(Oc7ccc(C8(c9ccc(Oc%10ccc%11c(c%10)C(=O)N(*)C%11=O)cc9)CCC(c9ccccc9)CC8)cc7)cc6C5=O)cc4)c(C)c3)cc2C)cc1,0.38650416,155,2,71,8,2,4,valid
4769,1289126534,*CCCC1(CCCNC(=O)CCCCC(=O)N*)c2ccccc2-c2ccccc21,0.34825862,46,2,25,2,2,2,valid
5851,1587431956,*CCCS(=O)(=O)CCCS(=O)(=O)CCCOC(=O)c1cccc(C(=O)O*)c1,0.35154023,51,2,17,8,0,6,valid
6531,1777341480,*c1ccc2c(c1)C(=O)N(c1ccc(-c3ccc(N4C(=O)c5ccc(C(*)(C(F)(F)F)C(F)(F)F)cc5C4=O)c(O)c3)cc1O)C2=O,0.37314442,92,2,31,6,2,4,valid
6557,1784004493,*CC(CO*)(CS(=O)(=O)CCCC)CS(=O)(=O)CCCC,0.38553918,38,2,13,5,0,4,valid
1063,288986880,*CC(COC(=O)CCCCCCCCCCN1C(=O)C2C3C=CC(C3)C2C1=O)O*,0.34865046,49,2,23,5,1,4,valid
68,18227797,*Oc1ccc(CC(NC(=O)CCc2ccc(OC(=O)CCCCCCCCC(*)=O)cc2)C(=O)OCCCCCC)cc1,0.35827772,66,2,34,7,1,4,valid
1416,380408256,*Oc1ccc(C(C)(C)c2ccc(C(C)(C)c3ccc(Oc4ccc(C(=O)Nc5ccc(Cc6ccc(NC(=O)c7ccc(*)cc7)cc6)cc5)cc4)cc3)cc2)cc1,0.36900902,101,2,51,4,2,2,valid
5823,1580080124,*CC(O)CN(*)c1ccc(N=Nc2ccc(Cl)cc2)cc1,0.37983776,36,2,15,1,3,1,valid
6651,1806691588,*Nc1cc(N*)c(/N=N/c2ccc(S(=O)(=O)O)cc2)c(N)c1C,0.34174753,45,2,13,3,5,3,valid
2408,659538579,*Nc1cc(-c2ccccc2N*)cc(-c2cc3cc4ccccc4cc3c3cc4ccccc4cc23)c1,0.36115778,58,2,34,0,2,0,valid
1752,472043812,*C(=O)Nc1ccc(Oc2ccc(C(c3ccc(Oc4ccc(NC(=O)c5ccc6c(c5)C(=O)N(c5ccc(Oc7ccc8ccc(Oc9ccc(N%10C(=O)c%11ccc(*)cc%11C%10=O)cc9)cc8c7)cc5)C6=O)cc4)cc3)(C(F)(F)F)C(F)(F)F)cc2)cc1,0.36278753,167,2,67,10,4,6,valid
175,52649125,*Oc1ccc(N=CCCCC=Nc2ccc(OC(=O)NC3CC(C)(C)CC(C)(CNC(*)=O)C3)cc2)cc1,0.35087282,65,2,29,4,4,4,valid
537,149152941,*C(=O)c1ccc(Oc2ccc(Oc3ccc(C(=O)c4ccc5c(c4)C(=O)N(c4ccc(Cc6ccc(N7C(=O)c8ccc(*)cc8C7=O)cc6)cc4)C5=O)cc3)cc2)cc1,0.37562904,109,2,49,8,2,6,valid
5035,1366196353,*Nc1ccc(-c2ccc(N*)cc2-c2cccc3ccccc23)c(-c2cccc3ccccc23)c1,0.35926745,57,2,32,0,2,0,valid
4425,1191663733,*Oc1ccc(Oc2ccc(C(=O)c3cccc4cccc(C(=O)c5ccc(*)cc5)c34)cc2)cc1C(C)(C)C,0.38686999,68,2,34,4,0,2,valid
2021,544904323,*N=P(*)(OCCCc1ccccc1)OCCCc1ccccc1,0.36697361,33,2,18,2,1,1,valid
846,235082589,*Oc1ccc(-c2ccc(Oc3ccc(C(=O)c4ccc(*)c(S(=O)(=O)O)c4)cc3S(=O)(=O)O)cc2)cc1,0.36352019,72,2,25,9,0,5,valid
2048,552315395,*OC(F)(F)COC(=O)c1cccc(C(=O)OCC(*)(F)F)c1,0.32071779,41,2,12,5,0,2,valid
6616,1797111879,*Oc1c(C)cc(C2(c3cc(C)c(OC(=O)c4cccc(C(*)=O)c4)c(C)c3)CCC3CCCCC3C2)cc1C,0.40660507,70,2,34,4,0,2,valid
5085,1379290572,*Oc1ccc(NC(=O)Nc2ccccc2CCc2ccccc2NC(=O)Nc2ccc(*)cc2)cc1,0.35119431,55,2,28,3,4,2,valid
5490,1488067118,*C(=O)c1ccc2c(c1)C(=O)N(c1cccc(C(=O)c3c(C)cc(C)c(N4C(=O)c5ccc(*)cc5C4=O)c3C)c1)C2=O,0.39668425,83,2,33,6,2,6,valid
3065,832907527,*Nc1cccc2c(NC(=O)Nc3cc(NC(*)=O)cc(C(=O)Nc4ccc5c(c4)C(=O)c4ccccc4C5=O)c3)cccc12,0.32826884,78,2,33,5,5,5,valid
6434,1745290374,*CCOCCOCCOc1ccc(C=Cc2ccc(C=Cc3ccc(O*)c4ccccc34)cc2)c2ccccc12,0.36046358,60,2,36,4,0,2,valid
4733,1276163646,*CCCCCCN(C(=O)C(F)(F)C(F)(F)C(F)(F)C(=O)N(*)C(C)C)C(C)C,0.35467829,55,2,17,2,2,2,valid
1530,410419753,*N=P(*)(OCC(F)(F)C(F)(F)C(F)(F)C(F)(F)C(F)(F)C(F)(F)C(F)(F)F)OCC(F)(F)C(F)(F)C(F)(F)C(F)(F)C(F)(F)C(F)(F)C(F)(F)F,0.32778117,113,2,16,2,1,1,valid
7077,1913033936,*CCC1CC(*)C2CCCC12,0.37234991,18,2,10,0,0,0,valid
3228,880265803,*CC(COC(=O)O*)OCCCCOc1ccc(C=Cc2ccc([N+](=O)[O-])cc2)cc1,0.34702977,55,2,22,7,1,3,valid
212,61782925,*CC(*)C(=O)OC(OCC)C(F)(F)F,0.35306137,26,2,7,3,0,1,valid
1295,350799877,*C1C(=O)N(c2ccccc2C)C(=O)C1*,0.37508855,28,2,11,2,1,2,valid
2343,639451609,*CC(*)(C)C(=O)OCc1c(Cl)cccc1Cl,0.35787475,30,2,11,2,0,1,valid
6677,1811300122,*OC(C)COC(=O)c1cccc(C(*)=O)c1,0.34359034,29,2,11,4,0,2,valid
6672,1809876113,*NC(CCC(=O)OCCCCCC)C(*)=O,0.3561514,25,2,11,3,1,2,valid
167,50053709,*C(=O)c1ccc2c(c1)C(=O)N(c1cccc(C(=O)c3ccc(Oc4ccc(N5C(=O)c6ccc(*)cc6C5=O)cc4C(F)(F)F)cc3)c1)C2=O,0.37058659,95,2,37,7,2,6,valid
4652,1252824054,*C=CC1CC(*)C(C(=O)Oc2ccccc2)C1,0.36298238,30,2,14,2,0,2,valid
5530,1501914019,*CC(*)(C)C(=O)OC1CCC(C)CC1,0.37962423,26,2,11,2,0,1,valid
6444,1748879320,*C(=O)c1ccc2c(c1)C(=O)N(c1ccc(C(=O)N(C)c3ccc(N4C(=O)c5ccc(*)cc5C4=O)cc3)cc1)C2=O,0.37706698,80,2,31,6,3,6,valid
3799,1032824878,*c1ccc(Oc2ccc(S(=O)(=O)c3ccc(Oc4ccc(-c5c6c(c(*)c7ccccc57)C(=O)N(C)C6=O)cc4)cc3)cc2)cc1,0.3747633,86,2,37,6,1,4,valid
5414,1470768847,*CC(*)C(=O)OCCCCCCOc1ccc(N=Nc2ccc([N+](=O)[O-])cc2)cc1,0.36065471,54,2,21,5,3,3,valid
3241,884758912,*c1ccc(Oc2ccc(C(=O)c3ccc(Oc4ccc(-c5c6c(c(*)c7ccccc57)C(=O)N(c5ccccc5F)C6=O)cc4)cc3)cc2)cc1,0.37981659,90,2,43,5,1,3,valid
4261,1150533909,*O[Si](*)(C)CCC(F)(F)C(F)(F)C(F)(F)C(F)(F)F,0.3677149,43,2,7,1,0,0,valid
1585,428642513,*CC(*)(C)C(=O)Oc1ccc(C(=O)C=Cc2ccc(OC)c(OC)c2)cc1,0.34006811,49,2,21,5,0,3,valid
7524,2033898259,*Cc1ccc(CNC(=O)CCCCCCCCCCCCCCCCC(=O)N*)cc1,0.36245212,42,2,26,2,2,2,valid
6582,1789644215,*Nc1ccc([C@@H](CCCC)c2ccc(C3(c4ccc([C@H](CCCC)c5ccc(N*)cc5)cc4)CCC(CCCCC)CC3)cc2)cc1,0.37086553,84,2,45,0,2,0,valid
4096,1106744054,*CC(CS(=O)(=O)CCC)O*,0.37543167,20,2,6,3,0,2,valid
7212,1949190696,*Oc1ccc(Oc2ccc(NC(=O)c3cc(NC(=O)c4ccc(OC(C)=O)cc4)cc(C(=O)Nc4ccc(*)cc4)c3)cc2)cc1,0.34312529,81,2,35,7,3,4,valid
5423,1473570358,*C(=O)c1ccc(Oc2ccc(S(=O)(=O)c3ccc(Oc4ccc(C(=O)c5ccc6c(c5)C(=O)N(c5ccc(Oc7ccc(N8C(=O)c9ccc(*)cc9C8=O)cc7)cc5)C6=O)cc4)cc3)cc2)cc1,0.37060615,128,2,54,11,2,8,valid
3423,937312139,*CCC1CC(OC(=O)CCCCCCCCCCOc2ccc(-c3ccc(C#N)cc3)cc2)CC1*,0.36926813,54,2,31,3,1,1,valid
3352,917545259,*CCC(F)(F)C(*)(F)F,0.34634024,18,2,4,0,0,0,valid
6919,1871708716,*CC(*)C(=O)Oc1ccc(C(=O)c2ccc(Cl)cc2)cc1,0.35501942,39,2,16,3,0,2,valid
1957,527882654,*CC(*)(C)C(=O)OCC(F)(F)C(F)(F)C(F)(F)C(F)F,0.3268589,42,2,9,2,0,1,valid
3336,914204004,*c1cc(OCCCC)c(*)cc1OCCCC,0.42056313,24,2,14,2,0,0,valid
507,141066783,*c1ccc(NC(=O)Nc2ccc(NC(=O)Nc3ccc(-c4nc(C#N)c(C#N)nc4*)cc3)cc2)cc1,0.3670318,65,2,26,2,8,2,valid
681,189877162,*Nc1ccc(C2(c3ccc(N*)cc3)c3cc([C@]45C[C@H]6C[C@H](C[C@H](C6)C4)C5)ccc3-c3ccc([C@]45C[C@H]6C[C@H](C[C@H](C6)C4)C5)cc32)cc1,0.39779257,120,2,45,0,2,0,valid
4817,1300902354,*Nc1ccc([C@H](C)c2ccc(C3(c4ccc([C@@H](C)c5ccc(N*)cc5C)cc4)CCCCC3)cc2)c(C)c1,0.37089997,75,2,36,0,2,0,valid
5460,1481177497,*CCC1C(=O)N(CCC)C(=O)C1*,0.34544005,24,2,9,2,1,2,valid
6749,1829654817,*Oc1ccc(C(=O)c2ccc(Oc3ccc(C(=O)c4ccc(Oc5cccc(Cc6cccc(*)c6)c5)cc4)cc3)cc2)cc1,0.3678457,76,2,39,5,0,2,valid
2360,642535209,*CCCCCCOC(=O)c1ccc(-c2ccc(C(=O)O*)cc2)cc1,0.35003142,41,2,20,4,0,2,valid
4573,1234355256,*Oc1ccc2ccc(Oc3ccc(C(=O)Nc4ccc(Oc5ccc(C(C)(C)c6ccc(C(C)(C)c7ccc(Oc8ccc(NC(=O)c9ccc(*)cc9)cc8)cc7)cc6)cc5)cc4)cc3)cc2c1,0.36837941,118,2,60,6,2,2,valid
6471,1755519343,*c1ccc2c(c1)C(=O)N(c1cccc(C(=O)Nc3ccc(Oc4ccc(C(C)(C)c5ccc(Oc6ccc(NC(=O)c7cccc(N8C(=O)c9ccc(C(*)(C(F)(F)F)C(F)(F)F)cc9C8=O)c7)cc6)cc5)cc4)cc3)c1)C2=O,0.36111327,148,2,60,8,4,6,valid
1861,503797851,*Oc1ccc(NC(=O)c2ccc(Oc3ccc(C(C)(C)c4ccc(C(C)(C)c5ccc(Oc6ccc(C(=O)Nc7ccc(Oc8ccc(C(c9ccc(*)cc9)(C(F)(F)F)C(F)(F)F)cc8)cc7)cc6)cc5)cc4)cc3)cc2)cc1,0.36856171,143,2,65,6,2,2,valid
5290,1437709159,*Nc1ccc2ccccc2c1-c1ccc2ccccc2c1N*,0.35558527,33,2,20,0,2,0,valid
6231,1689325307,*Nc1cc(Oc2ccccc2)c(N*)c(N)c1N,0.32209092,29,2,12,1,4,0,valid
6969,1885836114,*Nc1ccc(Cc2ccc(NC(=O)c3cc(NC(=O)C(C(C)CC)N4C(=O)c5ccccc5C4=O)cc(C(*)=O)c3)cc2)cc1,0.35394467,81,2,35,5,4,5,valid
45,11796436,*Nc1cc2c(c(-c3ccccc3)c1N*)[C@@H](c1ccccc1)c1ccccc1-2,0.37078536,52,2,25,0,2,0,valid
6209,1683834264,*CC=Cc1cc(C(C)(C)c2ccc(O)c(C=CCC3CC(=O)N(c4ccc(Cc5ccc(N6C(=O)CC(*)C6=O)cc5)cc4)C3=O)c2)ccc1O,0.35434136,92,2,42,6,2,6,valid
2377,646596041,*Nc1cc(C2(c3ccc(O)c(N*)c3)c3ccccc3-c3ccccc32)ccc1O,0.3549773,50,2,25,2,2,0,valid
4429,1192456163,*Nc1ccc(/C(=C\C/C(=C/C(C)(C)c2ccc(N*)cc2)c2ccc(N)cc2)CC(C)(C)c2ccc(N)cc2)cc1,0.35963898,76,2,36,0,4,2,valid
2466,672322123,*c1ccc(OCCCCCCCCCCCOC(=O)c2ccc(C(=O)OCCCCCCCCCCCOc3ccc(-c4nnc(*)s4)cc3)cc2)cc1,0.37335529,78,2,44,6,2,2,valid
82,22184710,*CC(*)c1ccc(C(=O)OCCC)cc1,0.37674615,25,2,12,2,0,1,valid
6775,1837536238,*CC(*)(C)C(=O)OCc1ccc2c(c1)c1ccccc1n2CC,0.3554716,39,2,19,2,1,1,valid
7864,2116457345,*CN1C(=O)c2ccc(C(c3ccc4c(c3)C(=O)N(Cc3nc5ccc(Cc6ccc7nc(*)oc(=O)c7c6)cc5c(=O)o3)C4=O)(C(F)(F)F)C(F)(F)F)cc2C1=O,0.36193236,110,2,38,8,4,6,valid
2999,815036763,*CCCCOC(=O)CCC(=O)O*,0.3291051,20,2,8,4,0,2,valid
3595,979410672,*CC(*)N1CCCC1=S,0.39052842,15,2,6,0,1,1,valid
2362,642668949,*Oc1cccc(NC(=O)c2cccc(C(=O)Nc3ccc(Oc4ccc(C(=O)c5ccc(*)cc5)cc4)cc3)c2)c1,0.35172352,71,2,33,5,2,3,valid
494,137060513,*CC1CCC(COP(=O)(N=Nc2ccc(-c3ccc(N=NP(=O)(O*)OC)cc3)cc2)OC)CC1,0.3611032,61,2,22,6,4,4,valid
2335,636957306,*Nc1ccc(C(c2ccc(C)cc2)(c2ccc(N)cc2)c2ccc(N*)cc2)cc1,0.37785275,51,2,26,0,3,0,valid
2873,783040210,*Oc1ccc(S(=O)(=O)c2ccc(Oc3ccc(C(C)(C)c4ccc(Oc5ccc(C(=O)c6ccc(*)cc6)cc5)cc4)cc3)cc2)cc1,0.37602514,86,2,40,6,0,3,valid
1491,400718320,*CC(*)(C)C(=O)OCCCCCCCCCCOc1ccc(C#Cc2cc(OC)c(C=Cc3ccncc3)cc2OC)cc1,0.37047455,66,2,37,5,1,2,valid
3878,1051267871,*CCN(CCOC(=O)Nc1ccc(C)c(NC(=O)O*)c1)c1ccc(C(C#N)=C(C#N)C#N)cc1,0.35653071,62,2,24,4,6,3,valid
1495,401205052,*CC(*)c1ccccc1COCCC,0.37983884,19,2,12,1,0,0,valid
270,75851204,*C[Si](*)(CCCCCC)CCCCCC,0.40662633,23,2,13,0,0,0,valid
6633,1801821900,*C=C(C#N)C(=O)OCCCCCCCCCCOC(=O)C(C#N)=Cc1ccc2c(c1)c1cc(*)ccc1n2CCCCCCC,0.37650468,70,2,37,4,3,4,valid
2936,798498386,*CC(CC)(CC)COC(=O)c1ccc(-c2ccc(-c3ccc(C(=O)O*)cc3)cc2)cc1,0.35922882,57,2,27,4,0,2,valid
5212,1413611773,*Oc1cc(C)c(*)c(C)c1Br,0.42901007,21,2,8,1,0,0,valid
2909,791643770,*c1ccc(NC(=O)c2ccc(OCCOCCOCCOc3ccc(C(=O)Nc4ccc5[nH]c(*)nc5c4)cc3)cc2)cc1,0.34555816,72,2,33,6,4,2,valid
3711,1006229444,*c1ccc(Oc2ccc(N3C(=O)c4ccc(Oc5ccc6cc(Oc7ccc8c(c7)C(=O)N(*)C8=O)ccc6c5)cc4C3=O)cc2)cc1,0.368655,85,2,38,7,2,4,valid
3603,980673012,*c1ccc(*)c(C(=O)c2ccc(F)cc2)c1,0.40977621,30,2,13,1,0,1,valid
4463,1203408030,*Nc1ccc(/C=C/c2ccc(/C=C/c3ccc(N*)cc3)c3ccccc23)cc1,0.3544734,50,2,26,0,2,2,valid
3128,846811981,*Nc1ccc(C(C)(c2ccc(N)cc2)c2ccc(N*)cc2)cc1,0.36464453,41,2,20,0,3,0,valid
5465,1482072500,*c1ccc(C(C)(C)c2ccc(C(C)(C)c3ccc(N4C(=O)c5ccc(Oc6cccc7c(Oc8ccc9c(c8)C(=O)N(*)C9=O)cccc67)cc5C4=O)cc3)cc2)cc1,0.38669783,108,2,50,6,2,4,valid
4766,1288275829,*Oc1ccc(C(C)(C)c2ccc(Oc3ccc(C(=O)Nc4cccc(NC(=O)c5ccc(*)cc5)c4)cc3)cc2)cc1,0.36217731,73,2,35,4,2,2,valid
2394,651985897,*OS(=O)(=O)c1cc(S(=O)(=O)Oc2ccc(C3(c4ccc(*)cc4)CCCCC3)cc2)ccc1C,0.36712523,63,2,25,6,0,4,valid
3027,820601696,*C(=O)c1ccc2ncc(-c3ccc(-c4cnc5ccc(*)cc5n4)cc3)nc2c1,0.40401109,51,2,23,1,4,1,valid
3121,845994024,*C(=O)Nc1ccc(S(=O)(=O)c2ccc(NC(=O)c3ccc(N4C(=O)c5ccc(*)cc5C4=O)cc3)cc2)cc1,0.35537215,74,2,28,6,3,6,valid
5296,1439590900,*Oc1ccc(NC(=O)Nc2ccccc2CCc2ccc(NC(=O)Nc3ccc(*)cc3)cc2)cc1,0.34891233,57,2,28,3,4,2,valid
6126,1662427032,*Nc1ccc([C@H]2C=C[C@](N*)(c3ccccc3)C=C2)cc1,0.34408307,43,2,18,0,2,2,valid
1586,428683484,*C(=O)Nc1ccc(Oc2ccc(C3(c4ccc(Oc5ccc(NC(=O)c6ccc7c(c6)C(=O)N(c6ccc(Oc8ccc(Oc9ccc(N%10C(=O)c%11ccc(*)cc%11C%10=O)cc9)c(C)c8)cc6)C7=O)cc5)cc4)NC(=O)c4ccccc43)cc2)cc1,0.36727934,162,2,69,11,5,7,valid
7474,2020359190,*SC1CCCCC1*,0.39542833,11,2,6,0,0,0,valid
7202,1947203303,*Nc1ccccc1-c1cccc(C2(c3ccc(N*)c(-c4ccccc4)c3)c3ccccc3-c3ccccc32)c1,0.37486017,66,2,37,0,2,0,valid
7692,2074006647,*Nc1ccc(NC(=O)c2ccc(C(c3ccc(C(*)=O)c(C(=O)OCC)c3)(C(F)(F)F)C(F)(F)F)cc2C(=O)OCC)cc1,0.34977204,83,2,29,6,2,4,valid
5659,1534344479,*CC(O)COc1ccc(C(C)(C)c2ccc(OCC(O)COc3ccc(NC(=O)CCCCCC(=O)Nc4ccc(O*)cc4)cc3)cc2)cc1,0.33850297,82,2,40,8,2,2,valid
1467,393468444,*CCOCCOC(=O)C(CCCCCCC)C(=O)O*,0.36413222,29,2,14,5,0,2,valid
7094,1917298650,*CNC(=O)CCCCC(=O)NCC1COC(*)CO1,0.31541925,30,2,12,4,2,2,valid
7812,2104280105,*OC(F)(F)COC(=O)c1cccc(C(F)(F)C(F)(F)C(F)(F)c2cccc(C(=O)OCC(*)(F)F)c2)c1,0.33058531,72,2,21,5,0,2,valid
1787,480125029,*CCCCCCCCOC(=O)NNC(=O)CCCCCCCCC(=O)NNC(=O)O*,0.34768618,44,2,20,6,4,4,valid
7197,1944562220,*c1ccc(C2(c3ccc(-c4cc(-c5ccccc5)c5cc(Oc6ccc7nc(*)cc(-c8ccccc8)c7c6)ccc5n4)cc3)c3ccccc3C(=O)c3ccccc32)cc1,0.41900126,104,2,56,2,2,1,valid
3608,982052578,*CC(*)(CC(=O)OCC(C)C)C(=O)OCC(C)C,0.38664522,33,2,13,4,0,2,valid
5158,1397226441,*c1ccc(Oc2ccc(N3C(=O)c4ccc(Oc5ccc(C6(c7ccc(Oc8ccc9c(c8)C(=O)N(*)C9=O)cc7)CCCCCCCCCCC6)cc5)cc4C3=O)cc2)cc1,0.37598187,105,2,52,7,2,4,valid
5430,1474909304,*CCCCCNc1nc(NCCCCCc2nc3cc(-c4ccc5[nH]c(*)nc5c4)ccc3[nH]2)nc(N(CC)CC)n1,0.37614223,70,2,31,0,10,0,valid
7469,2019089439,*Oc1ccc(Oc2ccc(Oc3cccc(C(=O)Oc4ccc(-c5ccc(OC(=O)c6cccc(*)c6)cc5)cc4)c3)cc2)cc1,0.35465002,78,2,38,7,0,2,valid
5475,1484029097,*C(OCOC(*)C(*)(F)F)C(*)(F)F,0.34668638,27,4,5,2,0,0,valid
4059,1098253429,*C(=Cc1cc(OC)c(C=C(c2ccc(*)cc2)c2ccc(F)cc2)cc1OC)c1ccc(F)cc1,0.39273614,60,2,30,2,0,2,valid
2194,594528040,*Oc1ccc(C(=O)Nc2ccc(C(c3ccc(NC(=O)c4ccc(OC(=O)c5ccc(C(*)=O)cc5)cc4)cc3)(C(F)(F)F)C(F)(F)F)cc2)cc1,0.34941735,97,2,37,6,2,4,valid
572,158153643,*c1ccc(Oc2ccc(S(=O)(=O)c3ccc(Oc4ccc(-c5c6c(c(*)c7ccccc57)C(=O)N(c5ccccc5C(F)(F)F)C6=O)cc4)cc3)cc2)cc1,0.39560548,101,2,43,6,1,4,valid
4715,1269165942,*CCOc1ccc(S(=O)(=O)c2ccc(OCCOP(=O)(O*)Oc3ccc(C)cc3)cc2)cc1,0.34896025,58,2,23,8,0,3,valid
1499,401918606,*CCCCCNC(=O)CCCCCCCCCCCCCCCCCCC(=O)N*,0.37324005,37,2,25,2,2,2,valid
1032,282747611,*C=CC1CC(*)C2C(=O)N(c3cccc(C)c3)C(=O)C12,0.39070984,40,2,16,2,1,3,valid
3903,1058058469,*c1ccc2c(c1)C(CCCCCCCC)(CCCCCCCC)c1cc(-c3ccc4c(c3)C3(CCC(C(C)(C)C)CC3)c3cc(*)ccc3-4)ccc1-2,0.4177397,90,2,51,0,0,0,valid
4173,1130000577,*Nc1ccc(-c2ccc(N*)c(-c3cccc4ccccc34)c2-c2cccc3ccccc23)c(-c2cccc3ccccc23)c1-c1cccc2ccccc12,0.37642959,89,2,52,0,2,0,valid
4790,1295229741,*CCCCCCOC(=O)CCCCCCCCC(=O)OCCCCCCN1C(=O)c2ccc(S(=O)(=O)c3ccc4c(c3)C(=O)N(*)C4=O)cc2C1=O,0.34948634,87,2,38,10,2,8,valid
3568,974102332,*CC(*)C(=O)Nc1cccc(Cl)c1,0.34957383,24,2,9,1,1,1,valid
2490,677895437,*c1cc(-c2sc(-c3cc(CCCC)c(*)s3)cc2CCCC)c2cccccc1-2,0.45832341,49,2,26,0,0,0,valid
874,243418714,*CC(*)(C)C(=O)OCCOc1ccc(C(=O)Oc2ccc(OCCCC)cc2)cc1,0.34294351,49,2,23,6,0,2,valid
4997,1355319996,*C(=O)NCCN(CCNC(=O)c1ccc(N2C(=O)c3ccc(*)cc3C2=O)cc1)c1ccc(C=Cc2ccc([N+](=O)[O-])cc2)cc1,0.33834048,87,2,34,6,5,6,valid
1072,290253227,*Oc1ccc(Oc2ccc(C(=O)c3ccc(-c4ccc(C(=O)c5ccc(*)cc5)cc4)cc3)cc2)cc1-c1cccc(C)c1,0.38116077,77,2,39,4,0,2,valid
926,256964530,*C(=O)NC1CCCC(*)O1,0.32360402,18,2,6,2,1,1,valid
5664,1535916456,*Oc1ccc(S(=O)(=O)c2ccc(Oc3ccc(C(c4ccc(*)cc4)(C(F)(F)F)C(F)(F)F)cc3)cc2[Si](C)(C)C)c([Si](C)(C)C)c1,0.39362302,98,2,33,4,0,2,valid
4832,1307322805,*c1ccc(Oc2ccc(Oc3ccc(NC(=O)c4cccc(Oc5ccc6c(c5)C(=O)N(*)C6=O)c4)cc3)cc2)cc1,0.35725183,74,2,33,6,2,3,valid
188,55715472,*Nc1ccc(Cc2ccc(NC(=O)c3cc(NC(=O)c4ccncc4)cc(C(*)=O)c3)cc2)cc1,0.34502809,61,2,27,3,4,3,valid
6368,1725180972,*c1ccc(Oc2ccc(S(=O)(=O)c3ccc(Oc4ccc(-c5cc(*)n(-c6ccccc6)n5)cc4)cc3)cc2)cc1,0.38538397,74,2,33,4,2,2,valid
5136,1392013159,*C(=O)c1ccc2c(c1)C(=O)N(c1ccc(-c3ccc(N4C(=O)c5ccc(*)cc5C4=O)cc3)cc1)C2=O,0.37421287,72,2,29,5,2,5,valid
4496,1210327805,*NC1CCC(CC2CCC(NC(=O)CCCCCCCCCCC(*)=O)CC2)CC1,0.36732026,45,2,25,2,2,2,valid
2870,781605401,*CCCCCCCCCCC(=O)NCCCCCC(=O)N*,0.35926129,29,2,17,2,2,2,valid
7597,2052142146,*NC(N*)(C(=O)O)[C@@](N)(CC)[C@H](C)CC,0.32721584,37,2,9,2,3,1,valid
1502,402476752,*CCCCCOC(=O)CCCCC(=O)O*,0.34417644,23,2,11,4,0,2,valid
5906,1602099447,*C=C(*)CCCOC(=O)c1cc(-c2ccc(OC)cc2)ccc1-c1ccc(OC)cc1,0.34537263,52,2,26,4,0,2,valid
7239,1956029718,*CCCCCCCCCCCCCCCCCCCCC(*)COCCOCCOCCOCCOCc1ccc2ccc3cccc4ccc1c2c34,0.37669905,64,2,47,5,0,0,valid
6107,1655318742,*OP(=O)(Oc1ccc(C)cc1)Oc1c(Br)cc(C(c2cc(Br)c(*)c(Br)c2)(C(F)(F)F)C(F)(F)F)cc1Br,0.39766764,78,2,22,4,0,1,valid
6635,1802780820,*c1ccc(C(c2ccc(N3C(=O)c4ccc(Oc5ccc6ccc(Oc7ccc8c(c7)C(=O)N(*)C8=O)cc6c5)cc4C3=O)cc2)(C(F)(F)F)C(F)(F)F)cc1,0.37532506,105,2,41,6,2,4,valid
7383,1995567642,*CC(*)c1ccc(C(=O)CCN2CCOCC2)cc1,0.35976341,31,2,15,2,1,1,valid
3732,1012813731,*CC(*)c1ccc(C(=O)c2ccc(OC)cc2)cc1,0.35659947,33,2,16,2,0,1,valid
3742,1016001230,*N=P(*)(N(C)C)N(C)C,0.38583819,19,2,4,0,3,1,valid
368,102545459,*Cc1ccc(CNC(=O)CCCCCCCCCC(=O)N*)cc1,0.35148366,35,2,19,2,2,2,valid
2815,764566036,*Nc1ccc(Oc2ccc(Oc3ccc(N*)cc3C(F)(F)F)cc2)c(C(F)(F)F)c1,0.34410013,54,2,20,2,2,0,valid
7462,2015742836,*C(=O)NCCCCCCNC(=O)c1ccc(N2C(=O)c3ccc(*)cc3C2=O)cc1,0.33363359,51,2,22,4,3,4,valid
4977,1347844859,*c1ccc2c(c1)C(=O)N(c1cccc(S(=O)(=O)c3cccc(N4C(=O)c5ccc(C(*)(C(F)(F)F)C(F)(F)F)cc5C4=O)c3)c1)C2=O,0.37548521,96,2,31,6,2,6,valid
938,258994540,*CCN(CCN1C(=O)c2ccc(C(c3ccc4c(c3)C(=O)N(*)C4=O)(C(F)(F)F)C(F)(F)F)cc2C1=O)c1ccc(N=Nc2ccc(C=O)cc2)cc1,0.35665131,100,2,36,5,5,6,valid
3480,951628759,*CCOCCOC(=O)CCCCCCCCCCCCCCCCC(=O)O*,0.36953742,35,2,22,5,0,2,valid
3913,1059383045,*Oc1ccc(C(=O)Nc2ccc(Cc3ccc(NC(=O)c4ccc(Oc5nc(*)nc(Sc6ccccc6)n5)cc4)cc3)cc2)cc1,0.35642575,78,2,35,4,5,2,valid
6008,1630196267,*CCCCCCCNC(=O)CCCCCCCCCCCCCCCCCCC(=O)N*,0.38015472,39,2,27,2,2,2,valid
6970,1885883959,*Nc1ccc(-c2cc(-c3ccccc3)c(N*)c(-c3ccccc3)c2-c2ccccc2)cc1,0.36380664,56,2,30,0,2,0,valid
61,15979280,*Oc1ccc(NC(=O)c2cc(NC(=O)CCCCCN3C(=O)c4ccccc4C3=O)cc(C(=O)Nc3ccc(*)cc3)c2)cc1,0.33547772,77,2,34,6,4,5,valid
4585,1238011731,*CC(*)(C)C(=O)OCCCCCCOc1ccc(C=Nc2ccc(C#N)cc2)cc1,0.3618059,48,2,24,3,2,2,valid
3902,1057831981,*CCN(CCOC(=O)NCC1(C)CC(NC(=O)O*)CC(C)(C)C1)c1ccc(C=C(C#N)C#N)cc1,0.35418826,64,2,26,4,5,3,valid
2172,589661282,*Nc1ccc(-c2ccc(N*)c3c4ccc(cc4)c23)cc1,0.34352989,37,2,18,0,2,0,valid
1700,458141446,*CC(*)C(=O)OCCCCCCCCOC(=O)c1ccc(OC(=O)c2ccc(C#N)cc2)cc1,0.34948224,55,2,26,6,1,3,valid
5512,1496171453,*CC(*)c1ccc(OCCOCCOC(C)=O)cc1,0.34580144,29,2,14,4,0,1,valid
5536,1502897533,*Oc1c(-c2ccccc2)cc(-c2cc(-c3ccccc3)c(OC(=O)CCCCCCCCC(*)=O)c(-c3ccccc3)c2)cc1-c1ccccc1,0.37181135,85,2,46,4,0,2,valid
4684,1261531807,*CCc1ccc(CCNC(=O)CCCCCCCCCCCCC(=O)N*)cc1,0.36154696,40,2,24,2,2,2,valid
3768,1022909256,*C(=O)Nc1ccc(NC(=O)c2ccc3c(c2)C(=O)N(c2ccc(Oc4cccc5c(N6C(=O)c7ccc(*)cc7C6=O)cccc45)cc2)C3=O)cc1,0.36136438,95,2,40,7,4,6,valid
5572,1511018789,*CCc1ccc(*)c(CC)c1,0.39486528,18,2,10,0,0,0,valid
1075,291057839,*CC(*)(C)C(=O)OCCCCCCN1CCN(c2ccc(N=Nc3ccc(C=C(C#N)C#N)cc3)cc2)CC1,0.37590326,65,2,30,2,6,3,valid
3724,1011964069,*Nc1ccc(C2(c3ccc(N*)c(C)c3C)c3ccccc3-c3ccccc32)c(C)c1C,0.37955034,54,2,29,0,2,0,valid
2452,669639800,*NC1CCC(CC2CCC(NC(=O)CCCCC(*)=O)CC2)CC1,0.35191825,39,2,19,2,2,2,valid
7721,2081485306,*CC(*)C(=O)OCCOc1ccc(C(=O)Oc2ccc(OC)cc2)cc1,0.33434555,43,2,19,6,0,2,valid
5755,1561944332,*Nc1cc(C)c(C2(c3c(C)cc(N*)cc3C(C)C)c3ccccc3-c3ccccc32)c(C(C)C)c1,0.39323,64,2,33,0,2,0,valid
7376,1991992647,*CC(CC)(CO)CO*,0.3383421,14,2,6,2,0,0,valid
3455,946366980,*CC(*)C(=O)OCCO,0.30069281,15,2,5,3,0,1,valid
6224,1687301626,*Nc1ccc(C2(c3ccc(N)c(N*)c3)c3ccccc3-c3ccccc32)cc1N,0.374004235,50,2,25,0,4,0,valid
868,242653142,*Cc1cc2cc(C(=O)Nc3ccc(NC(=O)c4cc5cc(*)c(OC(=O)COc6ccc7ccc(=O)oc7c6)cc5oc4=O)cc3)c(=O)oc2cc1OC(=O)COc1ccc2ccc(=O)oc2c1,0.31935888,117,2,49,16,2,8,valid
7485,2022159696,*CCNC(=O)c1ccc(C(=O)NCCOc2ccc3c(O*)cccc3c2)cc1,0.33252314,46,2,22,4,2,2,valid
3952,1070754450,*NC1=C[C@@H]2[C@H]3c4cc(N*)ccc4[C@H](c4cc(N)ccc43)[C@@H]2C=C1,0.37404178,61,2,20,0,3,2,valid
325,91669068,*Oc1ccc(Nc2ccc(S(=O)(=O)c3ccc(Nc4ccc(Oc5ccc(C(C)(C)c6ccc(*)cc6)cc5)cc4)cc3)cc2)cc1,0.38534918,82,2,39,4,2,2,valid
7880,2120990962,*Oc1ccc(NC(=O)CCCCCCCCCCC(=O)Nc2ccc(*)cc2)cc1,0.35479832,45,2,24,3,2,2,valid
5109,1387462410,*CCN(*)C(=O)c1ccccc1F,0.34924662,21,2,9,1,1,1,valid
7069,1911926467,*CC(CSC)O*,0.41981356,10,2,4,1,0,0,valid
2639,718575580,*NCc1ccc(N*)c2ccccc12,0.32862128,21,2,11,0,2,0,valid
3071,834328037,*CCCCCCCCc1nc2ccc(-c3ccc4nc(*)oc4c3)cc2o1,0.38060796,41,2,22,2,2,0,valid
2365,643385335,*CC(*)OC(F)(C(F)(F)F)C(F)(F)F,0.33430951,29,2,5,1,0,0,valid
3829,1038295245,*C(=O)Nc1ccc(S(=O)(=O)c2ccc(NC(=O)c3ccc4c(c3)C(=O)N(c3ccc(Oc5ccc(N6C(=O)c7ccc(*)cc7C6=O)cc5)cc3)C4=O)cc2)cc1,0.3576415,108,2,42,9,4,8,valid
814,228476998,*c1ccc(C(C#N)(C(=O)O)C(*)(C#N)C(=O)O)cc1,0.35362996,40,2,12,4,2,2,valid
1080,292271271,*Oc1ccc(S(=O)(=O)c2ccc(Oc3cccc(NC(=O)c4ccc(-c5ccc(C(=O)Nc6cccc(*)c6)c(C)c5)cc4C)c3)cc2)cc1,0.35676805,90,2,40,6,2,4,valid
6935,1876833893,*CC(*)c1ccc(CCCCCCCCCCCCCC)cc1,0.40253381,30,2,22,0,0,0,valid
2562,695374943,*CC(*)(CC(=O)Oc1ccc(OC)cc1)C(=O)Oc1ccc(OC)cc1,0.33732889,45,2,19,6,0,2,valid
1130,302309984,*c1ccc(Oc2ccc(N3C(=O)c4ccc(Oc5ccc(Oc6ccc(Oc7ccc8c(c7)C(=O)N(*)C8=O)cc6)cc5)cc4C3=O)cc2)cc1,0.36551009,90,2,40,8,2,4,valid
3632,985716101,*C(=O)c1ccc2c(c1)C(=O)N(c1ccc(-c3cc(-c4ccc(OCCCC#N)cc4)cc(-c4ccc(N5C(=O)c6ccc(*)cc6C5=O)cc4)n3)cc1)C2=O,0.3862986,103,2,44,6,4,5,valid
2018,544223047,*CC(CC)N(*)C(=O)CCCC,0.37465155,20,2,9,1,1,1,valid
6534,1777831717,*Oc1ccc(C(=O)c2ccc(Oc3ccc4c(=O)n5c6cc(-c7ccc8c(c7)nc7c9ccc(*)c%10cccc(c(=O)n87)c%109)ccc6nc5c5cccc3c45)cc2)cc1,0.38178031,110,2,49,5,4,3,valid
4994,1353148965,*Nc1cc(N*)c2c3ccccc3c3ccccc3c2c1,0.33007057,32,2,18,0,2,0,valid
6213,1685057897,*OCCCCOC1COC2C(OC(=O)CCCCC(=O)OC3COC4C(*)COC34)COC12,0.33206648,52,2,22,10,0,2,valid
1976,531967957,*Oc1ccc(C(=O)c2cccc(C(=O)c3ccc(Oc4cccc(Cc5cccc(*)c5)c4)cc3)c2)cc1,0.36716519,65,2,33,4,0,2,valid
5878,1594377223,*c1ccc(NC(=O)CCCCCCCC(=O)Nc2ccc(S(*)(=O)=O)cc2)cc1,0.34520274,50,2,21,4,2,4,valid
384,106083096,*Nc1c(/C=N/O)cc(/C=N/O)c(N*)c1N,0.3106329,31,2,8,2,5,2,valid
4179,1131234083,*c1ccc(Sc2ccc(-c3nc4cc(-c5ccc6nc(-c7ccccc7)c(*)nc6c5)ccc4nc3-c3ccccc3)cc2)cc1,0.41874626,77,2,39,0,4,0,valid
4791,1295293979,*C1C(*)C2CC1C1C=CCC12,0.43220188,21,2,10,0,0,1,valid
773,216414863,*Nc1cccc([C@](N)(c2ccccc2)c2cccc3ccccc23)c1N*,0.35839515,45,2,23,0,3,0,valid
3880,1052347491,*CCNC(=O)c1ccccc1O*,0.32695077,19,2,9,2,1,1,valid
5902,1601741460,*C(=O)c1ccc(Oc2ccc(C(C)(C)c3ccc(Oc4ccc(*)s4)cc3)cc2)cc1,0.37738334,55,2,26,3,0,1,valid
5592,1515861742,*Nc1ccc(-c2ccc(NC(=O)c3cccc(C(*)=O)c3)c(S)c2)cc1S,0.35876694,49,2,20,2,2,2,valid
1101,296446712,*CC(*)C(C)=O,0.34334548,12,2,4,1,0,1,valid
7519,2032432464,*CCC(C(=O)OC)C(*)C(=O)OC,0.33473342,24,2,8,4,0,2,valid
7195,1944234117,*C(C#N)=C(C#N)N1C(=O)c2ccc(C(=O)c3ccc(-c4ccc5c(c4)C(=O)N(*)C5=O)cc3)cc2C1=O,0.37567368,75,2,27,5,4,6,valid
2495,679122345,*OP(=O)(Oc1ccc(Cl)cc1)Oc1c(Cl)c(Cl)c(*)c(Cl)c1Cl,0.35896209,48,2,12,4,0,1,valid
3067,833018953,*CCCC(C)(C)CNC(=O)c1ccc(C(=O)N*)cc1,0.34232189,35,2,15,2,2,2,valid
5377,1460712253,*CCCCCCCCCNC(=O)C(OC)C(OC)C(=O)N*,0.35120821,33,2,15,4,2,2,valid
5779,1569031119,*O[Si](*)(c1ccccc1)c1ccccc1,0.39090744,27,2,12,1,0,0,valid
7003,1893126159,*c1ccc(Oc2ccc(C(C)(C)c3ccccc3)cc2)c(N2C(=O)c3ccc(-c4ccc5c(c4)C(=O)N(*)C5=O)cc3C2=O)c1,0.39256327,85,2,37,5,2,4,valid
7282,1966629557,*CCCCCCOC(=O)OCCCCOC(=O)OCCCCCCOc1ccc(Oc2ccc(O*)cc2)cc1,0.35116404,55,2,30,9,0,2,valid
5989,1624258093,*c1ccc(Oc2ccc(NC(=O)c3cc(C(=O)Nc4ccc(Oc5ccc(-c6nnc(*)o6)cc5)cc4)cc(N4C(=O)c5ccccc5C4=O)c3)cc2)cc1,0.36154579,97,2,42,7,5,4,valid
4035,1090704353,*CC(*)COCC1COC(=O)O1,0.31094849,20,2,7,4,0,1,valid
5433,1475370376,*C(=O)c1cccc(C(=O)c2ccc3c(c2)C(=O)N(c2ccc(Oc4ccc(S(=O)(=O)c5ccc(Oc6ccc(N7C(=O)c8ccc(*)cc8C7=O)cc6)cc5)cc4)cc2)C3=O)c1,0.36035989,117,2,48,10,2,8,valid
6010,1630836772,*Nc1cc2ccc3cc(N*)cc4ccc(c1)c2c34,0.33777593,32,2,16,0,2,0,valid
2269,616888672,*CC(*)(C)C(=O)OCC#CO[Si](C)(C)C,0.41218435,31,2,10,3,0,1,valid
4647,1252473600,*C(C)C(*)C(=O)OC12CC3CC(CC(C3)C1)C2,0.38554512,35,2,14,2,0,1,valid
5380,1461767577,*c1ccc(Oc2ccccc2Oc2ccc(N3C(=O)c4ccc(Oc5cc6ccccc6cc5Oc5ccc6c(c5)C(=O)N(*)C6=O)cc4C3=O)cc2)cc1,0.36199186,92,2,44,8,2,4,valid
6526,1776137292,*c1ccc(Oc2ccc(Oc3ccc(Oc4ccc(-c5cnc6cc(-c7ccc8nc(*)cnc8c7)ccc6n5)cc4)cc3)cc2)cc1,0.38383553,79,2,40,3,4,0,valid
6009,1630481907,*C(=O)c1ccc2c(c1)C(=O)N(c1ccc(Oc3ccccc3Oc3ccc(N4C(=O)c5ccc(*)cc5C4=O)cc3C(F)(F)F)c(C(F)(F)F)c1)C2=O,0.37183855,99,2,37,7,2,5,valid
6952,1881186822,*Nc1ccc(C2(c3ccc(N*)cc3)c3ccc(C)cc3-c3ccc(C)cc32)cc1,0.37924418,52,2,27,0,2,0,valid
5623,1524880405,*c1ccc(OC(=O)c2cccc(C(=O)Oc3ccc(C4(*)OC(=O)c5ccccc54)cc3)c2)cc1,0.35513866,63,2,28,6,0,3,valid
7546,2038813510,*C(=O)c1ccc2c(c1)C(=O)N(c1ccc(Cc3ccc(N4C(=O)c5ccc(*)cc5C4=O)c(C(C)(C)C)c3)cc1C(C)(C)C)C2=O,0.4037542,90,2,38,5,2,5,valid
5697,1545962534,*Nc1ccc2c(c1)/C(=C/c1ccccc1N*)c1ccccc1-2,0.35465087,40,2,20,0,2,1,valid
4065,1099529039,*C1C(=O)N(CCCCCCOc2ccc(-c3ccc(C#N)cc3)cc2)C(=O)C1*,0.34826627,50,2,23,3,2,2,valid
7265,1962650861,*CCCCC(=O)NNC(=O)c1ccc(C(=O)NNC(=O)CCCCOc2ccc(O*)c(C)c2)cc1,0.33967136,59,2,25,6,4,4,valid
7935,2138950642,*Nc1c2ccccc2c(-c2c3ccccc3c(N*)c3c(-c4ccccc4)c(-c4ccccc4)c(-c4ccccc4)c(-c4ccccc4)c23)c2ccccc12,0.38138687,93,2,52,0,2,0,valid
7743,2088540616,*Oc1ccc(C2(c3ccc(OC(=O)c4ccc(C(*)=O)cc4)c(C)c3)CCC3CCCCC3C2)cc1C,0.38501147,64,2,32,4,0,2,valid
431,118991284,*CCOCCOC(=O)C(C)C(=O)O*,0.33298601,23,2,8,5,0,2,valid
6943,1877965717,*Oc1ccc(S(=O)(=O)c2ccc(Oc3ccc(C(c4ccc(*)cc4)(C(F)(F)F)C(F)(F)F)cc3)cc2)cc1,0.37375522,74,2,27,4,0,2,valid
7870,2118719720,*O[Si](C)(C)CC(C)(C)COC(=O)c1cccc(C(=O)OCC(C)(C)C[Si](*)(C)C)c1,0.3817269,63,2,22,5,0,2,valid
596,165704886,*Nc1cc(Cl)c(-c2cc(Cl)c(N*)cc2Cl)cc1Cl,0.36444978,37,2,12,0,2,0,valid
7425,2006295259,*Sc1cc(C)c(*)cc1C,0.42409378,17,2,7,0,0,0,valid
5695,1544969349,*Nc1ccc(-c2c(C)c(-c3ccccc3)c(N*)c(-c3ccccc3)c2-c2ccccc2)c(C)c1-c1ccccc1,0.38234636,71,2,38,0,2,0,valid
4754,1285221061,*CCCCCCCN1C(=O)c2ccc(C(c3ccc4c(c3)C(=O)N(*)C4=O)(C(F)(F)F)C(F)(F)F)cc2C1=O,0.3489851,74,2,26,4,2,4,valid
3966,1074625910,*NCCCCCN*,0.320050415,9,2,5,0,2,0,valid
230,67251636,*OC(=O)C(C)NC(=O)CCCCCCCCCCC(=O)NC(C)C(=O)OC1COC2C(*)COC12,0.34210323,58,2,24,8,2,4,valid
1529,410273784,*C(=O)Nc1ccc(Oc2ccc(-c3ccc(Oc4ccc(NC(=O)c5ccc6c(c5)C(=O)N(c5ccc(Oc7ccc(C(C)(C)c8ccc(Oc9ccc(N%10C(=O)c%11ccc(*)cc%11C%10=O)cc9)cc8)cc7)cc5)C6=O)cc4)cc3)cc2)cc1,0.36250129,158,2,69,10,4,6,valid
3960,1072790069,*Nc1c(CC(=O)O)cc2c(N*)nc(N)nc2c1C=O,0.32104988,35,2,11,3,5,2,valid
3061,832112945,*CCCC(=O)Oc1ccc(-c2ccc(OC(=O)c3ccc4c(c3)C(=O)N(*)C4=O)cc2)cc1,0.33800885,61,2,25,6,1,4,valid
5694,1544660750,*C(=O)OCC(COc1ccc(N=Nc2ccc(C#N)cc2)cc1)OC(=O)c1ccc(*)s1,0.36682863,55,2,22,5,3,3,valid
5264,1429793294,*Nc1cc(N*)c(N)cc1N,0.32432141,18,2,6,0,4,0,valid
4539,1221972864,*C=CC1CC(*)C(C#N)(CC)C1,0.39311406,23,2,10,0,1,1,valid
2122,574282474,*c1ccc2c(c1)C(=O)N(c1cccc(NC(=O)C(F)(F)C(F)(F)C(F)(F)C(F)(F)C(=O)Nc3cccc(N4C(=O)c5ccc(C(*)(C(F)(F)F)C(F)(F)F)cc5C4=O)c3)c1)C2=O,0.34319652,127,2,37,6,4,6,valid
7104,1919352729,*Nc1cccc2c1c1cccc(N)c1c1cccc(N*)c12,0.33957884,35,2,18,0,3,0,valid
3247,886271093,*CC(*)(C)C(=O)Oc1ccc(N=Nc2ccc(OC)cc2)cc1,0.35867178,40,2,17,3,2,2,valid
3425,937600317,*O[Si](*)(C)CCCCCOc1ccc(/C=C/c2ccc(OC)cc2)cc1,0.36872385,45,2,21,3,0,1,valid
1375,370860168,*CCCCOC(=O)NCCCCCCNC(=O)O*,0.33574734,26,2,12,4,2,2,valid
1887,508339615,*Nc1ccc(C2(c3ccc(N*)cc3)CCCC[C@H]2C[C@H]2CC[C@H](CCCCC)CC2)cc1,0.37129511,62,2,30,0,2,0,valid
3859,1047488413,*Nc1ccc([C@@H](C)/C=C2/C=CC/C(=C\[C@H](C)c3ccc(N*)cc3)C2)cc1,0.36075305,60,2,24,0,2,3,valid
3928,1064934987,*CC(*)c1ccc([SiH](C)C)cc1,0.42154947,25,2,10,0,0,0,valid
6700,1815514979,*Nc1ccc(C2(c3cc(CC)c(N*)c(CC)c3)c3ccccc3-c3ccccc32)cc1C,0.38779866,55,2,30,0,2,0,valid
3236,882038181,*O[Si](C)(C)c1cccc(C(F)(F)C(F)(F)c2cccc([Si](*)(C)C)c2)c1,0.40311719,57,2,18,1,0,0,valid
2057,554208834,*Nc1ccc(NC(=O)c2cccc(C(*)=O)c2)cc1,0.33774959,34,2,14,2,2,2,valid
6266,1699979757,*C(*)C(=O)OCCC,0.38345076,14,2,5,2,0,1,valid
4285,1155566609,*CCCCCCCCCOC(=O)C(O)C(O)C(=O)O*,0.33968364,31,2,13,6,0,2,valid
3806,1033716962,*CC1CCCC(CN2C(=O)c3ccc(C(=O)c4ccc5c(c4)C(=O)N(*)C5=O)cc3C2=O)C1,0.36071936,63,2,25,5,2,5,valid
3805,1033553223,*c1ccc(Oc2ccc(Oc3ccc(N4C(=O)c5ccc(Oc6cc7ccccc7cc6Oc6ccc7c(c6)C(=O)N(*)C7=O)cc5C4=O)cc3)cc2)cc1,0.36802502,94,2,44,8,2,4,valid
3994,1081105585,*C(=O)c1ccc2c(c1)C(=O)N(c1c(C)cc(C)c(N3C(=O)c4ccc(*)cc4C3=O)c1C)C2=O,0.40883151,68,2,26,5,2,5,valid
6977,1887598982,*CC(*)C(=O)Nc1ccc(Cl)cc1,0.35389835,24,2,9,1,1,1,valid
5793,1572433772,*C(=O)c1ccc2c(c1)C(=O)N(c1ccc(CP(=O)(OCCCl)OCCCl)c(N3C(=O)c4ccc(*)cc4C3=O)c1)C2=O,0.37206034,81,2,28,8,2,6,valid
3899,1057428367,*c1cccc(Oc2cccc(Oc3cccc(N4C(=O)c5ccc(Oc6ccc7c(c6)C(=O)N(*)C7=O)cc5C4=O)c3)c2C#N)c1,0.36471825,82,2,35,7,3,4,valid
675,188691845,*Nc1c(C)cc(-c2cc(C)c(N*)c(C)c2)cc1C,0.36477351,35,2,16,0,2,0,valid
3454,945861213,*Oc1ccc(Oc2cccc(C(=O)Oc3ccc(OC(=O)c4cccc(*)c4)cc3)c2)cc1,0.35315362,56,2,26,6,0,2,valid
6924,1872652115,*Nc1ccc(C2(c3ccc(N*)cc3)C[C@H](C)CC(C)(C)C2)cc1,0.36369292,47,2,21,0,2,0,valid
139,41421570,*c1ccc2c(c1)C(=O)N(c1ccc(Oc3ccc(C(=O)c4cccc(C(=O)c5ccc(Oc6ccc(N7C(=O)c8ccc(C(*)(C(F)(F)F)C(F)(F)F)cc8C7=O)cc6)cc5)n4)cc3)cc1)C2=O,0.36563224,129,2,50,8,3,6,valid
4375,1179116190,*CC(*)(C)C(=O)Oc1ccc(C(C)(C)C)cc1,0.38346494,33,2,14,2,0,1,valid
3313,907128555,*CC(O)COC(=O)CCCCC(=O)OCC(O)COc1ccc(C(=O)Oc2ccc(O*)cc2)cc1,0.32619562,58,2,25,10,0,3,valid
6174,1674954682,*c1ccc2c(c1)C(=O)N(C1CCC(CC3CCC(N4C(=O)c5ccc(C(*)(C(F)(F)F)C(F)(F)F)cc5C4=O)CC3)CC1)C2=O,0.36673379,88,2,32,4,2,4,valid
5026,1364709079,*O[Si](C)(C)O[Si](C)(C)O[Si](C)(C)c1ccc([Si](*)(C)C)cc1,0.438999,55,2,14,3,0,0,valid
3992,1080677483,*C=CC1CC(*)C2C(=O)N(c3ccccc3)C(=O)C12,0.3604348,37,2,15,2,1,3,valid
3085,838352971,*Nc1ccc2c(c1)Cc1cc(N*)c(N)cc1-2,0.35883354,31,2,13,0,3,0,valid
931,257696451,*CC(F)(F)C(F)(F)C(F)(F)COC(=O)c1cccc(C(=O)O*)c1,0.32102943,47,2,13,4,0,2,valid
1881,506900433,*c1ccc2c(c1)C(=O)N(c1ccc(N(c3ccc(C#N)cc3)c3ccc(N4C(=O)c5ccc(C(*)(C(F)(F)F)C(F)(F)F)cc5C4=O)cc3)cc1)C2=O,0.42132012,103,2,38,4,4,4,valid
1124,300892142,*CCSCCOC(=O)CCC(=O)O*,0.34112021,21,2,8,4,0,2,valid
3712,1006972816,*Nc1ccc(C2(c3ccc(N*)cc3)c3ccccc3-c3cc(C)ccc32)cc1,0.37206432,49,2,26,0,2,0,valid
7926,2135907142,*C(=O)c1ccc2c(c1)C(=O)N(CC1(C)CC(N3C(=O)c4ccc(*)cc4C3=O)CC(C)(C)C1)C2=O,0.37151766,71,2,27,5,2,5,valid
2479,674648279,*CC(*)(C)C(=O)OCCCCCCCCCCOc1ccc(N=Nc2ccc([N+](=O)[O-])cc2)cc1,0.36239685,61,2,26,5,3,3,valid
7330,1978930507,*C(=C(*)c1ccc([Si](C(C)C)(C(C)C)C(C)C)cc1)c1ccccc1,0.45051401,50,2,23,0,0,1,valid
2764,751286665,*CC(Cc1ccc(-c2ccccc2)cc1)C[Si](*)(C)C,0.37356757,37,2,18,0,0,0,valid
405,111668732,*Oc1cccc(OC(=O)Oc2ccc(C(C)(C)c3ccc(OC(*)=O)cc3)cc2)c1,0.34341642,53,2,23,6,0,2,valid
2658,722858579,*Nc1ccc(-c2ccc(N*)c(-c3ccc(-c4ccccc4)cc3)c2-c2ccc(-c3ccccc3)cc2)c(-c2ccc(-c3ccccc3)cc2)c1-c1ccc(-c2ccccc2)cc1,0.36435294,109,2,60,0,2,0,valid
388,106825904,*CC(*)C(=O)OCCCCCCOc1ccc(C=Nc2ccc(OCCCCC)cc2)c(O)c1,0.36508444,51,2,27,5,1,2,valid
917,254694603,*OC(=O)c1cccc(C(=O)OC2CC3CC(*)CC(C2)O3)c1,0.34862273,41,2,16,5,0,2,valid
5435,1476123993,*CC=CCOC(=O)C(Cc1ccccc1)NC(=O)CCCCC(=O)NC(Cc1ccccc1)C(=O)O*,0.34434051,59,2,28,6,2,5,valid
3624,983924337,*CCCCCCCCCCOC(=O)c1ccc(-c2ccc(-c3ccc(C(=O)O*)cc3)cc2)cc1,0.35722894,56,2,30,4,0,2,valid
6607,1795274975,*c1ccc(Oc2ccc(N3C(=O)c4ccc(Sc5ccc6c(c5)C(=O)N(*)C6=O)cc4C3=O)cc2)cc1,0.37750321,68,2,27,5,2,4,valid
7637,2062868312,*Oc1ccc(NC(=O)Nc2cc(NC(=O)Nc3ccc(*)c(-c4ccc(Oc5ccccc5)cc4)c3)ccc2C)cc1-c1ccc(Oc2ccccc2)cc1,0.35573638,90,2,45,5,4,2,valid
3758,1019146699,*CNC(=O)CCCCCCCCC(=O)NCC1COC(*)CO1,0.33667776,34,2,16,4,2,2,valid
4632,1248717152,*C(=O)Nc1ccc(Oc2ccc(NC(=O)c3ccc4c(c3)C(=O)N(c3cccc(P(=O)(c5ccccc5)c5cccc(N6C(=O)c7ccc(*)cc7C6=O)c5)c3)C4=O)cc2)cc1,0.36252693,114,2,48,8,4,7,valid
7111,1920006010,*OC1C(CO)OC(*)C(N)C1O,0.30298041,21,2,6,4,1,0,valid
2404,657445738,*CCOCCOCCOCCOCCOCCOC(=O)c1cc(OCCCCCCOc2ccc(-c3ccc(OC)cc3)cc2)cc(C(=O)O*)c1,0.34770487,74,2,39,12,0,2,valid
2099,565371765,*c1ccc2c(c1)C(=O)N(C1CC(C)(C)CC(C)(CN3C(=O)c4ccc(C(*)(C(F)(F)F)C(F)(F)F)cc4C3=O)C1)C2=O,0.37756534,87,2,29,4,2,4,valid
895,248038345,*CC(*)(C)C(=O)Oc1c(OC)cc(C=Cc2ccccc2)cc1OC,0.36033906,42,2,20,4,0,2,valid
7890,2124483443,*CC(*)(C)C(=O)OCc1ccc2c(c1)c1ccccc1n2CCCCCC,0.36971613,43,2,23,2,1,1,valid
3021,819863073,*C(=O)c1ccc2c(c1)C(=O)N(c1ccc(S(=O)(=O)c3ccc(NC(=O)c4cccc(C(=O)Nc5ccc(S(=O)(=O)c6ccc(N7C(=O)c8ccc(*)cc8C7=O)cc6)cc5)c4)cc3)cc1)C2=O,0.35983629,131,2,49,11,4,11,valid
104,29482987,*C(=C(*)c1ccc(Oc2ccccc2)cc1)c1ccccc1,0.40046864,36,2,20,1,0,1,valid
4768,1289045435,*Nc1cc(C)c(-c2cccc(C)c2-c2cc(C)c(N*)cc2C)cc1C,0.37804144,45,2,23,0,2,0,valid
4240,1145617844,*Nc1ccc([C@@H]2C=C(C(C)C)C=C[C@@]2(c2ccc(N*)cc2)C(C)C)cc1,0.36697228,57,2,24,0,2,2,valid
3266,890572584,*C=Cc1ccc(*)c(-c2cc(OCCC(C)C)c(OCCC(C)C)cc2-c2ccccc2)c1,0.39126142,55,2,30,2,0,1,valid
2683,730265166,*c1c(C)cc(C)c(N2C(=O)c3ccc(-c4ccc5c(c4)C(=O)N(*)C5=O)cc3C2=O)c1C,0.42202821,64,2,25,4,2,4,valid
6590,1791321384,*Nc1ccc([C@]2(c3ccccc3C)C=C[C@](N*)(c3ccccc3)C=C2)cc1,0.35212894,53,2,25,0,2,2,valid
7044,1903713432,*CC(C)C(C)COC(=O)c1ccc(C(=O)O*)cc1,0.34746292,34,2,14,4,0,2,valid
3648,990844091,*c1ccc(Oc2ccc(S(=O)(=O)c3ccc(Oc4ccc(-c5c6c(c(*)c7ccccc57)C(=O)N(c5ccccc5)C6=O)cc4)cc3)cc2)cc1,0.38038292,93,2,42,6,1,4,valid
7087,1916198200,*OP(=O)(Oc1ccc(Br)cc1)Oc1c(C)cc(S(=O)(=O)c2cc(C)c(*)c(C)c2)cc1C,0.37734655,63,2,22,6,0,3,valid
3227,880146863,*Nc1ccc(-c2ccc(C(CCCC)(c3ccc(-c4ccc(N)cc4)cc3)c3ccc(-c4ccc(N*)cc4)cc3)cc2)cc1,0.37280295,77,2,41,0,3,0,valid
7365,1988157490,*C(=O)c1ccc(Oc2ccc(C3(c4ccc(Oc5ccc(C(=O)c6ccc7c(c6)C(=O)N(c6ccc(Cc8ccc(N9C(=O)c%10ccc(*)cc%10C9=O)cc8)cc6)C7=O)cc5)cc4)OC(=O)c4ccccc43)cc2)cc1,0.38151091,142,2,63,10,2,7,valid
3289,900377151,*Nc1ccc(/C(=C(/c2ccccc2)c2ccc(N*)cc2)c2ccccc2)cc1,0.3773241,49,2,26,0,2,1,valid
2134,576593207,*CCCCOC(=O)Nc1ccc(C)c(NC(=O)O*)c1,0.33250755,33,2,13,4,2,2,valid
6516,1773311444,*CCN(CCOC(=O)Nc1cccc(NC(=O)O*)c1C)c1ccc(N=Nc2ccc([N+](=O)[O-])cc2)cc1,0.35215357,69,2,25,6,6,4,valid
5208,1412767415,*CC(O)COc1ccc(C(C)(C)c2ccc(OCC(O)COc3ccc(S(=O)(=O)c4ccc(O*)cc4)cc3)cc2)cc1,0.34762026,74,2,33,8,0,2,valid
2125,574869526,*Cc1cc(C23CC4CC(CC(C4)C2)C3)cc(CN(*)C)c1O,0.36943154,41,2,19,1,1,0,valid
2986,812088904,*Oc1ccc(Oc2ccc(C(=O)c3ccc(C(=O)c4ccc(*)cc4)cc3)cc2)cc1-c1ccc(Cl)c(C(F)(F)F)c1,0.38008742,77,2,33,4,0,2,valid
2539,689311182,*CC(O)COC(=O)C1CCC(C(=O)OCC(O)COc2ccc(C(C)(C)c3ccc(O*)cc3)cc2)CC1,0.334916,65,2,29,8,0,2,valid
6094,1652695363,*C(=O)Nc1cccc(NC(=O)c2ccc3c(c2)C(=O)N(c2cc(-c4nc5ccccc5o4)cc(N4C(=O)c5ccc(*)cc5C4=O)c2)C3=O)n1,0.36221433,94,2,36,7,6,6,valid
2643,720344171,*Oc1ccc(NC(=O)c2ccc(C(=O)Nc3ccc(*)cc3)cc2)cc1,0.34491184,45,2,20,3,2,2,valid
1079,292223018,*CCN(*)C(=O)c1c(F)cc(F)cc1F,0.34607139,27,2,9,1,1,1,valid
3467,949159115,*Nc1cccc(-c2ccc(-c3ccccc3)c(-c3ccccc3)c2-c2cccc(C)c2)c1N*,0.36795124,57,2,31,0,2,0,valid
1278,344756877,*CC(*)c1cc[n+](CCCCCCCC)cc1,0.39455232,27,2,15,0,1,0,valid
2934,798438482,*OC1CCC(OC(=O)c2ccc(C(*)=O)cc2)CC1,0.35770119,34,2,14,4,0,2,valid
2496,679270138,*Nc1ccc2c(c1)C1(c3cc(N*)ccc3-2)c2cc(C(C)(C)C)ccc2-c2ccc(C(C)(C)C)cc21,0.401012485,69,2,33,0,2,0,valid
469,131094319,*C=C[Ge](*)(c1ccccc1)c1ccccc1,0.39302909,29,2,14,0,0,1,valid
1041,285781116,*Nc1ccccc1C1(c2cc(CC)ccc2N*)CCCCC1,0.36032585,34,2,20,0,2,0,valid
1436,384892683,*c1cccc(-c2nc3cc(-c4ccc5nc(*)c(-c6ccc7ccccc7c6)nc5c4)ccc3nc2-c2ccc3ccccc3c2)c1,0.42231854,78,2,42,0,4,0,valid
533,148252767,*CC(*)OC(=O)c1ccc([N+](=O)[O-])cc1,0.38294962,34,2,9,4,1,2,valid
2318,633348725,*CC(CS(=O)(=O)CCCCC)O*,0.39727249,22,2,8,3,0,2,valid
7326,1978620404,*CC(*)CCCCCCCCCCCCCCCCCC,0.40805705,24,2,20,0,0,0,valid
6556,1783614985,*CC(*)c1cc(OC)c(OC(C)=O)c(OC)c1,0.34893966,31,2,12,4,0,1,valid
6504,1768246998,*Nc1ccc(-c2c(-c3ccccc3)c(-c3ccccc3)c(N*)c(-c3ccc(C)cc3)c2-c2ccc(C)cc2)cc1,0.3804246,73,2,38,0,2,0,valid
6313,1710724888,*NNC(=O)c1ccc(C(*)=O)cc1OCCCCC,0.34962843,30,2,13,3,2,2,valid
1372,370323439,*Oc1ccc2ccc(Oc3ccc(C(=O)Nc4ccc(Oc5ccc(C(C)(c6ccccc6)c6ccc(Oc7ccc(NC(=O)c8ccc(*)cc8)cc7)cc6)cc5)cc4)cc3)cc2c1,0.36558414,108,2,56,6,2,2,valid
2966,806978622,*CC(*)O[N+](=O)[O-],0.77406593,19,2,2,3,1,1,valid
6529,1777009355,*NC1CCC(CCC2CCC(NC(=O)CCCCCCCCC(*)=O)CC2)CC1,0.36490438,44,2,24,2,2,2,valid
7675,2070663964,*CC(F)(F)C(F)(F)C(F)(F)COC(=O)c1cc(C(=O)O*)cc(C(F)(F)C(F)(F)C(F)(F)C(F)(F)C(F)(F)C(F)(F)C(F)(F)F)c1,0.32423467,99,2,20,4,0,2,valid
2248,610205689,*CC(*)c1ccccc1C(=O)OCC(C)C,0.37502808,26,2,13,2,0,1,valid
3518,961938708,*OC(=O)NC1CCC(CC2CCC(NC(=O)OC3CC4CC(*)CC(C3)O4)CC2)CC1,0.35624612,54,2,23,5,2,2,valid
4536,1221040845,*OP(=O)(Oc1ccc([N+](=O)[O-])cc1)Oc1c(Br)cc(C(c2cc(Br)c(*)c(Br)c2)(C(F)(F)F)C(F)(F)F)cc1Br,0.39706819,89,2,21,6,1,2,valid
2442,667584010,*c1ccc(Oc2ccc(Oc3ccc(N4C(=O)c5ccc(Oc6ccc(Sc7ccc(Oc8ccc9c(c8)C(=O)N(*)C9=O)cc7)cc6)cc5C4=O)cc3)cc2)cc1,0.36605169,101,2,45,8,2,4,valid
4164,1127504526,*CCCOC(=O)NNC(=O)CCCCCCCCC(=O)NNC(=O)O*,0.33190974,39,2,15,6,4,4,valid
5561,1509700944,*c1ccc(Oc2cccc3c(Oc4ccc(N5C(=O)c6ccc(S(=O)(=O)c7ccc8c(c7)C(=O)N(*)C8=O)cc6C5=O)cc4)cccc23)cc1,0.38098412,93,2,38,8,2,6,valid
2277,619459444,*Nc1cc(NC(=O)CCCCC(*)=O)cc(-c2nnc(-c3ccccn3)o2)c1,0.35404898,49,2,19,3,5,2,valid
4551,1225123322,*CC(*)C(=O)OCCCOc1ccc(C(=O)OCCCC(F)(F)C(F)(F)C(F)(F)C(F)(F)C(F)(F)C(F)(F)C(F)(F)C(F)(F)F)cc1,0.33201436,92,2,24,5,0,2,valid
7816,2104822360,*c1ccc(Oc2ccc(-c3nc4cc(Oc5ccc(NC(=O)c6ccc7c(c6)C(=O)N(c6ccc(C(c8ccc(N9C(=O)c%10ccc(C(=O)Nc%11ccc(Oc%12ccc%13nc(-c%14ccccc%14)c(*)nc%13c%12)cc%11)cc%10C9=O)cc8)(C(F)(F)F)C(F)(F)F)cc6)C7=O)cc5)ccc4nc3-c3ccccc3)cc2)cc1,0.38083913,215,2,85,9,8,6,valid
3452,945652954,*CC(*)C(=O)OC(Cl)C(Cl)(Cl)Cl,0.36754584,28,2,5,2,0,1,valid
1427,383183030,*c1cccc(C(F)(F)C(F)(F)C(F)(F)C(F)(F)C(F)(F)c2cccc(N3C(=O)c4ccc(Oc5ccc6c(c5)C(=O)N(*)C6=O)cc4C3=O)c2)c1,0.35203295,102,2,33,5,2,4,valid
2483,676068988,*CCCCCCCCNC(=O)CCCCCCCCC(=O)N*,0.35653288,30,2,18,2,2,2,valid
3066,832948495,*Nc1ccc(-c2cc(-c3ccc(N)cc3)cc(-c3ccc(N*)cc3)c2)cc1,0.348951605,50,2,24,0,3,0,valid
1133,303191070,*N=P(*)(Oc1ccc(-c2ccccc2)cc1)Oc1ccc(-c2ccccc2)cc1,0.36538573,49,2,24,2,1,1,valid
2481,674973559,*C(=O)OC1CC2CC(OC(=O)N3CCN(*)CC3)CC(C1)O2,0.33921521,41,2,14,5,2,2,valid
5273,1432821779,*CCN(CCOC(=O)c1ccc([Si](C)(C)c2ccc(C(=O)O*)cc2)cc1)c1ccc(C=Cc2ccc([N+](=O)[O-])cc2)cc1,0.3656424,86,2,34,6,2,4,valid
5830,1580966726,*Oc1ccc(-c2ccc(OC(=O)c3cccc(C(*)=O)c3)cc2)cc1,0.34552239,45,2,20,4,0,2,valid
4246,1147140569,*c1ccc(Cc2ccc(N3C(=O)c4ccc(Oc5ccc6c(c5)C(=O)N(*)C6=O)cc4C3=O)cc2)cc1,0.37624478,68,2,29,5,2,4,valid
4062,1098493024,*CCCCCCOc1ccc(C(=O)N(C(=O)c2ccc(O*)cc2)c2cc(C)cc(C)c2)cc1,0.37589953,57,2,28,4,1,2,valid
5322,1446956621,*CC(*)C(=O)Oc1ccc(C(C)(C)C)cc1,0.37651726,30,2,13,2,0,1,valid
1513,405636435,*CC(O)COc1ccc(O*)cc1,0.32994295,20,2,9,3,0,0,valid
2132,576207142,*C(=O)Nc1ccc(Cc2ccc(N3C(=O)c4ccc(*)cc4C3=O)cc2)cc1,0.35705225,50,2,22,3,2,3,valid
2650,721925849,*Nc1cc2ccccc2c(C(N*)(c2ccccc2)c2ccccc2)c1N,0.36049549,42,2,23,0,3,0,valid
2771,753199362,*CC(F)(F)C(F)(F)C(F)(F)COC(=O)c1cccc(C(F)(F)C(F)(F)C(F)(F)C(F)(F)C(F)(F)c2cccc(C(=O)O*)c2)c1,0.33541643,92,2,24,4,0,2,valid
2426,664173456,*CC(*)(C)C(=O)OCC(=O)Nc1cc(C)on1,0.3312576,32,2,10,4,2,2,valid
1216,325850735,*Nc1ccc(-c2ccc(N*)cc2Cc2ccccc2)c(Cc2ccccc2)c1,0.34802156,45,2,26,0,2,0,valid
6646,1805818890,*Nc1ccc(C(=O)c2ccc(NC(=O)c3cccc(C(*)=O)c3)cc2)cc1,0.34499015,49,2,21,3,2,3,valid
7910,2129403327,*Nc1ccc(C(Cc2ccccc2)c2ccc(N*)c(C)c2C)c(C)c1C,0.36251454,44,2,24,0,2,0,valid
4770,1289234945,*CC(*)C(=O)OCCCCCCCOC(=O)c1ccc(OC(=O)c2ccc(C#N)cc2)cc1,0.35313837,54,2,25,6,1,3,valid
2961,804322446,*c1cc(CC(=O)OCCCCCCOc2ccc(N=Nc3ccc(C#N)cc3)cc2)c(*)s1,0.37372874,53,2,25,3,3,2,valid
85,22928574,*O[Sn](CCCC)(CCCC)OC(=O)/C=C/C(*)=O,0.35027613,35,2,12,4,0,3,valid
3274,895257711,*CCCCCCCCCc1nc2ccc(-c3ccc4nc(*)oc4c3)cc2o1,0.38117284,42,2,23,2,2,0,valid
5451,1479577775,*Oc1ccc(N=Cc2ccc(N(c3ccccc3)c3ccc(C=Nc4ccc(*)cc4)cc3)cc2)cc1,0.39892551,60,2,32,1,3,2,valid
1508,404307501,*CCCCCCCCC(=O)N*,0.36229346,16,2,9,1,1,1,valid
6946,1878660713,*C(=O)c1ccc2c(c1)C(=O)N(c1ccc(Oc3ccc(N4C(=O)c5ccc(*)cc5C4=O)cc3-c3cc(F)c(F)c(F)c3)c(-c3cc(F)c(F)c(F)c3)c1)C2=O,0.38343995,110,2,41,6,2,5,valid
983,268533943,*O[Si](*)(C)c1c(F)c(F)c(F)c(F)c1F,0.35719446,33,2,7,1,0,0,valid
4346,1170403788,*c1ccc(OCCOCCOCCOc2cccc(N3C(=O)c4ccc(Oc5ccc6c(c5)C(=O)N(*)C6=O)cc4C3=O)c2)cc1,0.33992834,77,2,34,9,2,4,valid
6201,1681905956,*Nc1ccc2cc3ccc4cccc5ccc(c2c1N*)c3c45,0.33707635,36,2,20,0,2,0,valid
7619,2057806483,*CC(=O)O*,0.29139366,9,2,2,2,0,1,valid
3348,916461490,*CCCOc1ccc(-c2ccc(O*)c3ccccc23)c2ccccc12,0.36210647,40,2,23,2,0,0,valid
3831,1038723100,*Nc1cc2cc3cc(C)c(N*)cc3cc2cc1C,0.353293,30,2,16,0,2,0,valid
6144,1668799995,*Cc1ccc2oc(=O)c(C(=O)Nc3ccc(Oc4ccc(Oc5ccc(NC(=O)c6cc7cc(*)ccc7oc6=O)cc5)cc4)cc3)cc2c1,0.34606436,85,2,39,8,2,4,valid
2894,787533936,*c1ccc2c(c1)C(=O)N(c1ccc(Oc3c(C)cc(Cc4cc(C)c(Oc5ccc(N6C(=O)c7ccc(C(*)(C(F)(F)F)C(F)(F)F)cc7C6=O)cc5)c(C)c4)cc3C)cc1)C2=O,0.39072114,120,2,48,6,2,4,valid
7807,2103456476,*CC(*)c1ccc(CCCCCCCCC)cc1,0.39955076,25,2,17,0,0,0,valid
2976,810134797,*c1cc(OCCCCCCCCCCCC)cc(N2C(=O)c3ccc(Oc4ccc5c(c4)C(=O)N(*)C5=O)cc3C2=O)c1,0.3689144,72,2,34,6,2,4,valid
5961,1618024485,*CC(CO*)(CSC(C)C)CSC(C)C,0.41655745,24,2,11,1,0,0,valid
3991,1080185947,*CCC1CC(*)C2C3CCC(C3)C12,0.38101564,24,2,12,0,0,0,valid
420,115627985,*Nc1ccc(C2(c3ccc(N*)cc3)CCC[C@@H](CCCCCCCCCCCCCCC)C2)cc1,0.36007197,56,2,33,0,2,0,valid
2180,591131573,*Nc1cccc(N*)c1,0.3236545,14,2,6,0,2,0,valid
5002,1356849537,*c1ccc(N(c2ccc(N(C)C)cc2)c2ccc(N3C(=O)c4ccc(S(=O)(=O)c5ccc6c(c5)C(=O)N(*)C6=O)cc4C3=O)cc2)cc1,0.417039,93,2,36,6,4,6,valid
6885,1864783652,*c1ccc(Oc2ccc(C(=O)c3ccc(Oc4ccc(C(=O)c5ccc(Oc6ccc(-c7cc(*)n(-c8ccccc8)n7)cc6)cc5)cc4)cc3)cc2)cc1,0.3855566,96,2,47,5,2,2,valid
6955,1881628793,*CC(*)C(=O)Oc1ccccc1C(=O)OC,0.33186429,27,2,11,4,0,2,valid
4545,1223535676,*Nc1ccccc1CC(c1ccccc1N)(c1ccccc1N)c1ccccc1N*,0.34821531,44,2,26,0,4,0,valid
1842,497317849,*CC#CC#CCOc1ccc(C(=O)OCCN(CCOC(=O)c2ccc(O*)cc2)c2ccc([N+](=O)[O-])cc2)cc1,0.35625446,73,2,30,8,2,3,valid
1275,343928203,*c1ccc([Si](c2ccccc2)(c2ccccc2)c2ccc(-c3nnc(*)o3)cc2)cc1,0.44572292,56,2,26,1,2,0,valid
4154,1123733382,*c1cccc(S(=O)(=O)NCCNS(*)(=O)=O)c1,0.32570227,34,2,8,4,2,4,valid
3947,1069092654,*C[Ge](C)(C)Cc1cocc1*,0.3589821,21,2,8,1,0,0,valid
7754,2090672547,*C(=O)c1ccc2c(c1)C(=O)N(c1cccc(Oc3cccc(Oc4cccc(N5C(=O)c6ccc(*)cc6C5=O)c4)c3)c1)C2=O,0.35973284,83,2,35,7,2,5,valid
3341,915365516,*Nc1ccc2c(c1)[C@H]1c3ccccc3[C@@H]2c2ccc(N*)cc21,0.37877881,47,2,20,0,2,0,valid
2273,618105578,*c1cc(CC(=O)OCCN(CC)c2ccc(N=Nc3ccc([N+](=O)[O-])cc3)cc2)c(*)s1,0.37112026,62,2,22,4,4,3,valid
7904,2127806896,*CCCCCCCCCCCCCCNC(=O)NCc1ccc(CNC(=O)N*)cc1,0.35745185,42,2,24,2,4,2,valid
6917,1871505743,*C(=O)OCCN(CCOC(=O)c1ccc2c(c1)C(=O)N(c1ccc(N=Nc3ccc(C(C#N)=C(C#N)C#N)cc3)c(N3C(=O)c4ccc(*)cc4C3=O)c1)C2=O)c1ccc(C(C#N)=C(C#N)C#N)cc1,0.36727055,132,2,50,8,11,9,valid
2691,732208665,*c1ccc2nc(-c3ccc4c(c3)C(=O)N(c3cc(C(*)(C(F)(F)F)C(F)(F)F)ccc3O)C4=O)oc2c1,0.39736804,73,2,24,4,2,2,valid
7829,2108373019,*CC(*)C(=O)OCCCCCCCCCCOC(=O)c1ccc(OC(=O)c2ccc(C#N)cc2)cc1,0.35628363,57,2,28,6,1,3,valid
1539,412332648,*c1nnc(-c2cc(CCCCCCCC)c(-c3ccc(-c4sc(-c5nnc(-c6cc(OCCCCCCCC)c(*)cc6OCCCCCCCC)o5)cc4CCCCCCCC)s3)s2)o1,0.41155198,100,2,54,4,4,0,valid
361,101355121,*Nc1ccc2c(c1)[C@@H]1c3ccc(N)cc3[C@H]2c2cc(N*)ccc21,0.38382631,50,2,20,0,3,0,valid
1858,503535995,*c1ccc(Oc2ccc(C3(c4ccc(Oc5ccc(N6C(=O)c7ccc(Oc8c(C)cc(C(C)(C)c9cc(C)c(Oc%10ccc%11c(c%10)C(=O)N(*)C%11=O)c(C)c9)cc8C)cc7C6=O)cc5)cc4)CC4CC3C3CCCC43)cc2)cc1,0.39469659,153,2,69,8,2,4,valid
4193,1134375146,*Nc1cc(N*)c2c(=O)[nH]c3c(N)cc(N)c4c(=O)[nH]c1c2c34,0.33153693,50,2,14,2,6,2,valid
7285,1967596895,*Nc1c(CCCC)cc(C2(c3cc(CCCC)c(N*)c(CCCC)c3)c3ccccc3-c3ccccc32)cc1CCCC,0.39180486,68,2,41,0,2,0,valid
2345,639559230,*Oc1ccc(NC(=O)c2cccc(C(=O)Nc3ccc(Oc4ccc(C(=O)c5ccc(*)cc5)cc4)cc3)c2)cc1,0.3548653,71,2,33,5,2,3,valid
2511,681382026,*CC(c1ccccc1)C1C(=O)N(CCCOc2ccc(-c3ccc(C#N)cc3)cc2)C(=O)C1*,0.3562068,59,2,28,3,2,2,valid
1921,516348325,*C(=O)Nc1c(C)cc(Cc2cc(C)c(NC(=O)c3ccc4c(c3)C(=O)N(c3ccc(N=Nc5ccc(F)cc5)c(N5C(=O)c6ccc(*)cc6C5=O)c3)C4=O)c(C)c2)cc1C,0.37338433,115,2,47,6,6,7,valid
299,84553861,*CC(*)[Si](C)(C)C,0.41330473,17,2,5,0,0,0,valid
7018,1896402362,*Nc1cccc(C2(c3cccc(N*)c3)c3cccc(N)c3-c3c(N)cccc32)c1,0.36736588,52,2,25,0,4,0,valid
2322,634005101,*OC(=O)c1cccc(C(*)=O)c1,0.31383194,23,2,8,3,0,2,valid
5411,1469897580,*CC(*)(C)C(=O)OCCCCCCOc1ccc(N=Nc2ccc(C#N)cc2)cc1,0.36995915,48,2,23,3,3,2,valid
1017,278926278,*Oc1ccc(C2(c3ccc(OC(=O)c4ccc(C(*)=O)cc4)cc3)CCC3CCCCC3C2)cc1,0.37490919,60,2,30,4,0,2,valid
4226,1143081598,*O[Si](*)(C)CCCOCC1COC(=O)O1,0.34240927,28,2,8,5,0,1,valid
2309,628680153,*CC(*)(C)C(=O)OCCCCCCC(F)(F)C(F)(F)C(F)(F)C(F)(F)F,0.36048254,50,2,14,2,0,1,valid
4778,1291515166,*CC(*)OC(=O)C1(F)C(F)(F)C(F)(F)C(F)(F)C(F)(F)C1(F)F,0.33243377,51,2,9,2,0,1,valid
2191,593654363,*Nc1ccc(NC(=O)CCCCCCCC(*)=O)cc1,0.34227902,31,2,15,2,2,2,valid
2093,564164424,*C(=O)Oc1ccc(OC(=O)c2ccc3c(c2)C(=O)N(c2ccc(Oc4ccc(N5C(=O)c6ccc(*)cc6C5=O)cc4)cc2)C3=O)cc1,0.351749,89,2,36,9,2,6,valid
1809,486162047,*Oc1ccc(C(C)(c2ccccc2)c2ccc(OC(*)=S)cc2)cc1,0.36499297,43,2,21,2,0,1,valid
4985,1349614436,*c1ccc2c(c1)C(=O)N(c1ccc(C(=O)Nc3ccc(Oc4ccccc4Oc4ccc(NC(=O)c5ccc(N6C(=O)c7ccc(C(*)(C(F)(F)F)C(F)(F)F)cc7C6=O)cc5)cc4)cc3)cc1)C2=O,0.35589538,129,2,51,8,4,6,valid
5369,1457793219,*CC(CCCCCCOc1ccc(N=Nc2ccc(C(F)(F)F)cc2)cc1)COC(=O)CCCCC(=O)O*,0.35608461,61,2,28,5,2,3,valid
6978,1887729559,*OC(=O)C1CCC(C(=O)OC2COC3C(*)COC23)CC1,0.3404303,38,2,14,6,0,2,valid
5255,1426845091,*Oc1ccc(N=C(C)c2ccc(Oc3ccc(C(c4ccccc4)(c4ccccc4)c4ccc(Oc5ccc(C(C)=Nc6ccc(*)cc6)cc5)cc4)cc3)cc2)cc1,0.38825618,98,2,53,3,2,2,valid
4750,1283259076,*CC(*)c1ccc(CCCCCCCC)cc1,0.40676664,24,2,16,0,0,0,valid
5225,1417827855,*C(=O)Nc1ccc(Oc2ccc(C3(c4ccc(Oc5ccc(NC(=O)c6ccc7c(c6)C(=O)N(c6ccc(N8C(=O)c9ccc(*)cc9C8=O)cc6)C7=O)cc5)cc4)NC(=O)c4ccccc43)cc2)cc1,0.36551103,129,2,56,9,5,7,valid
257,73437424,*c1ccc(Sc2ccc(S(*)(=O)=O)cc2)cc1,0.38393848,32,2,11,2,0,2,valid
815,228510296,*CCN(CCOC(=O)NCC1(C)CC(NC(=O)O*)CC(C)(C)C1)c1ccc(N=Nc2ccc(B(c3c(C)cc(C)cc3C)c3c(C)cc(C)cc3C)cc2)cc1,0.34069727,99,2,46,4,5,3,valid
7131,1926938420,*CC(O)CN(*)c1ccccc1,0.36123033,19,2,9,1,1,0,valid
1301,351941026,*c1ccc2c(c1)C(=O)N(c1cccc(C(F)(F)C(F)(F)C(F)(F)c3cccc(N4C(=O)c5ccc(C(F)(F)C(F)(F)C(F)(F)C(F)(F)C(F)(F)C(F)(F)C(*)(F)F)cc5C4=O)c3)c1)C2=O,0.34489828,136,2,38,4,2,4,valid
6269,1700596879,*c1c(C)cc(-c2cc(C)c(N3C(=O)c4cccc(Oc5c(C)cc(Cc6cc(C)c(Oc7cccc8c7C(=O)N(*)C8=O)c(C)c6)cc5C)c4C3=O)c(C)c2)cc1C,0.39281003,108,2,49,6,2,4,valid
6528,1776629260,*O[Si](C)(C)COC(=O)CCCCCCCCC(=O)Oc1ccc(S(=O)(=O)c2ccc(Oc3ccc(C=C4CCCCC(=Cc5ccc(Oc6ccc(S(=O)(=O)c7ccc(OC(=O)CCCCCCCCC(=O)OC[Si](*)(C)C)cc7)cc6)cc5)C4=O)cc3)cc2)cc1,0.36733579,162,2,71,16,0,11,valid
6298,1706521131,*Oc1ccc(C(C)(C)c2ccc(OC(=O)c3cccc(C(*)=O)c3)c(C)c2)cc1C,0.37521013,55,2,25,4,0,2,valid
7556,2041026757,*c1cc(CCCC)c(*)s1,0.4491673,17,2,8,0,0,0,valid
3122,846108255,*Oc1ccc(Oc2ccc(C(=O)c3ccc(NC(=O)CCCCCCCCC(=O)Nc4ccc(C(=O)c5ccc(*)cc5)cc4)cc3)cc2)cc1,0.35538717,84,2,42,6,2,4,valid
952,260773607,*c1ccc2c(c1)C(=O)N(c1ccc(Oc3ccc(-c4ccc(Oc5ccc(N6C(=O)c7ccc(C(*)(C(F)(F)F)C(F)(F)F)cc7C6=O)cc5)cc4)cc3)cc1)C2=O,0.37808348,110,2,43,6,2,4,valid
4846,1311388075,*C(=O)c1ccc2c(c1)C(=O)N(c1ccc(C(=O)Nc3ccc(N4C(=O)c5ccc(*)cc5C4=O)cc3)cc1)C2=O,0.36650764,77,2,30,6,3,6,valid
6305,1706990929,*Nc1ccc(CCC(CCc2ccc(N)cc2)CCc2ccc(N*)cc2)cc1,0.34748423,44,2,25,0,3,0,valid
5707,1549041363,*c1c(C)cc(-c2cc(C)c(N3C(=O)c4cccc(Oc5c(C)cc(-c6cc(C)c(Oc7cccc8c7C(=O)N(*)C8=O)c(C)c6)cc5C)c4C3=O)c(C)c2)cc1C,0.39657814,108,2,48,6,2,4,valid
2884,784363756,*c1ccc(Oc2ccc(C(=O)c3ccc(C(=O)c4ccc(Oc5ccc(-c6cc(*)n(-c7ccccc7)n6)cc5)cc4)cc3)cc2)cc1,0.38790383,85,2,41,4,2,2,valid
6486,1760524706,*c1sc(*)c(CCCCCCN(CC)c2ccc(N=Nc3ccc([N+](=O)[O-])cc3)cc2)c1CCCCCC,0.38480348,65,2,30,2,4,2,valid
3306,904791008,*CCCCCCCCCCCCCCC(=O)O*,0.38218205,22,2,15,2,0,1,valid
129,38112797,*Nc1cc(C2CCCCC2)c2ccc3c(N*)c(-c4ccccc4)c(C4CCCCC4)c4c(-c5ccccc5)cc1c2c34,0.39389056,72,2,40,0,2,0,valid
723,202074426,*Oc1ccc(Oc2ccc(S(=O)c3ccc(Oc4ccc(Oc5cccc(*)n5)cc4)cc3)cc2)cc1,0.35458448,61,2,29,5,1,1,valid
3,519416,*Nc1ccc(-c2c(-c3ccc(C)cc3)c(-c3ccc(C)cc3)c(N*)c(-c3ccc(C)cc3)c2-c2ccc(C)cc2)cc1,0.3873239,79,2,40,0,2,0,valid
4705,1266997255,*CCOC(=O)c1ccccc1C(=O)O*,0.3271084,24,2,10,4,0,2,valid
6627,1799759378,*CCCCCCS(=O)(=O)c1ccc(N=Nc2ccc(N(C)CCCCCC(=O)O*)cc2)cc1,0.37402313,55,2,25,4,3,4,valid
522,144839830,*Oc1ccc(OC(=O)c2ccc(-c3ccc(C(*)=O)cc3)cc2-c2ccccc2)cc1-c1ccccc1,0.36302483,63,2,32,4,0,2,valid
5,950661,*OC(=O)CCCCCCCCC(=O)OC1COC2C(*)COC12,0.33909279,36,2,16,6,0,2,valid
6058,1642318561,*Nc1ccc(C(C)C)c(-c2cccc(-c3cc(N*)ccc3C(C)C)c2)c1,0.3756884,48,2,24,0,2,0,valid
1038,285241910,*CC(*)(C)C(=O)OCCN(C)c1ccc(N=Nc2ccc(N=Nc3ccc(C#N)cc3)cc2C)cc1,0.38137962,61,2,27,2,6,3,valid
2932,798215988,*c1ccc(C(=O)Nc2cccc(Oc3ccc(S(=O)(=O)c4ccc(Oc5cccc(NC(=O)c6ccc(N7C(=O)c8ccc(-c9ccc%10c(c9)C(=O)N(*)C%10=O)cc8C7=O)cc6)c5)cc4)cc3)c2)cc1,0.35874825,134,2,54,10,4,8,valid
4886,1323119594,*OC(=O)C(C)NC(=O)CCCCCC(=O)NC(C)C(=O)OC1COC2C(*)COC12,0.32870245,53,2,19,8,2,4,valid
1214,324919224,*CCCS(=O)(=O)CCCCS(=O)(=O)CCCOC(=O)O*,0.3533756,37,2,11,7,0,5,valid
2927,796744400,*Oc1cccc(OC(=O)c2cc(OCCCCC)cc(C(*)=O)c2)c1,0.35370683,42,2,19,5,0,2,valid
278,80116442,*CCOC(=O)CCCCCCCCC(=O)OCCOC(=O)c1ccc(C(=O)O*)cc1,0.34043284,48,2,22,8,0,4,valid
6925,1873242473,*CC(*)(C)C(=O)OCCCCCCOc1ccc(C(=O)Oc2ccc(N=Nc3ccc(F)cc3)c3ccccc23)cc1,0.35605621,68,2,33,5,2,3,valid
1323,357543937,*c1ccc(N2C(=O)c3ccc(Oc4ccc(Oc5ccc(P(=O)(c6ccccc6)c6ccc(Oc7ccc(Oc8ccc9c(c8)C(=O)N(*)C9=O)cc7)cc6)cc5)cc4)cc3C2=O)cc1,0.37803621,115,2,52,9,2,5,valid
3245,885496474,*CC(*)(C)C(=O)OCCN(CC)c1ccc([N+](=O)[O-])cc1,0.35415635,44,2,14,4,2,2,valid
4216,1140956631,*CCCCCCN1C(=O)C(C)C(SCCOCCSC2C(=O)N(CCCCCCN3C(=O)CC(C)(SCCOCCSC4(C)CC(=O)N(*)C4=O)C3=O)C(=O)C2C)C1=O,0.34774274,100,2,40,10,4,8,valid
7279,1965969714,*Oc1ccc(CC(NC(=O)CCc2ccc(OC(=O)CC(C)CCC(*)=O)cc2)C(=O)OCCCC)cc1,0.3483824,63,2,29,7,1,4,valid
2713,738034100,*Nc1cccc(NC(=O)CCCCC(=O)Nc2cccc(NC(=S)NC(=O)CCCCCCCCC(=O)NC(*)=S)c2)c1,0.34083376,70,2,30,4,6,6,valid
3978,1077387611,*CN1C(=O)c2ccc(C(c3ccc4c(c3)C(=O)N(Cc3nnc(-c5ccc(Oc6ccc(-c7nnc(*)o7)cc6)cc5)o3)C4=O)(C(F)(F)F)C(F)(F)F)cc2C1=O,0.36777032,110,2,37,7,6,4,valid
3866,1048411136,*Oc1c(C)cc(*)cc1C(C)CCC,0.42324434,23,2,12,1,0,0,valid
2897,789071222,*CC(*)c1ccccc1C(=O)Nc1ccccc1,0.35753244,28,2,15,1,1,1,valid
6372,1726144568,*Oc1ccc(Oc2ccc(C(=Nc3ccc(Oc4ccc(N=C(c5ccccc5)c5ccc(*)cc5)cc4)cc3)c3ccccc3)cc2)cc1,0.38246465,81,2,44,3,2,2,valid
1843,497633362,*Oc1ccc(OC(=O)c2ccc(C(*)=O)cc2)cc1-c1cccc(C(F)(F)F)c1,0.35258781,53,2,21,4,0,2,valid
7688,2073349658,*c1ccc(OCCCCCCCCCCCOC(=O)c2cccc(C(=O)OCCCCCCCCCCCOc3ccc(-c4nnc(*)s4)cc3)c2)cc1,0.36776086,78,2,44,6,2,2,valid
2629,714806677,*C(=O)c1ccc2c(c1)C(=O)N(c1cc(Oc3c(C)cc(-c4cc(C)c(Oc5cc(N6C(=O)c7ccc(*)cc7C6=O)cc(C(F)(F)F)c5)c(C)c4)cc3C)cc(C(F)(F)F)c1)C2=O,0.38618508,124,2,47,7,2,5,valid
3063,832267594,*C1C(=O)N(c2ccc(O[Si](C)(C)C)cc2)C(=O)C1*,0.43916684,41,2,13,3,1,2,valid
6985,1888669156,*Nc1ccc(-c2c3ccccc3c(-c3cccc(N*)c3)c3ccccc23)cc1,0.36094997,48,2,26,0,2,0,valid
1504,402626556,*Nc1ccc2c(c1)C1(c3cc(C)ccc3-2)c2cc(C)ccc2-c2ccc(N*)cc21,0.38936549,55,2,27,0,2,0,valid
3897,1056941097,*CCOCCOCCOc1cccc(NC(=O)c2ccc(C(=O)Nc3cccc(O*)c3)cc2)c1,0.33695594,54,2,26,6,2,2,valid
4300,1158220592,*CC(=O)C(*)c1ccc(C(C)(C)C)cc1,0.38642464,29,2,13,1,0,1,valid
7398,2000390968,*CC(*)(C)C(=O)OC1CCC1,0.36717327,21,2,8,2,0,1,valid
2673,727880096,*Nc1c(-c2cccc3ccccc23)ccc(-c2cccc3ccccc23)c1N*,0.35630163,46,2,26,0,2,0,valid
2253,611092350,*Nc1ccc2c(c1N*)C(C)(C)C(C)(C)C2(C)C,0.36414557,35,2,15,0,2,0,valid
3974,1076285178,*CCCCCCCCCC(=O)N*,0.36456285,17,2,10,1,1,1,valid
2020,544581036,*C(C#N)=Cc1cc(OCCCCCCCCCC)c(C=C(C#N)c2cc(OCCCCCCCCCC)c(*)cc2OC)cc1OC,0.39346704,68,2,40,4,2,2,valid
6128,1662846692,*c1ccc2c(c1)C(=O)N(c1ccc(C(c3ccc(C)c(N4C(=O)c5ccc(C(*)(C(F)(F)F)C(F)(F)F)cc5C4=O)c3)(C(F)(F)F)C(F)(F)F)cc1C)C2=O,0.39438371,112,2,36,4,2,4,valid
3095,840194928,*CCCCCCCCCCC(c1ccc(O)cc1)C(*)c1ccc(O)cc1C,0.37504022,41,2,25,2,0,0,valid
6387,1730293187,*CC(*)(C)C(=O)OCc1ccc2c(c1)c1ccccc1n2CCCCCCCC,0.36745632,45,2,25,2,1,1,valid
7411,2003333074,*CCCCCCCCCCNC(=O)CCCCCCCCCCCCCCCCC(=O)N*,0.37842036,40,2,28,2,2,2,valid
2796,760753809,*CCc1cc(C)c(*)cc1C,0.39678497,18,2,10,0,0,0,valid
4523,1217713342,*C(=O)c1ccc2c(c1)C(=O)N(c1ccc(C3(c4ccc(N5C(=O)c6ccc(*)cc6C5=O)cc4)c4ccccc4-c4ccccc43)cc1)C2=O,0.42161644,93,2,42,5,2,5,valid
5333,1449481867,*CC(*)C(=O)OCCc1ccccc1,0.35483589,22,2,11,2,0,1,valid
1714,462826166,*c1ccc(C(=O)OCCCCCCCCCCCCOC(=O)c2ccc(-c3nnc(*)s3)cc2)cc1,0.36737797,56,2,28,4,2,2,valid
4748,1282744521,*Nc1ccc(CC2=CC[C@H](Cc3ccc(N*)cc3)C=C2)cc1,0.34680076,42,2,20,0,2,2,valid
2449,668903098,*C1CCC(CC2CCC(N3C(=O)c4ccc(Oc5ccc6c(c5)C(=O)N(*)C6=O)cc4C3=O)C(C)C2)CC1C,0.37632492,72,2,31,5,2,4,valid
1332,359769379,*CCCCCCCCCCOC(=O)c1ccccc1C(=O)O*,0.35843646,32,2,18,4,0,2,valid
7189,1942247562,*c1ccc2c(c1)C(=O)N(c1c(CC)cc(Cc3cc(CC)c(N4C(=O)c5ccc(C(*)(C(F)(F)F)C(F)(F)F)cc5C4=O)c(CC)c3)cc1CC)C2=O,0.41266288,102,2,40,4,2,4,valid
265,75381552,*c1ccc(Oc2ccc(N3C(=O)c4cc(-c5ccc(C(C)(C)C)cc5)c(-c5cc6c(cc5-c5ccc(C(C)(C)C)cc5)C(=O)N(*)C6=O)cc4C3=O)cc2)cc1,0.40978294,108,2,48,5,2,4,valid
74,19303052,*CC(*)(C)C(=O)OCc1cc(Cl)ccc1Cl,0.36119278,30,2,11,2,0,1,valid
1840,496873266,*C(=O)OCCN(CCOC(=O)c1ccc2c(c1)C(=O)N(c1ccc(N=Nc3ccccc3)c(N3C(=O)c4ccc(*)cc4C3=O)c1)C2=O)c1ccccc1,0.35725453,96,2,40,8,5,7,valid
3714,1007994898,*C(=O)c1ccc2c(c1)C(=O)N(c1c(C)cc(-c3cc(C)c(N4C(=O)c5ccc(*)cc5C4=O)c(C)c3)cc1C)C2=O,0.41642982,82,2,33,5,2,5,valid
4061,1098458595,*Nc1cc(NC(=O)c2cc(OCCCS(=O)(=O)c3ccc(N=Nc4ccc(N(C)C)cc4)cc3)cc(C(*)=O)c2)cc(C(=O)OCCCN(C)c2ccc(N=Nc3ccc(S(C)(=O)=O)cc3)cc2)c1,0.36246198,125,2,49,9,8,9,valid
5231,1420611006,*CCCC1(C)CCN(C(=O)CCCC(=O)N2CCC(*)(C)CC2)CC1,0.3501927,44,2,20,2,2,2,valid
138,41386383,*CCCCCC(*)CCCCCC,0.40628619,16,2,12,0,0,0,valid
6068,1646241575,*CC(F)(F)C(F)(F)C(F)(F)COC(=O)c1cc(OCCCCC)cc(C(=O)O*)c1,0.34110244,55,2,18,5,0,2,valid
1486,398441562,*Sc1ccc(Sc2ccc(Sc3ccc(P(=O)(c4ccccc4)c4ccc(*)cc4)cc3)cc2)cc1,0.39970198,60,2,27,1,0,1,valid
2254,611474327,*CC(*)c1cc(C(F)(F)F)ccc1C(F)(F)F,0.37028401,32,2,10,0,0,0,valid
7190,1942353441,*C(=O)c1ccc2c(c1)C(=O)N(c1ccc(-c3cc(C(C)(C)C)c(Oc4ccc(N5C(=O)c6ccc(*)cc6C5=O)cc4C(F)(F)F)c(C(C)(C)C)c3)cc1)C2=O,0.41039262,111,2,44,6,2,5,valid
7631,2061363511,*O[Si](C)(C)c1ccc(-c2ccc([Si](*)(C)C)cc2)cc1,0.40778557,44,2,16,1,0,0,valid
2361,642639550,*c1nc(C)nc(N(CCCCN(*)c2ccccc2)c2ccccc2)n1,0.39040149,41,2,20,0,5,0,valid
5173,1401699288,*OC1C(C)(C)C(OC(=O)c2ccc(C(*)=O)cc2)C1(C)C,0.37886333,42,2,16,4,0,2,valid
6512,1770973625,*Oc1ccc(C(c2ccc(Oc3ccc(C(=O)Nc4ccc(-c5ccc(NC(=O)c6ccc(*)cc6)cc5C(F)(F)F)c(C(F)(F)F)c4)cc3)cc2)(C(F)(F)F)C(F)(F)F)cc1,0.36219263,116,2,43,4,2,2,valid
7520,2032438783,*Nc1ccc2c(c1)[C@@]1(c3ccccc3-2)c2ccccc2-c2cccc(-c3ccccc3N*)c21,0.3737942,62,2,31,0,2,0,valid
3488,952898097,*CC(=O)Nc1cccc(NC(=O)COc2ccc3ccccc3c2Sc2c(O*)ccc3ccccc23)c1,0.33988537,59,2,29,4,2,2,valid
6904,1869493071,*c1ccc(Oc2ccc(-c3c4ccccc4c(-c4ccc(Oc5ccc(-c6c7c(c(*)c8ccccc68)C(=O)N(c6ccccc6)C7=O)cc5)c(C(F)(F)F)c4)c4ccccc34)cc2C(F)(F)F)cc1,0.3887442,126,2,58,4,1,2,valid
3779,1026017017,*CC(*)C(=O)Oc1ccc(N=Nc2ccc([N+](=O)[O-])cc2)cc1,0.3750338,47,2,15,4,3,3,valid
7099,1917866361,*c1ccc(Nc2ccc(C(c3ccc(Nc4ccc(S(*)(=O)=O)cc4)cc3)(C(F)(F)F)C(F)(F)F)cc2)cc1,0.39098411,74,2,27,2,2,2,valid
6649,1806255411,*CCCCCCCCOc1ccc(C=C2CCC(=Cc3ccc(OCCCCCCCCOP(=O)(O*)OC)c(OC)c3)C2=O)cc1OC,0.36012749,72,2,38,9,0,4,valid
3160,859360973,*Nc1ccc(-c2cccc(-c3cccc(-c4ccc(N*)cc4)c3)c2)cc1,0.34516599,47,2,24,0,2,0,valid
1037,285133703,*Nc1ccc2c(c1)[C@H]1c3cc(N*)ccc3[C@@H]2c2c(N)cccc21,0.38618396,50,2,20,0,3,0,valid
1888,508597876,*Oc1ccc(Oc2ccc(C(=O)c3ccccc3-c3ccccc3C(=O)c3ccc(*)cc3)cc2)cc1,0.37522129,61,2,32,4,0,2,valid
5808,1576291879,*c1ccc(C(=O)OCCCCCCCCCCOC(=O)c2ccc(-c3nnc(*)s3)cc2)cc1,0.36609452,54,2,26,4,2,2,valid
5813,1577441045,*CC(*)(C)C(=O)OC1CCCCCCC1,0.36870383,25,2,12,2,0,1,valid
5630,1527133418,*Oc1ccc(NC(=O)CCCCC(=O)Nc2ccc(*)cc2)cc1,0.3339539,39,2,18,3,2,2,valid
6160,1671251574,*C(=O)Nc1cccc(NC(=O)c2ccc3c(c2)C(=O)N(c2cccc(P(=O)(c4ccccc4)c4cccc(N5C(=O)c6ccc(*)cc6C5=O)c4)c2)C3=O)n1,0.35663308,103,2,41,7,5,7,valid
5219,1417031371,*CC(*)c1cc(Br)ccc1OC(C)C,0.4237647,24,2,11,1,0,0,valid
407,111708400,*CCC(C)(C)CC(C)COC(=O)CCCCC(=O)O*,0.34655026,33,2,15,4,0,2,valid
3718,1010071702,*Nc1ccc(-c2ccc(N*)cc2CCCCCCc2cc(N)ccc2-c2ccc(N)cc2)cc1,0.34872521,54,2,30,0,4,0,valid
2413,660515467,*c1ccc2c(c1)C(=O)N(c1ccc(Cc3ccc(N4C(=O)c5ccc(C(*)(C(F)(F)F)C(F)(F)F)cc5C4=O)c(C(C)(C)C)c3)cc1C(C)(C)C)C2=O,0.41254221,106,2,40,4,2,4,valid
4650,1252756161,*SCC(=O)NN=Cc1ccc(OCCCCCCCCCCOc2ccc(C=NNC(=O)CSc3nnc(*)s3)cc2)cc1,0.36696758,65,2,29,4,6,4,valid
5161,1397532955,*CC(F)(F)C1(F)CC(CC(O)(C(F)(F)F)C(F)(F)F)CC1*,0.32389296,45,2,11,1,0,0,valid
585,162025525,*Oc1ccc(C(C)(C)c2ccc(Oc3ccc(*)nn3)cc2)cc1,0.36876206,41,2,19,2,2,0,valid
5453,1480032186,*Nc1ccc(C2(c3ccc(N*)cc3CC)c3ccccc3-c3ccccc32)c(CC)c1,0.37129273,52,2,29,0,2,0,valid
62,16364869,*c1ccc2c(c1)C(=O)N(c1cc(N3C(=O)c4ccc(C(*)(C(F)(F)F)C(F)(F)F)cc4C3=O)cc(C(F)(F)F)c1)C2=O,0.39841654,87,2,26,4,2,4,valid
714,200483739,*c1cccc(OCCCCCCCCCCOc2cccc(N3C(=O)c4ccc(-c5ccc6c(c5)C(=O)N(*)C6=O)cc4C3=O)c2)c1,0.35053912,79,2,38,6,2,4,valid
343,95579704,*Nc1cc(C(c2ccccc2)([C@@H]2C[C@@H](C)CC[C@H]2C(C)C)[C@@H]2C[C@@H](C)CC[C@H]2C(C)C)c(CC)c(CC)c1N*,0.3914683,95,2,37,0,2,0,valid
3126,846662171,*CCCCCCCCN1C(=O)c2ccc(-c3ccc(-c4ccc5c(c4)C(=O)N(*)C5=O)cc3)cc2C1=O,0.34909907,66,2,30,4,2,4,valid
6580,1789314864,*O[Si](*)(CCCOCCOCCOCCOCCOCCOCCOC)CCCOCCOCCOCCOCCOCCOCCOC,0.36320309,57,2,32,15,0,0,valid
1462,392908557,*CCCCCCOc1ccc(N(c2ccccc2)c2ccc(-c3ccc(N(c4ccccc4)c4ccc(O*)cc4)cc3)cc2)cc1,0.39376633,73,2,42,2,2,0,valid
7458,2015484909,*CCCCCCOC(=O)OCCCCCCCCCOC(=O)OCCCCCCOc1ccc(Oc2ccc(O*)cc2)cc1,0.35651223,60,2,35,9,0,2,valid
5336,1450236105,*C#Cc1cccc(C#C[Si](*)(C)C)c1,0.49595595,28,2,12,0,0,0,valid
2339,638093915,*Nc1ccc(Cc2ccc(CCCc3ccc(Cc4ccc(N*)cc4)cc3C)c(C)c2)cc1,0.35703055,53,2,31,0,2,0,valid
6099,1653699030,*Oc1ccc(CC(NC(=O)Cc2ccc(OC(=O)CCCC(*)=O)cc2)C(=O)OCCCCCC)cc1,0.3472328,60,2,28,7,1,4,valid
5833,1581446027,*CC(*)CCCCCCCCCCCC,0.40857787,18,2,14,0,0,0,valid
5005,1357177247,*c1ccc(-c2ccc(-c3ccc(-c4ccc(N(*)c5ccc(C)cc5)cc4)c4c(C)ccc(C)c34)c3c(C)ccc(C)c23)cc1,0.41844123,83,2,43,0,1,0,valid
4115,1112362061,*CCc1ccc(*)cc1,0.38563218,14,2,8,0,0,0,valid
4674,1258103517,*Nc1ccc(-c2ccc(N*)c(C)c2-c2ccccc2)cc1,0.35793789,37,2,19,0,2,0,valid
3253,887653372,*Nc1cc2ccccc2c(-c2c(N*)c(N)cc3ccccc23)c1N,0.33877583,41,2,20,0,4,0,valid
4744,1280563800,*CC(*)OC(=O)OCCC(F)(F)C(F)(F)C(F)(F)C(F)(F)C(F)(F)C(F)(F)F,0.32384943,58,2,11,3,0,1,valid
5869,1591202562,*OC(=O)OCCCCCCCCOC(=O)OC1COC2C(*)COC12,0.33598554,38,2,16,8,0,2,valid
2588,702495781,*Nc1cccc(C(C)(c2ccccc2)c2cccc(N*)c2)c1,0.35162648,38,2,20,0,2,0,valid
2560,693011985,*Nc1ccc(-c2ccc(N*)c(N)c2)cc1N,0.33019375,29,2,12,0,4,0,valid
5945,1612521768,*c1ccc(-c2ccc3c(c2)C(CCCCCCCC)(CCCCCCCC)c2cc(*)ccc2-3)cc1,0.40991145,57,2,35,0,0,0,valid
2599,705844179,*c1c(C)cc(C)c(N2C(=O)c3ccc(Oc4ccc(Oc5ccc6c(c5)C(=O)N(*)C6=O)cc4)cc3C2=O)c1C,0.3880841,75,2,31,6,2,4,valid
6720,1821776890,*Oc1c(F)c(F)c(-c2c(F)c(F)c(Oc3ccc(Cc4ccc(*)c(C=O)c4)cc3C=O)c(F)c2F)c(F)c1F,0.35996186,74,2,27,4,0,2,valid
2011,542632051,*Nc1cc(C)c(Cc2ccc(CCCCCCCc3ccc(Cc4c(C)cc(N*)cc4C)cc3)cc2)c(C)c1,0.35730996,63,2,37,0,2,0,valid
5893,1598423326,*CC(*)(C)C(=O)OCCCCCCOc1ccc(N=Nc2ccc(OC)cc2)cc1,0.35997482,47,2,23,4,2,2,valid
2246,609443471,*Nc1cc2cc(c1)N(CC)C(=O)c1cc(N)cc(c1)N(CC)C(=O)c1cc(N*)cc(c1)N(CC)C2=O,0.35869989,69,2,27,3,6,3,valid
6911,1870773223,*C(=O)c1ccc2c(c1)C(=O)N(c1cc(N3C(=O)c4ccc(*)cc4C3=O)c(C)cc1C)C2=O,0.39477416,65,2,25,5,2,5,valid
3525,963881444,*Oc1ccccc1C(=O)OC(=O)c1ccccc1OC(=O)CCCCCC(*)=O,0.32881448,46,2,21,7,0,4,valid
2708,736792055,*c1cccc(-c2cccc(C(F)(F)C(F)(F)C(*)(F)F)c2)c1,0.36208143,44,2,15,0,0,0,valid
583,161607336,*Oc1ccc(Oc2ccc(Oc3ccc(NC(=O)c4ccc(-c5ccc(C(=O)Nc6ccc(*)cc6)c(C)c5)cc4C)cc3)cc2)cc1,0.36165997,82,2,40,5,2,2,valid
6264,1699412272,*CCCCCCOC(=O)OCCCCCCOC(=O)OCCCCCCOc1ccc(Oc2ccc(O*)cc2)cc1,0.35593526,57,2,32,9,0,2,valid
4401,1184730423,*Oc1ccc(C2(c3ccc(OC(=O)c4cccc(C(*)=O)c4)c(C)c3)c3ccccc3-c3ccccc32)cc1C,0.39753607,70,2,35,4,0,2,valid
7878,2120569877,*c1cccc(OCCCCCCCCCCCOC(=O)c2cccc(C(=O)OCCCCCCCCCCCOc3cccc(-c4nnc(*)s4)c3)c2)c1,0.36865264,78,2,44,6,2,2,valid
5309,1443895665,*Nc1ccccc1-c1cc(-c2ccccc2N)cc(-c2ccccc2N*)c1,0.34714968,44,2,24,0,3,0,valid
6331,1715878525,*CCCCOc1ccc(C=C2CCC(=Cc3ccc(OCCCCOP(=O)(O*)OCC)c(OC)c3)C2=O)cc1OC,0.35140206,65,2,31,9,0,4,valid
7014,1895063835,*CC(*)(C)C(=O)OCCCCCCOc1ccc(C(=O)Oc2ccc(OC)cc2)cc1,0.34298576,50,2,24,6,0,2,valid
3530,965594112,*CC(*)c1ccc(C(=O)C(F)(F)F)cc1,0.3627692,29,2,10,1,0,1,valid
4691,1263993270,*Oc1ccc(Oc2ccc(C(=O)c3cccc4cccc(C(=O)c5ccc(*)cc5)c34)cc2)cc1,0.3769196,60,2,30,4,0,2,valid
2247,609699139,*c1ccc(Oc2ccc(C(=O)c3cccc(C(=O)c4ccc(Oc5ccc(-c6nc(-c7ccc(-c8nc(*)c(-c9ccccc9)[nH]8)cc7)[nH]c6-c6ccccc6)cc5)cc4)c3)cc2)cc1,0.39401881,121,2,56,4,4,2,valid
753,210989195,*c1ccc(C(C)(C)c2ccc(C(C)(C)c3ccc(N4C(=O)c5ccc(Oc6ccc7ccc(Oc8ccc9c(c8)C(=O)N(*)C9=O)cc7c6)cc5C4=O)cc3)cc2)cc1,0.37859256,108,2,50,6,2,4,valid
4727,1274254712,*CC(O)COc1ccc(C(C)(C)c2ccc(OCC(O)COc3ccc(NC(=O)CCCC(=O)Nc4ccc(O*)cc4)cc3)cc2)cc1,0.3351735,80,2,38,8,2,2,valid
747,210091509,*CCCCCCCCOc1c(OC)cc(/C=C/c2ccc(/C=C/c3ccc(/C=C/c4cc(OC)c(O*)c(OC)c4)cc3)cc2)cc1OC,0.36466644,81,2,42,6,0,3,valid
6892,1865960070,*CC(C[Si](*)(C)C)c1ccccc1,0.38874361,25,2,11,0,0,0,valid
2158,584265872,*CCN(*)C(=O)c1ccc(F)cc1F,0.34618853,24,2,9,1,1,1,valid
3694,1000940979,*c1ccc(Oc2ccc(N3C(=O)C(Cl)=C(Oc4ccc(C(c5ccc(OC6=C(Cl)C(=O)N(*)C6=O)cc5)(C(F)(F)F)C(F)(F)F)cc4)C3=O)cc2)cc1,0.36044402,106,2,35,7,2,6,valid
320,90208491,*Oc1ccc(NC(=O)c2cc(C(=O)Nc3ccc(*)cc3)cc(C(F)(F)C(F)(F)C(F)(F)C(F)(F)C(F)(F)C(F)(F)C(F)(F)C(F)(F)F)c2)cc1,0.33785141,104,2,28,3,2,2,valid
1971,531093523,*OCCOC(=O)CCCC(=O)OCCOc1nc(-c2ccc(OCCCC)cc2)nc(*)c1-c1ccc(OCCCC)cc1,0.36060882,67,2,33,8,2,2,valid
3326,909955996,*C(=O)CCC1(CCC(=O)N2CCN(*)CC2)c2ccccc2-c2ccccc21,0.35082586,48,2,23,2,2,2,valid
5030,1365694834,*CCCCCCCC(=O)OCC1COC(*)O1,0.35131956,25,2,12,4,0,1,valid
1015,278692232,*Oc1ccc(NC(=O)c2ccc3cc(C(=O)Nc4ccc(Oc5ccc(C6(c7ccc(*)cc7)C7CC8CC(C7)CC6C8)cc5)cc4)ccc3c2)cc1,0.36862142,92,2,46,4,2,2,valid
6835,1853131327,*Nc1ccc(Cc2ccc(Cc3ccc(Cc4ccc(N*)cc4)c(CC)c3)cc2CC)cc1,0.35948061,53,2,31,0,2,0,valid
7727,2082516558,*Nc1ccc([C@H]2C[C@H]3CC[C@@H]2CC[C@@H]2CC[C@H](CC3)[C@H](c3ccc(N*)c(N)c3)C2)cc1N,0.35134124,80,2,28,0,4,0,valid
6900,1868729394,*c1ccc(NC(=O)CCCCCCCCC(=O)Nc2ccc(S(*)(=O)=O)cc2)cc1,0.348619,51,2,22,4,2,4,valid
858,239786978,*c1ccc(Oc2ccc(N3C(=O)c4ccc(Oc5cccc(Oc6ccc7c(c6)C(=O)N(*)C7=O)c5)cc4C3=O)cc2)cc1,0.35739857,79,2,34,7,2,4,valid
2178,590983717,*Cc1cccc(CNC(=O)c2cc(C(=O)N*)cc(C(C)(C)C)c2)c1,0.3510241,46,2,20,2,2,2,valid
4562,1229640212,*Nc1ccc([C@H](C)c2ccc(C3(c4ccc([C@@H](C)c5ccc(N*)cc5)cc4)CCC(CCCC)CC3)cc2)cc1,0.36917749,77,2,38,0,2,0,valid
4315,1161429718,*Nc1ccc([C@H](CCC)c2ccc(C[C@H](CC)c3ccc([C@@H](CCC)c4ccc(N*)cc4)cc3)cc2)cc1,0.36752092,75,2,36,0,2,0,valid
4667,1256957523,*CCOP(=O)(N=Nc1ccc(-c2ccc(N=NP(=O)(O*)OCC)cc2)cc1)OCC,0.35913079,53,2,18,6,4,4,valid
4308,1159696305,*c1ccc(Oc2ccc(C(c3ccc(Oc4ccc(N5C(=O)c6ccc(Oc7ccccc7Oc7ccc8c(c7)C(=O)N(*)C8=O)cc6C5=O)cc4C(F)(F)F)cc3)(C(F)(F)F)C(F)(F)F)cc2)c(C(F)(F)F)c1,0.36819358,137,2,51,8,2,4,valid
4858,1314710990,*Oc1ccc(C(C)(C)c2ccc(Oc3ccc(C(=O)Nc4ccc(-c5ccc(NC(=O)c6ccc(*)cc6)cc5C(F)(F)F)c(C(F)(F)F)c4)cc3)cc2)cc1,0.36383822,102,2,43,4,2,2,valid
6315,1711010706,*c1cccc(C(=O)c2ccc(Oc3ccc(N4C(=O)c5ccc(Oc6ccc7c(c6)C(=O)N(*)C7=O)cc5C4=O)cc3)cc2)c1,0.36734681,83,2,35,7,2,5,valid
2930,797241563,*CCCCOC(=O)CCCC(=O)O*,0.33275554,21,2,9,4,0,2,valid
4699,1264867007,*c1ccc(Oc2ccc(C(=O)c3ccc(C(=O)c4ccc(Oc5ccc(-c6cc(*)[nH]n6)cc5)cc4)cc3)cc2)cc1,0.38159758,77,2,35,4,2,2,valid
3426,938001500,*Nc1ccc(C2=C(c3ccc(N*)cc3)[C@](C)(C(C)C)[C@@](C)(C(C)C)C(C)=C2C)cc1,0.3722569,67,2,28,0,2,2,valid
6767,1835793920,*C(=O)Nc1ccc(Oc2ccccc2-c2ccccc2Oc2ccc(NC(=O)c3ccc4c(c3)C(=O)N(c3ccc(Oc5ccc(S(=O)(=O)c6ccc(Oc7ccc(N8C(=O)c9ccc(*)cc9C8=O)cc7)cc6)cc5)cc3)C4=O)cc2)cc1,0.35981052,148,2,66,12,4,8,valid
4042,1092288968,*Nc1ccc2c(c1)[C@@H]1c3ccc(C)cc3[C@H]2c2cc(N*)ccc21,0.38323804,50,2,21,0,2,0,valid
3201,870679146,*C(=O)Nc1cccc(NC(=O)c2ccc3c(c2)C(=O)N(c2ccc(Oc4ccc5ccc(Oc6ccc(N7C(=O)c8ccc(*)cc8C7=O)cc6)cc5c4)cc2)C3=O)c1,0.35133483,106,2,46,8,4,6,valid
6180,1676176971,*Oc1ccc(C(CC)(c2ccccc2)c2ccc(OC(=O)c3ccc(C(*)=O)cc3)cc2)cc1,0.37078236,59,2,29,4,0,2,valid
3924,1063440128,*CC(*)C(=O)OCCCCCCCCCCCCOc1ccc(C(=O)Oc2ccc(-c3cccc(OC(=O)c4ccc(OC(=O)c5ccc(OCCCCCCCCCCCC)cc5)cc4)c3)cc2)cc1,0.36748449,107,2,60,10,0,4,valid
153,46369100,*Nc1ccccc1C(C)(c1ccccc1N)c1ccccc1N*,0.35719832,35,2,20,0,3,0,valid
5533,1502259897,*c1ccc(Oc2ccc(Oc3ccc(N4C(=O)c5ccc(-c6ccc7c(c6)C(=O)N(*)C7=O)cc5C4=O)cc3)c(C(C)(C)C)c2)cc1,0.38670531,89,2,38,6,2,4,valid
2471,673214221,*C=CC1CC(*)C2C(=O)N(c3cccc(F)c3)C(=O)C12,0.37532295,40,2,15,2,1,3,valid
2416,661865874,*C(C)=C(*)[Si](C)(C)CC[Si](C)(C)C,0.4237153,33,2,10,0,0,1,valid
3592,979011291,*CCCCCCCOc1ccc(-c2ccc(O*)c3ccccc23)c2ccccc12,0.3642299,44,2,27,2,0,0,valid
5491,1488760517,*CCCCCCN1C(=O)c2ccc(-c3ccc(-c4ccc5c(c4)C(=O)N(*)C5=O)cc3)cc2C1=O,0.34646376,64,2,28,4,2,4,valid
5236,1421392945,*CNC(=O)OCC(OC(=O)NCc1ccc(C(C)(C)c2ccc(*)o2)o1)c1ccco1,0.34356107,54,2,21,7,2,2,valid
5800,1573986676,*O[Si](*)(C)CCCCCCCCCCCOc1ccc(/C=C/c2ccc(C#N)cc2)cc1,0.39092299,52,2,27,2,1,1,valid
6936,1877102749,*CC(F)(F)C(F)(F)C(F)(F)C(F)(F)COC(=O)NCC(F)(F)C(F)(F)C(F)(F)C(F)(F)CNC(=O)O*,0.30099588,76,2,14,4,2,2,valid
4815,1300562294,*Oc1ccc(-c2ccc(OC(=O)c3ccc(C(*)=O)cc3Sc3ccc4ccccc4c3)cc2)cc1,0.35785251,60,2,29,4,0,2,valid
4906,1330491095,*Oc1ccc(C(C)(C)c2ccc(OC(=O)Oc3ccc(Cc4ccc(OC(*)=O)cc4)cc3)cc2)cc1,0.35217052,64,2,30,6,0,2,valid
1528,410114761,*CCCC(*)(C)CC,0.39226416,13,2,7,0,0,0,valid
2299,625438419,*CCC1CC(=O)N(*)C1=O,0.31621723,19,2,6,2,1,2,valid
5131,1390904524,*CC(*)(C)C(=O)OCC1CC(NC(=O)OC(C)(C)C)CN1C(=O)OC(C)(C)C,0.36053611,54,2,19,6,2,3,valid
2807,763411836,*c1ccc(NC(=O)Nc2ccc(NC(=O)Nc3ccc(-c4nc(-c5ccc(-c6nc(-c7ccc([N+](=O)[O-])cc7)c(-c7ccc([N+](=O)[O-])cc7)[nH]6)cc5)[nH]c4*)cc3)cc2)cc1,0.37265586,131,2,44,6,10,4,valid
1556,417759199,*c1ccc2c(c1)C(=O)N(c1ccc(Oc3ccc(C(=O)c4cccc(C(=O)c5ccc(Oc6ccc(N7C(=O)c8ccc(C(*)(C(F)(F)F)C(F)(F)F)cc8C7=O)cc6C(F)(F)F)cc5)n4)cc3)c(C(F)(F)F)c1)C2=O,0.36582624,147,2,52,8,3,6,valid
1526,409036126,*Oc1ccc(C2(c3ccc(OC(=O)CCCCCCCCCC(*)=O)cc3)c3ccccc3-c3ccccc32)cc1,0.36438576,65,2,36,4,0,2,valid
7851,2113413468,*Oc1ccc(S(=O)(=O)c2ccc(Oc3ccc(C(c4ccc(*)c([Si](C)(C)C)c4)(C(F)(F)F)C(F)(F)F)cc3[Si](C)(C)C)cc2)cc1,0.40476699,98,2,33,4,0,2,valid
2441,667477556,*Nc1ccc(-c2ccc(-c3ccc(N*)cc3)c3cc(C)ccc23)cc1,0.36429835,45,2,23,0,2,0,valid
5118,1388289215,*CCCCNC(=O)C(=O)N*,0.29824188,18,2,6,2,2,2,valid
2410,660205165,*Nc1ccc2c(c1-c1c(N*)ccc3c1CCCC3)CCCC2,0.36667006,37,2,20,0,2,0,valid
5278,1435049128,*CC(*)(C)C(=O)OCCCCCC(=O)Oc1ccc(OC(=O)c2ccc(OCCC)cc2)cc1,0.34387044,56,2,26,7,0,3,valid
4493,1209057611,*C(=O)Nc1ccc(C(=O)c2ccc(NC(=O)c3ccc4c(c3)C(=O)N(c3ccc(NC(=O)Nc5ccc(N6C(=O)c7ccc(*)cc7C6=O)cc5)cc3)C4=O)cc2)cc1,0.3459702,110,2,44,8,6,8,valid
1433,384493304,*CCCCCCCCCCCCOC(=O)NCCCCCCCCCCNC(=O)O*,0.37009027,38,2,24,4,2,2,valid
3709,1005319308,*Nc1ccc2c(c1N*)C1(c3ccccc3-c3ccccc31)c1ccccc1-2,0.37725763,47,2,25,0,2,0,valid
3812,1034741718,*CCCS*,0.44308089,6,2,3,0,0,0,valid
3179,863625275,*Nc1c(C)cc(C2(c3cc(C)c(N*)c(C)c3)c3cccc(C)c3-c3c(C)cccc32)cc1C,0.38998404,62,2,31,0,2,0,valid
5335,1449552519,*CCCCCOC(=O)c1ccccc1C(=O)O[Cd]OC(=O)c1ccccc1C(=O)OCCCCCOC(=O)NCCCCCCNC(=O)O*,0.3810089,76,2,34,12,2,6,valid
2115,572496153,*c1ccc(Oc2ccc(C(=O)c3cccc(C(=O)c4ccc(Oc5ccc(N6C(=O)c7ccc([Si](C)(C)c8ccc9c(c8)C(=O)N(*)C9=O)cc7C6=O)cc5)cc4)c3)cc2)cc1,0.37212317,118,2,50,8,2,6,valid
5495,1490448831,*c1ccc2c(c1)C(=O)N(c1cccc(C(F)(F)C(F)(F)C(F)(F)c3cccc(N4C(=O)c5ccc(C(F)(F)C(F)(F)C(F)(F)C(*)(F)F)cc5C4=O)c3)c1)C2=O,0.34642034,115,2,35,4,2,4,valid
3434,940574386,*Oc1ccc(CC(NC(=O)CCc2ccc(OC(=O)CCCC(*)=O)cc2)C(=O)OC(C)C)cc1,0.34201016,60,2,26,7,1,4,valid
435,120425171,*CCCCCCCCC(c1ccc(O)cc1)C(*)c1ccc(O)cc1C,0.37294076,39,2,23,2,0,0,valid
269,75538162,*Nc1ccc([C@H]2SC=C(c3ccccc3)[C@@]2(c2ccccc2)c2ccc(N*)cc2)cc1,0.36360706,60,2,28,0,2,1,valid
1230,329479579,*Nc1ccc(C(=C(c2ccccc2)c2ccccc2)c2ccc(N*)cc2)cc1,0.37080803,47,2,26,0,2,1,valid
2262,615042961,*c1ccc(Oc2cccc3c(NC(=O)c4ccc(Oc5ccc(C(=O)Nc6cccc7c(Oc8ccc(-c9nnc(*)o9)cc8)cccc67)cc5)cc4)cccc23)cc1,0.36893685,99,2,48,6,4,2,valid
4928,1335818219,*CC(*)c1ccc(CCCCCCCCCCCC)cc1,0.40128707,28,2,20,0,0,0,valid
4473,1204898498,*Oc1ccc(N=CC=Nc2ccc(OC(=O)NCCCCCCNC(*)=O)cc2)cc1,0.34892214,48,2,22,4,4,4,valid
870,242840603,*c1ccc2c3ccc(-c4ccc(-c5ccc(-c6ccc(*)s6)c6nccnc56)s4)cc3n(C(CCCCCCCC)CCCCCCCC)c2c1,0.45544781,81,2,45,0,3,0,valid
2456,670472475,*c1cccc(N2C(=O)c3ccc(Oc4cc5ccccc5cc4Oc4ccc5c(c4)C(=O)N(*)C5=O)cc3C2=O)c1,0.37256174,72,2,32,6,2,4,valid
5122,1389124790,*c1cccc(S(=O)(=O)c2cccc(N3C(=O)c4ccc(Oc5ccc(Sc6ccc(Oc7ccc8c(c7)C(=O)N(*)C8=O)cc6)cc5)cc4C3=O)c2)c1,0.36721228,98,2,39,8,2,6,valid
755,211825763,*OC(*)C,0.3634429,7,2,2,1,0,0,valid
285,81137216,*CCCCCCCCNC(=O)CCCCCCCCCCCCCCCCCCCCC(=O)N*,0.37913267,42,2,30,2,2,2,valid
1810,487578819,*CCCCNC(=O)c1ccc(C(=O)N*)c(Sc2ccccc2)c1,0.34744921,39,2,17,2,2,2,valid
3861,1047587622,*CCC(*)(C)C,0.39620363,11,2,5,0,0,0,valid
2367,643664826,*CCC(C)CCOC(=O)CCCCC(=O)O*,0.34352817,26,2,12,4,0,2,valid
2088,562176358,*CCCCSS*,0.4654699,8,2,4,0,0,0,valid
7362,1987791441,*C=CC1CC(*)C2C(=O)N(CCCCCC)C(=O)C12,0.36643423,35,2,15,2,1,3,valid
7618,2057370661,*c1ccc(OCCCCCCN(CC)c2ccc(C(C#N)=C(C#N)C#N)cc2)c(-c2cc(-c3ccccc3)c3cc(Oc4ccc5nc(*)cc(-c6ccccc6)c5c4)ccc3n2)c1,0.38886127,108,2,55,2,6,1,valid
5133,1391471000,*c1ccc(Oc2ccc(C(=O)c3ccc(Oc4ccc(-c5c6c(c(*)c7ccccc57)C(=O)N(c5ccccc5C(F)(F)F)C6=O)cc4)cc3)cc2)cc1,0.38249401,97,2,44,5,1,3,valid
6310,1708543289,*OP(=O)(Oc1ccc(NC(=O)OCCCCCCOC(=O)Nc2ccc(*)cc2)cc1)c1ccccc1,0.34447887,59,2,26,7,2,3,valid
808,226759816,*Nc1c(-c2ccccc2)cc(/C=C/c2ccccc2)c(/C=C/c2ccccc2)c1N*,0.36364076,53,2,28,0,2,2,valid
7089,1916735639,*Nc1cc(N*)c2nc(-c3ccc(-c4nc5c(N)cc(N)c(N)c5c(=O)o4)cc3)oc(=O)c2c1N,0.35583172,66,2,22,4,8,2,valid
7428,2006683718,*CC(*)C(=O)c1ccc(C)cc1,0.38303868,22,2,10,1,0,1,valid
2332,636526191,*CC(*)(C)C(=O)OCCCCCCOc1ccc(C(=O)Oc2ccc(OC)cc2)cc1OC,0.34293786,52,2,25,7,0,2,valid
6797,1844848960,*Oc1ccc(Nc2ccc(N=Nc3ccc(Nc4ccc(*)cc4)cc3)cc2)cc1,0.39236421,48,2,24,1,4,1,valid
5969,1619024957,*CC1(*)CCCCC1,0.36650758,13,2,7,0,0,0,valid
4716,1269399876,*CC(O)COc1ccc(S(=O)(=O)c2ccc(O*)c(C)c2)cc1C,0.35246453,43,2,17,5,0,2,valid
5438,1476641400,*Nc1ccc2c(c1)C(C)(C)CC21CC(C)(C)c2cc(N*)ccc21,0.380516755,45,2,21,0,2,0,valid
3079,836965269,*CC(=O)Nc1ccc(Oc2ccc(NC(=O)CN3C(=O)c4ccc(C(=O)c5ccc6c(c5)C(=O)N(*)C6=O)cc4C3=O)cc2)cc1,0.33219113,86,2,33,8,4,7,valid
7194,1943060109,*C(=O)c1ccc2c(c1)C(=O)N(c1cccc(P(=O)(c3cccc(N4C(=O)c5ccc(*)cc5C4=O)c3)c3cc(C(F)(F)F)cc(C(F)(F)F)c3)c1)C2=O,0.38603279,106,2,37,6,2,6,valid
1673,447769500,*CCCCCCCCCCCCNC(=O)NCCCCCCNC(=O)N*,0.35917869,34,2,20,2,4,2,valid
6789,1841990330,*NC1=CC[C@](c2ccc(N*)cc2)(c2cccc3ccccc23)C=C1,0.3503374,45,2,22,0,2,2,valid
1916,515420444,*CC(*)C(=O)OCCCCn1c2ccccc2c2ccccc21,0.35334507,35,2,18,2,0,1,valid
3116,844411055,*c1cccc(P(=O)(c2ccc(Oc3ccc(C45CC6CC(CC(C6)C4)C5)cc3)cc2)c2cccc(N3C(=O)c4ccc(Oc5ccc6c(c5)C(=O)N(*)C6=O)cc4C3=O)c2)c1,0.38257569,115,2,50,7,2,5,valid
2280,621166590,*c1ccc(-c2cc(-c3ccc(-c4ccccc4)cc3)cc(-c3ccc(N4C(=O)c5ccc(NC(=O)Nc6ccc(NC(=O)Nc7ccc8c(c7)C(=O)N(*)C8=O)cc6)cc5C4=O)cc3)n2)cc1,0.35975912,124,2,53,6,7,6,valid
5163,1397915827,*NCCC[Si](C)(C)O[Si](C)(C)CCCN*,0.37320765,31,2,10,1,2,0,valid
5209,1412954804,*CC(*)c1ccc(COc2ccc(-c3ccc(-c4ccc(C)cc4)c4nsnc34)cc2)cc1,0.35943603,56,2,28,1,2,0,valid
454,126444620,*OP(=O)(Oc1ccccc1)Oc1cccc2c(*)cccc12,0.34871423,36,2,16,4,0,1,valid
430,118919299,*C(=C(*)c1ccc(C(C)(C)C)cc1)c1ccccc1,0.47395904,35,2,18,0,0,1,valid
7141,1928965066,*CCCCCCOC(=O)c1cc(OCCCCCCOc2ccc(N=Nc3ccc(C#N)cc3)cc2)cc(C(=O)OCCCCCCN2C(=O)c3ccc(-c4ccc(-c5ccc6c(c5)C(=O)N(*)C6=O)cc4)cc3C2=O)c1,0.35328159,128,2,61,10,5,7,valid
2443,667591489,*C(=O)c1ccc2c(c1)C(=O)N(c1ccc(OCCOCCOc3ccc(N4C(=O)c5ccc(*)cc5C4=O)cc3)cc1)C2=O,0.34402774,78,2,33,8,2,5,valid
1873,505708528,*CC(*)C(=O)OCC(F)(F)C(F)(F)C(F)(F)C(F)(F)C(F)(F)C(F)(F)C(F)(F)F,0.32462009,63,2,11,2,0,1,valid
7294,1969520077,*Oc1ccc(NC(=O)c2ccc(Oc3ccc(C(=O)Nc4ccc(Oc5ccc(C6(c7ccc(*)cc7)C7CC8CC(C7)CC6C8)cc5)cc4)cc3)cc2)cc1,0.36901705,97,2,48,5,2,2,valid
6326,1714607104,*C(=O)Oc1ccc(C2(c3ccc(OC(=O)c4ccc5c(c4)C(=O)N(c4ccc(-c6ccc(N7C(=O)c8ccc(*)cc8C7=O)cc6C)c(C)c4)C5=O)cc3)C3CC4CC(C3)CC2C4)cc1,0.37949599,123,2,54,8,2,6,valid
5410,1469675356,*O[Si](C)(C)O[Si](C)(C)O[Si](*)(C)c1c(F)c(F)c(F)c(F)c1F,0.40336035,55,2,11,3,0,0,valid
4430,1192553911,*c1ccc2oc(-c3ccc(-c4nc5cc(C(*)(C(F)(F)F)C(F)(F)F)ccc5o4)cn3)nc2c1,0.44520367,65,2,22,2,3,0,valid
6050,1640510001,*Nc1cc(C)c(Cc2ccc(CCCCCCCCCCCCCCCc3ccc(Cc4c(C)cc(N*)cc4C)cc3)cc2)c(C)c1,0.35958208,71,2,45,0,2,0,valid
4693,1264214740,*Sc1ccc(Nc2ccc(Nc3ccc(*)cc3)cc2)cc1,0.4021004,35,2,17,0,2,0,valid
5598,1516593013,*Cc1ccc2oc(=O)c(C(=O)Nc3ccc(C(c4ccc(NC(=O)c5cc6cc(*)ccc6oc5=O)cc4)(C(F)(F)F)C(F)(F)F)cc3)cc2c1,0.34097421,94,2,36,6,2,4,valid
6684,1813912008,*OC(COC(=O)c1c(F)c(F)c(-c2c(F)c(F)c(C(*)=O)c(F)c2F)c(F)c1F)COc1ccc(N=Nc2ccc(C#N)cc2)cc1,0.35000272,87,2,30,5,3,3,valid
6077,1648167915,*OCCOC(=O)CCCC(=O)OCCOc1nc(-c2ccc(OC)cc2)nc(*)c1-c1ccc(OC)cc1,0.34869133,61,2,27,8,2,2,valid
256,73164224,*Nc1cc(N*)c(O)cc1O,0.30277596,18,2,6,2,2,0,valid
2484,676116191,*Oc1ccccc1C(=O)OC(=O)c1ccccc1OC(=O)CCCC(*)=O,0.32224016,44,2,19,7,0,4,valid
3547,969180408,*CC(*)S(=O)(=O)c1ccccc1,0.3645261,23,2,8,2,0,2,valid
5047,1369201997,*C(=O)NC1CCC(CC2CCC(NC(=O)c3ccc(N4C(=O)c5ccc(*)cc5C4=O)cc3)CC2)CC1,0.3545699,66,2,29,4,3,4,valid
2089,563610141,*OC(=O)OCC(OC)C(COC(=O)OC1COC2C(*)COC12)OC,0.32510823,42,2,14,10,0,2,valid
7313,1974242688,*c1ccc(C)c(N2C(=O)c3ccc(-c4ccc5c(c4)C(=O)N(*)C5=O)cc3C2=O)c1,0.39299942,60,2,23,4,2,4,valid
5811,1577222221,*C(=O)Nc1cccc(C#Cc2cccc(N3C(=O)c4ccc(*)cc4C3=O)c2)c1,0.38902251,52,2,23,3,2,3,valid
5624,1525026548,*Oc1ccc(-c2ccc(-c3cc(-c4ccccc4)c(-c4ccc(-c5ccc(OC(=O)c6ccc(C(*)=O)cc6-c6ccccc6)cc5)cc4)c(-c4ccccc4)c3-c3ccccc3)cc2)cc1,0.38238683,118,2,62,4,0,2,valid
899,249614010,*Nc1ccc(C(c2ccc(NC(=O)c3ccc(-c4ccc(C(*)=O)cc4)cc3)cc2)(P2(=O)Oc3ccccc3-c3ccccc32)P2(=O)Oc3ccccc3-c3ccccc32)cc1,0.36288949,110,2,51,6,2,4,valid
3246,886026826,*c1ccc(-c2cc(CCCCCCCC)c(-c3ccc(-c4ccc(-c5sc(-c6ccc([Si](CCCC)(CCCC)[Si](*)(CCCC)CCCC)s6)cc5CCCCCCCC)s4)s3)s2)s1,0.42281457,111,2,56,0,0,0,valid
9,2265305,*Nc1ccc(-c2ccc(-c3ccc(N*)cc3)cc2)cc1,0.341878125,36,2,18,0,2,0,valid
2219,601947802,*NC(CCC(=O)OCCCC)C(*)=O,0.34392678,23,2,9,3,1,2,valid
2104,567353481,*c1ccc(C(c2ccc(N3C(=O)c4ccc(Oc5cccc6c(Oc7ccc8c(c7)C(=O)N(*)C8=O)cccc56)cc4C3=O)cc2)(C(F)(F)F)C(F)(F)F)cc1,0.38375006,105,2,41,6,2,4,valid
5432,1475222377,*C(=O)Nc1cccc(NC(=O)c2ccc3[nH]c(-c4cccc(-c5nc6cc(*)ccc6[nH]5)c4)nc3c2)c1,0.37766539,72,2,28,2,6,2,valid
294,83711501,*NCCCCCCN*,0.328363025,10,2,6,0,2,0,valid
6473,1755924093,*Nc1ccc2c(c1)-c1ccc(N*)cc1C21c2ccccc2-c2ccccc21,0.38085413,47,2,25,0,2,0,valid
5068,1373795866,*Nc1ccc(-c2ccc(-c3ccc(-c4ccc(N*)cc4)c4ccccc34)c3ccccc23)cc1,0.36481305,59,2,32,0,2,0,valid
7173,1936588352,*Nc1ccc2c(c1)c(C)c(-c1ccccc1)c1cc(N*)ccc12,0.35070087,42,2,21,0,2,0,valid
1818,491061236,*C(=O)Nc1ccc(S(=O)(=O)c2ccc(NC(=O)c3ccc4[nH]c(-c5cc(-c6nc7cc(*)ccc7[nH]6)cc(N6C(=O)c7ccccc7C6=O)c5)nc4c3)cc2)cc1,0.37434137,112,2,42,6,7,6,valid
3339,915211571,*c1ccc(-c2cc(C(C)(C)C)c(Oc3ccc(N4C(=O)c5ccc(Oc6ccc7c(c6)C(=O)N(*)C7=O)cc5C4=O)cc3C(F)(F)F)c(C(C)(C)C)c2)cc1,0.41001219,107,2,43,6,2,4,valid
1043,286285970,*CC(*)(F)C(=O)OCCC(F)(F)C(F)(F)C(F)(F)C(F)(F)C(F)(F)C(F)(F)C(F)(F)C(F)(F)F,0.32305957,74,2,13,2,0,1,valid
7041,1902160651,*Nc1ccc(/C=C/c2cccc3c(/C=C/c4ccc(N*)cc4)cccc23)cc1,0.353423605,50,2,26,0,2,2,valid
2835,770392100,*CC(*)(C)C(=O)OC1(C)CCOC(=O)C1,0.31901326,30,2,10,4,0,2,valid
6947,1878904563,*NCCCOCCOCCOCCCN*,0.3255813199999999,17,2,10,3,2,0,valid
5686,1542527766,*Nc1cccc(-c2cccc(-c3cccc(N)c3)c2-c2cccc(N*)c2)c1,0.35421263,48,2,24,0,3,0,valid
6031,1635861860,*c1ccc(-c2ccc(-c3ccc(-c4ccc(-c5ccc6c(c5)C(=O)N(c5cccc(N7C(=O)c8ccc(*)cc8C7=O)c5)C6=O)cc4)cc3)cc2)cc1,0.3765538,100,2,46,4,2,4,valid
6846,1855385483,*c1ccc2c(c1)C(=O)N(c1ccc(Oc3ccc(N4C(=O)c5ccc(C(*)O[Si](C)(C)O[Si](C)(C)O[Si](C)(C)C)cc5C4=O)cc3)cc1)C2=O,0.40224563,104,2,36,8,2,4,valid
4259,1150417190,*C(=O)c1ccc2nc(-c3ccccc3)c(-c3ccc(N4C(=O)c5ccc(C(=O)c6ccc7c(c6)C(=O)N(c6ccc(-c8nc9cc(*)ccc9nc8-c8ccccc8)cc6)C7=O)cc5C4=O)cc3)nc2c1,0.40701998,130,2,58,6,6,6,valid
5469,1482787899,*CCCCCCCCOc1c(OC)cc(/C=C/c2ccc(/C=C/c3cc(OC)c(O*)c(OC)c3)cc2)cc1OC,0.36086403,66,2,34,6,0,2,valid
4664,1256351112,*Nc1ccc(C2(c3ccc(N*)cc3)c3cccc(C)c3-c3cccc(C)c32)cc1,0.3731668,52,2,27,0,2,0,valid
5615,1523230328,*c1c(C)cc(Cc2cc(C)c(N3C(=O)c4ccc(Oc5cccc6c(Oc7ccc8c(c7)C(=O)N(*)C8=O)cccc56)cc4C3=O)c(C)c2)cc1C,0.39800868,95,2,43,6,2,4,valid
3140,852036166,*Oc1ccc(C2(c3ccc(Oc4ccc(C(=O)Oc5c(C)cc(C(C)(C)c6cc(C)c(OC(=O)c7ccc(*)cc7)c(C)c6)cc5C)cc4)cc3)CCC(C(C)(C)C)CC2)cc1,0.39731792,113,2,55,6,0,2,valid
600,166484126,*Nc1ccc(-c2ccccc2)c(-c2ccccc2CC)c1N*,0.35913139,36,2,20,0,2,0,valid
3102,841328550,*c1cc(N2C(=O)c3ccc(Oc4ccc5ccc(Oc6ccc7c(c6)C(=O)N(*)C7=O)cc5c4)cc3C2=O)cc(C(F)(F)F)c1,0.37446524,84,2,33,6,2,4,valid
7161,1933004653,*OS(=O)(=O)c1cc(S(=O)(=O)Oc2ccc(C3(c4ccc(*)cc4)CCCC3)cc2)ccc1C,0.36404714,62,2,24,6,0,4,valid
7269,1964367064,*Oc1c(C)c(C)c(NC(=O)c2ccc(C(=O)Nc3ccc(*)cc3)cc2)c(C)c1C,0.37041365,55,2,24,3,2,2,valid
6200,1681775861,*Nc1ccc2c(-c3ccccc3)c(N*)c(-c3ccccc3)cc2c1,0.35638928,42,2,22,0,2,0,valid
1305,353134698,*Oc1ccc(S(=O)(=O)c2ccc(Oc3ccc(C4CCCC(C(C)c5ccc(*)cc5)C4)cc3)cc2)cc1,0.37685467,67,2,32,4,0,2,valid
5814,1577638731,*CCCCCCSS*,0.44419731,10,2,6,0,0,0,valid
5046,1368560795,*Nc1ccc2c(-c3ccccc3)c3cc(N*)ccc3c(-c3ccccc3)c2c1,0.36152182,48,2,26,0,2,0,valid
748,210562725,*Oc1ccc(-c2ccc(OC(=O)c3ccc(C(*)=O)cc3)cc2)cc1,0.34119605,45,2,20,4,0,2,valid
3412,934750353,*Nc1ccc(C(C)(c2ccccc2)c2ccc(N*)cc2)cc1,0.35460063,38,2,20,0,2,0,valid
400,110596247,*Nc1ccc(NC(=O)c2ccc(NC(=O)CCCCCCCCC(=O)Nc3ccc(C(*)=O)cc3)cc2)cc1C(=O)OCCCCCCCCCCCC,0.35205318,82,2,43,6,4,5,valid
5728,1554515864,*Nc1ccc(-c2cc(N*)ccc2-c2ccccc2)cc1,0.34986039,34,2,18,0,2,0,valid
3200,870443283,*c1ccc(Nc2nc(Nc3ccc(-c4nc5cc(-c6ccc7[nH]c(*)nc7c6)ccc5[nH]4)cc3)nc(N(c3ccccc3)c3ccccc3)n2)cc1,0.4152424,93,2,41,0,10,0,valid
3145,852454383,*Nc1ccc(/C=C2/c3ccccc3-c3ccc(N*)cc32)cc1,0.3508840749999999,40,2,20,0,2,1,valid
1550,416197163,*Nc1ccc(C2(c3ccc(N*)cc3)CCC([C@H]3CC[C@H](CCCCCCC)CC3)CC2)cc1,0.36335204,61,2,31,0,2,0,valid
5818,1578799819,*Nc1cccc(-c2ccccc2-c2ccccc2-c2cc(N*)ccc2-c2ccccc2)c1,0.3577192,52,2,30,0,2,0,valid
525,146165767,*CC(*)C(=O)Oc1ccccc1C(=O)OCC,0.34193667,28,2,12,4,0,2,valid
3056,829968625,*CC(*)(C)C(=O)OCCCCCCOc1ccc(C(=O)Oc2ccc(N=Nc3ccc(Cl)cc3)c3ccccc23)cc1,0.36207231,69,2,33,5,2,3,valid
3763,1021238306,*NNC(=O)c1ccc(C(*)=O)cc1OCCCCCCCC,0.3601387,33,2,16,3,2,2,valid
4106,1110372599,*CCCCCCOC(=O)CCCCCCC(=O)OCCCCCCN1C(=O)c2ccc(S(=O)(=O)c3ccc4c(c3)C(=O)N(*)C4=O)cc2C1=O,0.34654201,85,2,36,10,2,8,valid
1596,430188200,*Nc1ccc(Cc2ccc(NC(=O)c3ccc(C(*)=O)cc3)cc2)cc1,0.34965429,45,2,21,2,2,2,valid
4048,1093111808,*c1ccc2oc(-c3cc(OCCCCCCCCCC)c(-c4nc5cc(C(*)(C(F)(F)F)C(F)(F)F)ccc5o4)cc3OCCCCCCCCCC)nc2c1,0.39288084,89,2,43,4,2,0,valid
7132,1927037390,*Oc1ccc(CC(NC(=O)CCc2ccc(OC(=O)COCC(*)=O)cc2)C(=O)OC(C)C)cc1,0.33804671,60,2,25,8,1,4,valid
5967,1618911351,*CC(*)(C)C(=O)OCCCCCCOc1ccc(C(=O)Oc2ccc(-c3cccc(OC(=O)c4ccc(OC(=O)c5ccc(OCCCCCCCCCCCC)cc5)cc4)c3)cc2)cc1,0.36170245,104,2,55,10,0,4,valid
6398,1734399308,*CCCCc1ccc(-c2c(-c3ccccc3)cc(-c3ccc(-c4cc(-c5ccccc5)c(-c5ccc(*)cc5)c(-c5ccccc5)c4-c4ccccc4)cc3)c(-c3ccccc3)c2-c2ccccc2)cc1,0.39803512,122,2,70,0,0,0,valid
3814,1034983348,*CCC[Si](*)(C)O[Si](C)(C)CCCOc1ccc(C(=O)Oc2ccc(-c3ccc(C#N)cc3)cc2)cc1,0.38002629,69,2,29,4,1,1,valid
1438,386866912,*Oc1ccc(CC(NC(=O)CCc2ccc(OC(=O)CCC(C)CC(*)=O)cc2)C(=O)OCc2ccccc2)cc1,0.34264843,68,2,32,7,1,4,valid
7009,1894260096,*CCOC(=O)Nc1ccc(C)c(NC(=O)OCCOc2ccc(C3(c4ccc(O*)cc4)c4ccccc4-c4ccccc43)cc2)c1,0.35870068,77,2,38,6,2,2,valid
3971,1075748489,*Oc1cccc(Oc2cccc(OC(*)=O)c2)c1,0.34159568,30,2,13,4,0,1,valid
6406,1737477599,*Nc1ccc(-c2ccc(N*)c(-c3cccc4ccccc34)c2-c2ccccc2)cc1,0.36849354,51,2,28,0,2,0,valid
6546,1781035787,*c1ccc(Oc2ccc(C(C)(C)c3ccc(Oc4ccc(-c5nnc(*)n5-c5cccc(C(F)(F)F)c5)cc4)cc3)cc2)cc1,0.38422628,80,2,36,2,3,0,valid
1430,383541557,*Oc1ccc(NC(=O)c2cc(NC(=O)c3ccc(OC(C)=O)cc3)cc(C(=O)Nc3ccc(Oc4ccc(C(C)(C)c5ccc(*)cc5)cc4)cc3)c2)cc1,0.35350082,98,2,44,7,3,4,valid
6564,1785446728,*Nc1ccc(Cc2ccc(C3(c4ccc(Cc5ccc(N*)cc5)cc4)C=C[C@@H](CCCC)CC3)cc2)cc1,0.36309112,68,2,36,0,2,1,valid
6066,1646057229,*Nc1ccc([C@@H](CCCCC)c2ccc(C(CCCCC)c3ccc([C@H](CCCCC)c4ccc(N*)cc4)cc3)cc2)cc1,0.37024472,77,2,42,0,2,0,valid
7660,2067238428,*CC(C)(C)COC(=O)c1ccc(C(=O)O*)cc1,0.351598,33,2,13,4,0,2,valid
4856,1314252641,*CC(O)COc1ccc(C(=O)c2ccc(OCC(O)COc3ccc(C(C)(C)c4ccc(O*)cc4)cc3)cc2)cc1,0.34542983,70,2,34,7,0,1,valid
3715,1008054582,*Oc1ccc(S(=O)(=O)c2ccc(Oc3ccc4c(=O)n5c6cc(Oc7ccc8c(c7)nc7c9ccc(*)c%10cccc(c(=O)n87)c%109)ccc6nc5c5cccc3c45)cc2)cc1,0.37350253,114,2,48,7,4,4,valid
3311,906799787,*c1cnc(C2C(c3ccccc3)C(*)C2c2ccccc2)cn1,0.39156002,38,2,20,0,2,0,valid
4711,1267983155,*CC(C)(CO*)COCC(F)(F)C(F)(F)C(F)(F)C(F)(F)C(F)(F)C(F)(F)C(F)(F)F,0.33988756,64,2,13,2,0,0,valid
5973,1619516534,*CC(*)c1ccc(COCCC(F)(F)C(F)(F)C(F)(F)C(F)(F)C(F)(F)C(F)(F)C(F)(F)C(F)(F)F)cc1,0.34583882,77,2,19,1,0,0,valid
5555,1508181683,*Nc1ccc([C@H](CCCCC)c2ccc([C@@](CCCC)(c3ccc([C@H](CCCCC)c4ccc(N*)cc4C)cc3)C3CCCCC3)cc2)c(C)c1,0.38359453,93,2,49,0,2,0,valid
2120,573843297,*Nc1ccccc1C(C)(c1ccccc1)c1ccccc1N*,0.3501796,34,2,20,0,2,0,valid
7446,2012816779,*OP(=O)(Oc1ccccc1)Oc1ccc(S(=O)(=O)c2ccc(*)cc2)cc1,0.34868252,49,2,18,6,0,3,valid
7760,2092061977,*CC(*)(CCCCC)C(=O)OC,0.38074638,20,2,9,2,0,1,valid
2393,651742804,*CC(=O)NCCCCCCNC(=O)COC(=O)CCCCC(=O)O*,0.32189128,38,2,16,6,2,4,valid
149,45704443,*Oc1ccc(C(C)(C)c2ccc(Oc3ccc(C(=O)c4ccc(C(c5ccc(C(=O)c6ccc(*)cc6)cc5)(C(F)(F)F)C(F)(F)F)cc4)cc3)cc2)cc1,0.3798743,102,2,44,4,0,2,valid
5938,1611088763,*C=Cc1c(OC(=O)c2ccc(C(=O)Oc3ccc4ccccc4c3C=Cc3cccc(*)n3)cc2)ccc2ccccc12,0.36780539,70,2,37,4,1,4,valid
5692,1544175741,*Oc1ccc(S(=O)(=O)c2cccc3c(S(=O)(=O)c4ccc(Oc5c(C)cc(-c6cc(C)c(*)c(C)c6)cc5C)cc4)cccc23)cc1,0.3844626,89,2,38,6,0,4,valid
1049,286904793,*Nc1ccc(-c2ccc(N*)cc2/C=C/c2ccccc2)cc1,0.35172909,38,2,20,0,2,1,valid
927,257055666,*C(=O)c1ccc2c(c1)C(=O)N(c1ccc(Oc3ccc(C(c4ccc(Oc5ccc(N6C(=O)c7ccc(*)cc7C6=O)cc5C(F)(F)F)cc4)(C(F)(F)F)C(F)(F)F)cc3)c(C(F)(F)F)c1)C2=O,0.37771161,132,2,46,7,2,5,valid
7235,1954306622,*Nc1cc2c(c(N*)c1N)-c1ccccc1C21c2ccccc2-c2ccccc21,0.37629547,48,2,25,0,3,0,valid
1760,473567594,*Oc1ccc(C(C)(C)c2ccc(OP3(Oc4ccc(C(=O)OC)cc4)=NP(Oc4ccc(C(=O)OC)cc4)(Oc4ccc(C(=O)OC)cc4)=NP(*)(Oc4ccc(C(=O)OC)cc4)=N3)cc2)cc1,0.34690701,124,2,47,14,3,7,valid
1384,372416932,*Nc1ccccc1C(c1ccccc1N)(c1ccccc1N*)C1CCCCC1,0.37800543,42,2,25,0,3,0,valid
562,154607078,*OS(=O)(=O)c1cccc(C(=O)Oc2ccc(C(C)(C)c3ccc(*)cc3)cc2)c1,0.36064897,55,2,22,5,0,3,valid
4842,1309401144,*c1cccc(S(=O)(=O)c2cccc(N3C(=O)c4ccc(Oc5ccc6c(c5)C(=O)N(*)C6=O)cc4C3=O)c2)c1,0.36365297,76,2,28,7,2,6,valid
2276,619288860,*c1cccc(N2C(=O)c3cccc(Oc4ccc(Sc5ccc(Oc6cccc7c6C(=O)N(*)C7=O)cc5)cc4)c3C2=O)c1,0.36869837,77,2,33,6,2,4,valid
3473,950252228,*Oc1c(Br)cc(S(=O)(=O)c2cc(Br)c(OC(*)=O)c(Br)c2)cc1Br,0.41564538,52,2,13,5,0,3,valid
2233,605651145,*c1ccc(-c2nc3cc(Oc4ccc(NC(=O)c5cc(C(=O)Nc6ccc(Oc7ccc8nc(-c9ccccc9)c(*)nc8c7)cc6)cc(N6C(=O)c7ccccc7C6=O)c5)cc4)ccc3nc2-c2ccccc2)cc1,0.38397838,130,2,62,6,7,4,valid
1583,427930827,*Oc1cccc(NC(=O)c2ccc([Si](c3ccccc3)(c3ccccc3)c3ccc(C(*)=O)cc3)cc2)c1,0.37364181,68,2,32,3,1,2,valid
1009,276378650,*CC(*)C(=O)OCCCCCCCCCCCOc1ccc(C(=O)Oc2ccc(-c3ccc(OC(C)CCCCCC)cc3)cc2)cc1,0.37426308,72,2,41,6,0,2,valid
5570,1510840632,*CC(COC(=O)O*)OCCOc1ccc(C=Cc2ccc([N+](=O)[O-])cc2)cc1,0.34394609,53,2,20,7,1,3,valid
509,141962685,*c1ccc(Oc2ccc(Oc3ccc(N4C(=O)c5ccc(Oc6ccc(C7(c8ccc(Oc9ccc%10c(c9)C(=O)N(*)C%10=O)cc8)CCCCCCCCCCC7)cc6)cc5C4=O)cc3)c(C(C)(C)C)c2)cc1,0.38366054,130,2,62,8,2,4,valid
6547,1781608309,*Oc1ccc(CC(NC(=O)CCc2ccc(OC(*)=O)cc2)C(=O)OCCCCCC)cc1,0.35216726,53,2,25,6,1,3,valid
7370,1988695621,*C=Cc1cc(OCCCC)c(*)cc1OC,0.38141349,24,2,13,2,0,1,valid
4189,1133455490,*CCCCCCOC(=O)c1cc(OCCCCCCOc2ccc(N=Nc3ccc(C#N)cc3)cc2)cc(C(=O)OCCCCCCN2C(=O)c3ccc(-c4ccc5c(c4)C(=O)N(*)C5=O)cc3C2=O)c1,0.35250141,117,2,55,10,5,7,valid
7342,1981886524,*c1ccc(Oc2ccc(C=Cc3ccc(Oc4ccc(-c5nnc(*)o5)cc4)c4ccccc34)cc2)cc1,0.38751411,63,2,32,3,2,1,valid
5484,1486120892,*c1ccc2c(c1)C(=O)N(c1ccc(S(=O)(=O)c3ccc(N4C(=O)c5ccc(C(*)(C(F)(F)F)C(F)(F)F)cc5C4=O)cc3)cc1)C2=O,0.38857369,96,2,31,6,2,6,valid
5368,1457502415,*c1ccc(Cc2ccc(N3C(=O)c4cc(-c5ccc([Si](C)(C)C)cc5)c(-c5cc6c(cc5-c5ccc([Si](C)(C)C)cc5)C(=O)N(*)C6=O)cc4C3=O)cc2)cc1,0.43467136,114,2,47,4,2,4,valid
4822,1301630790,*c1ccc(Oc2ccc(-c3ccc(Oc4ccc(N5C(=O)c6ccc(Oc7ccc(C8(c9ccc(Oc%10ccc%11c(c%10)C(=O)N(*)C%11=O)cc9)CCCCCCCCCCC8)cc7)cc6C5=O)cc4)cc3C)c(C)c2)cc1,0.38784907,139,2,66,8,2,4,valid
3983,1078510278,*CC(*)(C)C(=O)OCCCCCCOc1ccc(C(=O)Oc2ccc(N=Nc3ccc(C)cc3)c3ccccc23)cc1,0.36498491,68,2,34,5,2,3,valid
4662,1255406268,*c1ccc2c(c1)C(=O)N(c1c(C(C)C)cc(Cc3cc(C(C)C)c(N4C(=O)c5ccc(C(*)(C(F)(F)F)C(F)(F)F)cc5C4=O)c(C(C)C)c3)cc1C(C)C)C2=O,0.43780015,114,2,44,4,2,4,valid
4067,1099687723,*C(=O)Nc1ccc(NC(=O)c2ccc3c(c2)C(=O)N(c2ccc(NC(=O)Nc4ccc(N5C(=O)c6ccc(*)cc6C5=O)cc4)cc2)C3=O)cc1,0.33834111,95,2,37,7,6,7,valid
7793,2102039309,*Oc1ccc(Oc2ccc(C(=O)c3ccc(NC(=O)c4cccc(C(=O)Nc5ccc(C(=O)c6ccc(*)cc6)cc5)c4)cc3)cc2)cc1,0.36086621,86,2,40,6,2,4,valid
804,226546629,*NC(CCC(=O)OCCCCC)C(*)=O,0.35413594,24,2,10,3,1,2,valid
4725,1272587185,*c1ccc(Oc2ccc(-c3cc(-c4ccccc4)c4cc5nc(*)cc(-c6ccccc6)c5cc4n3)cc2)cc1,0.42862349,68,2,36,1,2,0,valid
2506,680937306,*c1ccc(Oc2ccc(-c3nc4ccc(-c5ccc6nc(*)c(-c7ccccc7)c(-c7ccccc7)c6c5)cc4c(-c4ccccc4)c3-c3ccccc3)cc2)cc1,0.41401327,99,2,54,1,2,0,valid
6012,1631091445,*CC(S*)c1ccccc1,0.3836093,15,2,8,0,0,0,valid
3301,904061966,*CC(*)(C)C(=O)Oc1ccc(N=Nc2ccc(OCCCCCCCCCCCOC(=O)c3ccc4c(c3)OCCOCCOCCOCCO4)cc2)cc1,0.35926185,81,2,42,10,2,3,valid
2075,558319108,*c1ccc(Sc2ccc(Sc3ccc(Sc4ccc(Sc5ccc(N6C(=O)c7ccc(Sc8ccc(Sc9ccc(Sc%10ccc%11c(c%10)C(=O)N(*)C%11=O)cc9)cc8)cc7C6=O)cc5)s4)s3)s2)cc1,0.3770355,128,2,45,4,2,4,valid
3943,1068186328,*CCOCC(CCl)O*,0.36652669,13,2,5,2,0,0,valid
3552,970503486,*Nc1cccc(NC(=O)c2cc(NC(=O)c3ccncc3)cc(C(*)=O)c2)c1,0.32910892,50,2,20,3,4,3,valid
2092,563896548,*c1cc(C(=O)OCCC)cc(N2C(=O)CC(C3Cc4ccccc4C4C(=O)N(*)C(=O)C43)C2=O)c1,0.36325394,67,2,26,6,2,5,valid
1316,355968898,*C=CC1CC(*)C(C(=O)OC(C)(C)C)C1C(=O)OC(C)(C)C,0.38329687,44,2,17,4,0,3,valid
1521,407930180,*CCNC(=O)c1ccc(C(=O)NCCOc2cc3ccccc3cc2O*)cc1,0.32766581,44,2,22,4,2,2,valid
4871,1319321747,*CC(*)c1ccc(-c2ccc3c(c2)C(CCCCCC)(CCCCCC)c2cc(-c4ccc5c(c4)C(CCCCCC)(CCCCCC)c4ccccc4-5)ccc2-3)cc1,0.40538104,96,2,58,0,0,0,valid
569,157448813,*C=C(C#N)C(=O)OCCCCCCOC(=O)C(C#N)=Cc1ccc2c(c1)c1cc(*)ccc1n2CCCCCCCCCCCn1c2ccccc2c2ccccc21,0.36772669,89,2,48,4,3,4,valid
1929,518799909,*CCN(*)C,0.382623,8,2,3,0,1,0,valid
557,153736542,*Oc1ccc(CC(NC(=O)CCc2ccc(OC(=O)CCCCCCC(*)=O)cc2)C(=O)OCc2ccccc2)cc1,0.34429229,67,2,33,7,1,4,valid
7216,1949780423,*CCSSCCO*,0.42239943,9,2,4,1,0,0,valid
2124,574749285,*c1ccc2c(c1)C(=O)N(c1ccc(Oc3ccc(C(=O)c4cccc(C(=O)c5ccc(Oc6ccc(N7C(=O)c8ccc(C(*)(C(F)(F)F)C(F)(F)F)cc8C7=O)cc6)cc5)c4)cc3)cc1)C2=O,0.37114599,129,2,51,8,2,6,valid
1587,428785387,*C(=O)c1ccc2c(c1)C(=O)N(c1ccc(C(=O)c3cccc(N4C(=O)c5ccc(*)cc5C4=O)c3)cc1)C2=O,0.36571693,76,2,30,6,2,6,valid
6364,1723711090,*CC(*)(C)C(=O)OCC(F)(F)C(F)(F)C(F)(F)C(F)(F)C(F)(F)C(F)(F)C(F)(F)C(F)F,0.32377425,70,2,13,2,0,1,valid
4199,1135550271,*Oc1ccc(-c2ccc(Oc3ccc(C(=O)c4ccc(C(=O)c5ccc(*)c(C(F)(F)F)c5)cc4)cc3C(F)(F)F)cc2)cc1,0.37975744,83,2,34,4,0,2,valid
2701,735028416,*CC(*)c1ccccc1C(=O)OCCCCC,0.37483446,25,2,14,2,0,1,valid
6283,1702635264,*CC(O)COc1ccc(C(=O)c2ccc(O*)cc2)cc1,0.3378744,35,2,16,4,0,1,valid
3657,991748625,*c1ccc(Oc2ccc(-c3nc4cc(S(=O)(=O)c5ccc6nc(-c7ccccc7)c(*)nc6c5)ccc4nc3-c3ccccc3)cc2)cc1,0.4167925,85,2,40,3,4,2,valid
6990,1890198796,*CC(c1ccccc1)C1C(=O)N(CCCCNC(=O)C(F)(F)C(F)(F)C(F)(F)C(F)(F)C(F)(F)C(F)(F)C(F)(F)F)C(=O)C1*,0.32992256,91,2,24,3,2,3,valid
1770,477018729,*CCOc1ccc(S(=O)(=O)c2ccc(OCCOP(=O)(O*)Oc3ccccc3)cc2)cc1,0.34320859,55,2,22,8,0,3,valid
1387,373230047,*Nc1ccc(Cc2ccc(Cc3ccc(Cc4ccc(N*)cc4)c(C)c3)cc2C)cc1,0.35373723,51,2,29,0,2,0,valid
3029,821219964,*CC(*)C(=O)Oc1ccc(C(=O)O)cc1,0.31040659,28,2,10,4,0,2,valid
3382,925989264,*Oc1ccc(Oc2ccc(C(=O)c3ccc(-c4ccc(C(=O)c5ccc(*)cc5)cc4)cc3)cc2)cc1-c1ccccc1,0.3777411,74,2,38,4,0,2,valid
6252,1696343001,*c1ccc(OCCCOc2ccc(N3C(=O)c4ccc(-c5cccc6c5C(=O)N(*)C6=O)cc4C3=O)cc2)cc1,0.35291227,70,2,31,6,2,4,valid
7149,1930955815,*N=P(*)(OCCOCCOCCCC)OCCOCCOCCCC,0.37867352,31,2,16,6,1,1,valid
1357,367702294,*Oc1ccc(C(C)(C)c2ccc(Oc3ccc(C(O)C(O)c4ccc(*)cc4)cc3)cc2)cc1,0.36610689,59,2,29,4,0,0,valid
6537,1778095789,*OC(=O)c1cccc(OCCCCCCCCOc2cccc(C(=O)OC3COC4C(*)COC34)c2)c1,0.34800981,58,2,28,8,0,2,valid
6004,1629642981,*CC(*)(C)C(=O)OCCCCCCc1ccc(C(C)=Cc2ccc(OC)cc2)cc1,0.36591214,49,2,26,3,0,2,valid
1772,477209068,*CCc1ccc(*)c(C#N)c1,0.39093091,19,2,9,0,1,0,valid
3733,1013332010,*c1ccc(Oc2ccc(C(C)(C)c3ccc(Oc4ccc(-c5ncc(*)o5)cc4C(F)(F)F)cc3)cc2)c(C(F)(F)F)c1,0.40096044,79,2,32,3,1,0,valid
3757,1018993474,*c1ccc2c(c1)C(=O)N(c1cccc(C(=O)Nc3ccc(Oc4ccc(-c5ccc(Oc6ccc(NC(=O)c7cccc(N8C(=O)c9ccc(C(*)(C(F)(F)F)C(F)(F)F)cc9C8=O)c7)cc6)cc5)cc4)cc3)c1)C2=O,0.36515817,142,2,57,8,4,6,valid
2871,782092877,*Nc1nc(N*)n(N)c(=S)n1,0.31626297,21,2,3,0,6,1,valid
1082,292368159,*OC(=O)C=CC(=O)OC1COC2C(*)COC12,0.31212102,31,2,10,6,0,3,valid
5481,1485822682,*CCCCCCCCCCC(=O)O*,0.37420675,18,2,11,2,0,1,valid
4892,1324493760,*Nc1cc(CC)c(C2(c3cc(CC)c(N*)cc3CC)c3ccccc3-c3ccccc32)cc1CC,0.38916158,58,2,33,0,2,0,valid
825,231066951,*Nc1cc(C)c(C(c2ccccc2)c2cc(C)c(N*)cc2C)cc1C,0.37754837,43,2,23,0,2,0,valid
7962,2144833176,*Nc1cccc(-c2cc(N*)ccc2-c2ccccc2)c1,0.35055049,34,2,18,0,2,0,valid
1317,356782883,*Oc1ccc(Oc2ccc(C(=O)Nc3ccc(Oc4ccc(S(=O)(=O)c5ccc(Oc6ccc(NC(=O)c7ccc(*)cc7)cc6)cc5)cc4)cc3)cc2)cc1,0.35742127,97,2,44,8,2,4,valid
7369,1988613729,*c1ccc(Nc2cccc(Nc3ccc(S(*)(=O)=O)cc3)c2)cc1,0.38606656,43,2,18,2,2,2,valid
3725,1012063352,*C=Cc1nc(C=Cc2ccc3c(c2)c2cc(*)ccc2n3CCCCCC)c(C#N)c(C=Cc2ccc(N(c3ccccc3)c3ccccc3)cc2)c1C#N,0.40041543,89,2,49,0,5,3,valid
3369,923029677,*CCCCCC(=O)S*,0.39191905,13,2,6,1,0,1,valid
6016,1632457388,*Nc1c(N*)c2c(ccc3c4ccccc4c4ccccc4c32)c2ccccc12,0.35171057,46,2,26,0,2,0,valid
5854,1588269269,*Nc1c(N)c(N)c2c(c1N*)C(=O)OC2=O,0.32340891,31,2,8,3,4,2,valid
2447,668704885,*c1ccc(Oc2ccc(-c3c(-c4ccccc4)c4c(c(-c5ccccc5)c3-c3ccccc3)C(=O)N(c3ccc(N5C(=O)c6c(c(-c7ccccc7)c(-c7ccccc7)c(*)c6-c6ccccc6)C5=O)cc3)C4=O)cc2)cc1,0.41683897,142,2,70,5,2,4,valid
1213,324904007,*Oc1ccc(C(c2ccc(OC(*)=O)cc2)C2CC3CCC2C3)cc1,0.37329335,43,2,21,3,0,1,valid
2956,802993859,*CC(*)(C)C(=O)OCc1ccc2c(c1)c1ccccc1n2CCCCCCCCCCCCCC,0.37769725,51,2,31,2,1,1,valid
1330,359720037,*Nc1ccc(-c2ccc(NC(=O)Cc3cc(C)c(CC(*)=O)cc3C)cc2)cc1,0.34598025,51,2,24,2,2,2,valid
3642,988557841,*c1ccc(Oc2ccc(-c3nc4ccc(-c5ccc6nc(*)c(-c7ccccc7)nc6c5)cc4nc3-c3ccccc3)cc2)cc1,0.46496815,77,2,40,1,4,0,valid
4105,1110214736,*c1ccc2c(c1)C(=O)N(c1cc(N3C(=O)c4ccc(C(*)(C(F)(F)F)C(F)(F)F)cc4C3=O)ccc1OCCCCCCOc1ccc(-c3ccc(OCC)cc3)cc1)C2=O,0.3582791,109,2,45,7,2,4,valid
6335,1717221182,*CCCCCCOc1ccc(CCc2ccc(O*)cc2C)cc1,0.37289188,33,2,21,2,0,0,valid
3317,908333095,*C(=O)Nc1cc(NC(=O)c2ccc3c(c2)C(=O)N(c2cc(-c4nnc(-c5ccccn5)o4)cc(N4C(=O)c5ccc(*)cc5C4=O)c2)C3=O)cc(-c2nnc(-c3ccccn3)o2)c1,0.38905414,120,2,44,8,10,6,valid
5074,1376346368,*c1ccc(-c2ccc(-c3ccc4c(c3)C(CCCCCCCC)(CCCCCCCC)c3cc(-c5ccc(*)s5)ccc3-4)s2)cn1,0.45492217,77,2,42,0,1,0,valid
3551,970455714,*CCCCOc1cccc(C(=O)OC(=O)c2cccc(O*)c2)c1,0.33788415,39,2,18,5,0,2,valid
5633,1527864576,*c1ccc(Nc2ccc(C3(c4ccc(Nc5ccc(S(*)(=O)=O)cc5)c(C)c4)c4ccccc4-c4ccccc43)cc2C)cc1,0.42014539,79,2,39,2,2,2,valid
161,48717962,*Nc1ccc([C@](C)(c2ccccc2)c2cccc(N*)c2)cc1,0.35081859,41,2,20,0,2,0,valid
7900,2127356325,*c1cc(CCCCCCCCCCCC)c(*)s1,0.41022463,25,2,16,0,0,0,valid
4040,1091865104,*c1ccc(Oc2cccc(Oc3ccc(N4C(=O)c5ccc(Oc6ccc(S(=O)(=O)c7ccc(Oc8ccc9c(c8)C(=O)N(*)C9=O)cc7)cc6)cc5C4=O)cc3)c2)cc1,0.3595073,109,2,46,10,2,6,valid
5594,1515872647,*CC(*)C(=O)N1CCOCC1,0.340331,19,2,7,2,1,1,valid
3144,852432684,*Nc1ccc(Cc2ccc(NC(=O)/C=C/c3ccc(/C=C/C(*)=O)cc3)cc2)cc1,0.3481612,55,2,25,2,2,4,valid
809,227298587,*CCOCCOC(=O)CCCCCCCC(=O)O*,0.34727992,26,2,13,5,0,2,valid
2084,560554259,*CC(*)(C)C(=O)OCC1CC(NC(=O)C2CC(NC(=O)OC(C)(C)C)CN2C(=O)OC(C)(C)C)CN1C(=O)C1CC(NC(=O)OC(C)(C)C)CN1C(=O)OC(C)(C)C,0.35571836,112,2,39,12,6,7,valid
2828,766636095,*CCCCCCOC(=O)C(CCCCCP(=O)(OCC)OCC)C(=O)OCCCCCCOc1ccc(-n2on2-c2ccc(O*)cc2)cc1,0.36679836,76,2,36,10,2,3,valid
4925,1335169485,*CCc1ccc(*)c(Br)c1,0.40939985,18,2,8,0,0,0,valid
4706,1267045105,*c1cc(C(c2ccc(OCCN(c3ccccc3)c3ccc(C=CC4=CC(=C(C#N)S(C)(=O)=O)CC(C)(C)C4)cc3)c(N3C(=O)c4ccc(Oc5ccc6c(c5)C(=O)N(*)C6=O)cc4C3=O)c2)(C(F)(F)F)C(F)(F)F)ccc1OCCN(c1ccccc1)c1ccc(C=CC2=CC(=C(C#N)S(C)(=O)=O)CC(C)(C)C2)cc1,0.37934659,212,2,85,11,6,14,valid
443,123705047,*C=CC1CC(*)C2C(=O)N(CCCCCCCCCC)C(=O)C12,0.37406215,39,2,19,2,1,3,valid
6492,1763893927,*Nc1ccc(Cc2ccc(NC(=O)c3cc(C(*)=O)cc(N4C(=O)C=CC4=O)c3)cc2)cc1,0.33700736,61,2,25,4,3,5,valid
7158,1932637388,*c1ccc(CC(=O)Nc2ccc(Oc3ccc(NC(=O)Cc4ccc(-c5sc(*)c(-c6ccccc6)c5-c5ccccc5)cc4)cc3)cc2)cc1,0.37963807,87,2,44,3,2,2,valid
7707,2077350791,*N=P(N=P(N=S(*)(=O)NCC)(NCC)NCC)(NCC)NCC,0.37475847,40,2,10,1,8,4,valid
5075,1376684295,*Oc1ccc(NC(=O)c2ccc(Oc3ccc(C(=O)Nc4ccc(*)cc4)cc3)cc2)cc1,0.35061579,56,2,26,4,2,2,valid
1563,419514472,*OP(=O)(Oc1ccc(OC)cc1)Oc1c(C)cc(S(=O)(=O)c2cc(C)c(*)c(C)c2)cc1C,0.35811043,63,2,23,7,0,3,valid
7306,1972109782,*c1ccc(C(=O)Oc2ccc(OC(=O)c3ccc(N4C(=O)CC(SCCOCCSC5CC(=O)N(*)C5=O)C4=O)cc3)cc2)cc1,0.33390562,81,2,32,9,2,6,valid
6800,1845492886,*CC(*)(C)C(=O)OCCCCCCN1CCN(c2ccc(N=Nc3ccc([N+](=O)[O-])cc3)cc2)CC1,0.36331592,66,2,26,4,5,3,valid
666,184918589,*CC#CCOC(=O)CCCCCCCCC(=O)O*,0.35810319,27,2,14,4,0,2,valid
7025,1898276477,*Nc1c(C)c(C)c(N*)c(C)c1C,0.358234115,24,2,10,0,2,0,valid
4462,1202982181,*Oc1ccc(CC(NC(=O)CCc2ccc(OC(=O)CCCCCCCCC(*)=O)cc2)C(=O)OCCCC)cc1,0.35549527,64,2,32,7,1,4,valid
6119,1659835488,*CC(C)(CC)COC(=O)c1ccc(C(=O)O*)cc1,0.35427733,34,2,14,4,0,2,valid
6704,1816744100,*c1ccc(Sc2cc3c(cc2Sc2ccc(N4C(=O)C5C6C=CC(C7C(=O)N(*)C(=O)C67)C5C4=O)cc2)C(=O)N(CCN(C)C)C3=O)cc1,0.3795624,95,2,34,6,4,7,valid
5620,1524213012,*c1cc(C=Nc2ccc3c(c2)c2cc(N=Cc4cc(*)c(O)c(*)c4)ccc2n3CCCC)ccc1O,0.36995322,62,3,30,2,3,2,valid
3291,901091575,*C(=O)OCCCCCCCCCCOC(=O)c1ccc(N2C(=O)c3ccc(*)cc3C2=O)cc1,0.34926735,55,2,26,6,1,4,valid
7852,2113953037,*Oc1ccc2cc(OC(=O)c3cccc(Oc4ccc(Oc5cccc(C(*)=O)c5)cc4)c3)ccc2c1,0.34970341,62,2,30,6,0,2,valid
2631,715482561,*C(=O)Nc1ccc(NC(=O)c2ccc3c(c2)C(=O)N(c2ccc(S(=O)(=O)c4ccc(N5C(=O)c6ccc(*)cc6C5=O)cc4)cc2)C3=O)cc1,0.3574338,97,2,36,8,4,8,valid
6396,1733763010,*Nc1ccccc1-c1ccccc1-c1cccc(-c2ccccc2-c2ccccc2)c1N*,0.36434103,50,2,30,0,2,0,valid
4250,1148927533,*CCCCCOC(=O)OCCCCCN1C(=O)c2ccc(C(=O)c3ccc4c(c3)C(=O)N(*)C4=O)cc2C1=O,0.33350028,68,2,28,8,2,6,valid
3889,1055096978,*C(=O)Oc1ccc(C2(c3ccc(OC(=O)c4ccc5c(c4)C(=O)N(c4ccc(-c6ccc(N7C(=O)c8ccc(*)cc8C7=O)cc6C)c(C)c4)C5=O)cc3)CCCCCCCCCCC2)cc1,0.36900879,119,2,56,8,2,6,valid
4347,1170534949,*Nc1c(C(C)C)cc(C2(c3cc(C(C)C)c(N*)c(C(C)C)c3)c3ccccc3-c3ccccc32)cc1C(C)C,0.41778352,72,2,37,0,2,0,valid
4660,1254752288,*Nc1ccc(-c2ccc3c(c2)C(C)(C)c2cc(-c4ccc(N*)cc4)ccc2-3)cc1,0.3647088899999999,56,2,27,0,2,0,valid
7299,1970744006,*Oc1ccc(C2(c3ccc(OC(*)=O)cc3)CC3CC2C2C4CCC(C4)C32)cc1,0.37460046,53,2,25,3,0,1,valid
2433,665327981,*C=C(*)C(CCCCC)[Si](C)(C)C,0.42424985,26,2,11,0,0,1,valid
7339,1981691204,*Nc1ccc(/C=C(/c2ccc(N*)cc2)c2cccc(C)c2)cc1,0.3641488,42,2,21,0,2,1,valid
5742,1559539391,*C(F)C(*)(F)OC(F)(F)F,0.31331253,21,2,3,1,0,0,valid
1807,485407995,*Oc1ccccc1C(=O)OC(=O)c1ccccc1OC(=O)CCCCC(*)=O,0.32762443,45,2,20,7,0,4,valid
4600,1241410417,*c1ccc(-c2ccc(N3C(=O)c4ccc(Oc5ccc6c(c5)C(=O)N(*)C6=O)cc4C3=O)cc2)cc1,0.37368209,68,2,28,5,2,4,valid
1280,345530183,*CC(C)(C)C1C(=O)N(CCCC)C(=O)C1*,0.35157211,31,2,12,2,1,2,valid
3149,854050780,*CCOCCOP(=O)(N=Nc1ccc(Oc2ccc(N=NP(=O)(O*)OC)cc2)cc1)OC,0.35616921,54,2,18,8,4,4,valid
7179,1939700854,*Nc1ccc([C@H](CC)c2ccc(C3(c4ccc([C@@H](CC)c5ccc(N*)cc5)cc4)CCCCC3)cc2)cc1,0.36956425,73,2,36,0,2,0,valid
3350,917149837,*C(=O)Nc1cccc(NC(=O)c2ccc3c(c2)C(=O)N(c2ccc(Oc4cccc5c(N6C(=O)c7ccc(*)cc7C6=O)cccc45)cc2)C3=O)n1,0.35579291,95,2,39,7,5,6,valid
2830,767346074,*CCCCCCCCCCCCOC(=O)c1ccc(-c2ccc(C(=O)O*)cc2)cc1,0.36151008,47,2,26,4,0,2,valid
6788,1841939316,*N[C@@H](C[C@@H](N*)[C@H](O)C[C@H](N)C(=O)O)C(=O)O,0.28753507,50,2,8,5,3,2,valid
3917,1059955409,*C(C)=C(*)[Si](C)(C)C[Si](C)(C)C,0.41481827,32,2,9,0,0,1,valid
757,212760661,*CCCCCC(=O)Nc1ccc(Oc2cccc(NC(=O)CCCCCN3C(=O)c4ccc(C(=O)c5ccc6c(c5)C(=O)N(*)C6=O)cc4C3=O)c2)cc1,0.33649448,94,2,41,8,4,7,valid
3173,861681123,*COC(=O)NCc1ccc(CNC(=O)OCc2ccc(*)o2)o1,0.32330608,38,2,14,6,2,2,valid
3782,1026585512,*Nc1ccc(CCNC(=O)CCCCC(*)=O)cc1,0.33119767,30,2,14,2,2,2,valid
820,230018905,*Oc1ccc(C(C)(C)c2ccc(Oc3nc(*)nc(Cl)n3)cc2)cc1,0.36279792,45,2,18,2,3,0,valid
462,129058504,*CCOC(=O)Nc1cc(NC(=O)O*)ccc1C,0.32591099,29,2,11,4,2,2,valid
3557,972393663,*Nc1ccc(C2(c3ccc(N*)cc3)Cc3ccccc3C2)cc1,0.35273195,39,2,21,0,2,0,valid
1740,469373885,*C=CC1CC(*)C(C(=O)OCCNC(C)(C)C)C1,0.37778417,33,2,14,2,1,2,valid
6507,1769217359,*N=P(*)(Oc1ccc(CC)cc1)Oc1ccc(CC)cc1,0.40095438,35,2,16,2,1,1,valid
929,257379568,*c1ccc(N2C(=O)c3ccc(-c4cccc5c4C(=O)N(*)C5=O)cc3C2=O)cc1,0.37822963,55,2,22,4,2,4,valid
3695,1001186326,*CCCCCCN1C(=O)c2ccc(C(c3ccc4c(c3)C(=O)N(*)C4=O)(C(F)(F)F)C(F)(F)F)cc2C1=O,0.34666187,73,2,25,4,2,4,valid
4485,1207409378,*C(C#N)=Cc1cc(C=C(C#N)c2ccc3c(c2)C(CCCCCCCC)(CCCCCCCC)c2cc(*)ccc2-3)cc(N(c2ccccc2)c2ccccc2)c1,0.41240529,93,2,53,0,3,2,valid
691,191836476,*CCCC(=O)NNC(=O)c1ccc(C(=O)NNC(=O)CCCOc2ccc(O*)c(C)c2)cc1,0.33330839,57,2,23,6,4,4,valid
126,37571918,*Nc1cc2ccc3ccc4c(N*)cc5ccc6ccc1c1c6c5c4c3c21,0.33562005,44,2,24,0,2,0,valid
467,131030961,*Oc1ccc(C(C)(C)c2ccc(OC(=O)c3ccc([Si](c4ccccc4)(c4ccccc4)c4ccc(C(*)=O)cc4)cc3)cc2)cc1,0.38062557,85,2,41,4,0,2,valid
3468,949343034,*C(=O)Nc1ccc(Oc2cccc(Oc3ccc(NC(=O)c4ccc5c(c4)C(=O)N(c4ccc(Oc6cccc(Oc7ccc(N8C(=O)c9ccc(*)cc9C8=O)cc7)c6C#N)cc4)C5=O)cc3)c2)cc1,0.35717581,125,2,55,10,5,6,valid
1864,504683650,*Oc1c(C)cc(*)cc1-c1ccccc1,0.40029131,25,2,13,1,0,0,valid
7895,2126001551,*Nc1c(F)c(F)c(F)c(N*)c1F,0.32142208,24,2,6,0,2,0,valid
4724,1271134038,*Oc1cccc2ccc(Oc3ccc(NC(=O)c4ccc(Oc5ccc(Oc6ccc(C(=O)Nc7ccc(*)cc7)cc6)cc5)cc4)cc3)cc12,0.35493198,84,2,42,6,2,2,valid
3272,895111852,*CC(COC(=O)O*)OCCCCCCCCCCCOc1ccc(C=Cc2ccc([N+](=O)[O-])cc2)cc1,0.35711055,62,2,29,7,1,3,valid
7432,2007312638,*Oc1ccc(C(c2ccc(Oc3ccc(C(=O)c4ccc(*)cc4)cc3)cc2)(C(F)(F)F)C(F)(F)F)cc1,0.37573653,70,2,28,3,0,1,valid
2368,644108438,*CC(OC(=O)OCC)C(COC(=O)O*)OC(=O)OCC,0.32380857,35,2,11,9,0,3,valid
850,236477815,*Nc1cccc(C(=C(c2ccccc2)c2ccccc2)c2cccc(N*)c2)c1,0.37210124,47,2,26,0,2,1,valid
2879,783421229,*c1cccc(P(=O)(c2cccc(N3C(=O)c4ccc(Oc5ccc6c(c5)C(=O)N(*)C6=O)cc4C3=O)c2)c2cc(C(F)(F)F)cc(C(F)(F)F)c2)c1,0.38638827,102,2,36,6,2,5,valid
4480,1206071463,*CC(*)(C)C(=O)OCCN(CC)c1ccc(N=Nc2ccc(S(C)(=O)=O)cc2)cc1,0.37573,55,2,21,4,3,4,valid
3811,1034236621,*C(=Cc1cc(OC)c(C=C(c2ccccc2)c2ccc(-c3ccc(*)cc3)cc2)cc1OC)c1ccccc1,0.3885182,65,2,36,2,0,2,valid
6487,1761132878,*CC(*)CN,0.36970834,8,2,3,0,1,0,valid
4634,1249625777,*CCCNC(=O)CNC(=O)C(NC(=O)C(Cc1ccccc1)NC(=O)CCCCCCCCC(=O)NC(Cc1ccccc1)C(=O)NC(C(=O)NCC(=O)NCCCOCCOCCO*)C(C)C)C(C)C,0.34386538,113,2,52,11,8,8,valid
2765,751321800,*Oc1ccc(S(=O)(=O)c2ccc(Oc3ccc(C(C)(C)c4ccc(*)cc4)cc3)c([N+](=O)[O-])c2)cc1[N+](=O)[O-],0.38190674,86,2,27,8,2,4,valid
4946,1339056719,*c1cccc(N2C(=O)c3ccc(Oc4ccc(Oc5ccc(Oc6ccc7c(c6)C(=O)N(*)C7=O)cc5)cc4)cc3C2=O)c1,0.3655675,79,2,34,7,2,4,valid
1217,325853121,*Oc1c(Br)cc(*)cc1Br,0.44645964,19,2,6,1,0,0,valid
4417,1189403071,*CC(O)COc1ccc(C(C)CC(C)(C)c2ccc(O*)cc2)cc1,0.35423541,42,2,21,3,0,0,valid
5997,1626805714,*CCOCCOCCOc1ccc(/C=C(\C)c2ccc(O*)cc2)cc1,0.36211153,40,2,21,4,0,1,valid
6276,1701555449,*c1ccc(N(c2ccc(C#N)cc2)c2ccc(N3C(=O)c4ccc(Oc5ccc(C(C)(C)c6ccc(Oc7ccc8c(c7)C(=O)N(*)C8=O)cc6)cc5)cc4C3=O)cc2)cc1,0.39244447,111,2,50,6,4,4,valid
6111,1656073293,*O[Si](C)(C)c1cccc2c([Si](*)(C)C)cccc12,0.41204539,39,2,14,1,0,0,valid
6493,1764253172,*Nc1cc(-c2ccc3ccccc3c2)cc(-c2ccc3ccccc3c2)c1N*,0.34590052,46,2,26,0,2,0,valid
3956,1071638401,*c1ccc(Oc2c(C)cc(-c3cc(C)c(Oc4ccc(N5C(=O)c6ccc(Oc7ccccc7Oc7ccc8c(c7)C(=O)N(*)C8=O)cc6C5=O)cc4C(F)(F)F)c(C)c3)cc2C)c(C(F)(F)F)c1,0.38084473,127,2,52,8,2,4,valid
3094,840186031,*C(=O)Nc1ccc(Cc2ccc(NC(=O)c3ccc4c(c3)C(=O)N(c3ccc(-c5sc(-c6ccc(N7C(=O)c8ccc(*)cc8C7=O)cc6)c(-c6ccccc6)c5-c5ccccc5)cc3)C4=O)cc2)cc1,0.38721196,130,2,59,6,4,6,valid
5717,1551100568,*c1ccc(Oc2ccc(P(=O)(c3ccccc3)c3ccc(Oc4ccc(-c5cc(*)n(-c6ccccc6)n5)cc4)cc3)cc2)cc1,0.39388717,80,2,39,3,2,1,valid
4515,1215820166,*Cc1ccc2oc(=O)c(C(=O)Nc3ccc(Oc4ccc(C(c5ccc(Oc6ccc(NC(=O)c7cc8cc(*)ccc8oc7=O)cc6)cc5)(C(F)(F)F)C(F)(F)F)cc4)cc3)cc2c1,0.34746519,116,2,48,8,2,4,valid
1804,484910075,*C(=O)Nc1cccc(NC(=O)c2ccc3[nH]c(-c4ccc(-c5nc6cc(*)ccc6[nH]5)cc4)nc3c2)c1,0.37664927,72,2,28,2,6,2,valid
2747,748602077,*O[Si](*)(C)CCCCCn1c2ccccc2c2ccccc21,0.37747009,36,2,17,1,0,0,valid
4228,1143195068,*c1ccc(OCCN(CCOc2ccc(-c3nc4ccc(Oc5ccc6nc(*)c(-c7ccccc7)nc6c5)cc4nc3-c3ccccc3)cc2)c2ccc(N=Nc3ccc([N+](=O)[O-])cc3C)cc2)cc1,0.38224032,121,2,57,5,8,2,valid
7373,1991040777,*C(OC(F)(F)F)C(*)(F)F,0.31744193,21,2,3,1,0,0,valid
1936,520586980,*NC1=C2C(=CC=CC2(N)N*)[C@@H](c2ccc(N)c3ccccc23)C=C1,0.3475975,51,2,20,0,4,4,valid
958,262479772,*C(=O)OCC(C)(C)CS(=O)(=O)CC(C)(C)COC(=O)N1CC(C)N(*)CC1C,0.35492706,55,2,18,6,2,4,valid
4008,1084524118,*c1ccc(Oc2ccc(-c3nc4cc5sc(*)nc5cc4s3)cc2)cc1,0.47726356,44,2,20,1,2,0,valid
7135,1927758769,*Nc1c(CC=C)cc(C2(c3cc(CC=C)c(N*)c(C(C)C)c3)c3ccccc3-c3ccccc32)cc1C(C)C,0.39746768,70,2,37,0,2,2,valid
1010,277002638,*CCCCCCCNC(=O)c1ccc(C(=O)N*)cc1,0.34342057,31,2,15,2,2,2,valid
5187,1405932277,*C1CCC(CC2CCC(N3C(=O)c4ccc(-c5ccc6c(c5)C(=O)N(*)C6=O)cc4C3=O)CC2)CC1,0.36947651,68,2,29,4,2,4,valid
7254,1959224488,*c1ccc(N(c2ccc(C#N)cc2)c2ccc(N3C(=O)c4ccc(Oc5ccc(C6(c7ccc(Oc8ccc9c(c8)C(=O)N(*)C9=O)cc7)c7ccccc7-c7ccccc76)cc5)cc4C3=O)cc2)cc1,0.41325752,126,2,60,6,4,4,valid
6659,1808438148,*C(*)C(=O)OC(C)C,0.38104788,16,2,5,2,0,1,valid
377,104743895,*C1CCCCC1S(*)(=O)=O,0.35327947,19,2,6,2,0,2,valid
3208,873238288,*Nc1cc(N)c(N)c(C)c1C(=O)Oc1cc(N)c(-c2cc(N)c(N)c(C)c2N)c(C)c1N*,0.32140926,62,2,22,2,8,1,valid
3489,953208758,*Nc1ccc(/C=C/c2c(-c3ccc4ccccc4c3)c(-c3ccc4ccccc4c3)c(N*)c(-c3ccc4ccccc4c3)c2-c2ccc3ccccc3c2)cc1,0.36715532,95,2,54,0,2,1,valid
5207,1412223212,*CC(*)(C)C(=O)OCc1ccc(OCCOCCOCCOCC)c(OCCOCCOCCOCC)c1,0.35316611,52,2,27,10,0,1,valid
1545,414711304,*Nc1ccc(-c2ccccc2)c(-c2c(C(C)C)cccc2C(C)C)c1N*,0.37421435,46,2,24,0,2,0,valid
1158,310898724,*Nc1ccc2ccc3c(N*)c(-c4ccc(C5(c6ccccc6)c6ccccc6-c6ccccc65)cc4)c(-c4ccc(C5(c6ccccc6)c6ccccc6-c6ccccc65)cc4)c4ccc1c2c34,0.38241769,116,2,66,0,2,0,valid
3182,865092427,*c1ccc(OC(=O)c2ccc(C(=O)Oc3ccc(C4(*)c5ccccc5C(=O)N4C)cc3)cc2)cc1,0.36865057,64,2,29,5,1,3,valid
1871,505451918,*c1ccc2c(c1)C(=O)N(c1ccc(Oc3c(C(C)(C)C)cc(-c4ccc(N5C(=O)c6ccc(C(*)(C(F)(F)F)C(F)(F)F)cc6C5=O)cc4)cc3C(C)(C)C)c(C(F)(F)F)c1)C2=O,0.41829634,127,2,46,5,2,4,valid
2814,764504672,*CCCCCCCCCCCCCCNC(=O)CCc1ccc(CCC(=O)N*)cc1,0.36896475,42,2,26,2,2,2,valid
4210,1138356248,*Nc1ccc([C@@]2(C)CCc3ccc(N*)cc32)cc1,0.35627346,36,2,16,0,2,0,valid
3676,996300632,*Oc1ccc(Oc2ccc(NC(=O)c3cc(C(=O)Nc4ccc(*)cc4)cc(C(C)(C)C)c3)cc2)cc1,0.36524897,66,2,30,4,2,2,valid
7367,1988515420,*C(=O)Nc1ccc(Cc2ccc(NC(=O)c3ccc4c(c3)C(=O)N(c3ccc(Oc5ccc(N6C(=O)c7ccc(*)cc7C6=O)cc5)cc3)C4=O)cc2)cc1,0.3587615,100,2,43,7,4,6,valid
6658,1808141855,*Oc1ccc(CC(NC(=O)CCc2ccc(OC(=O)CCCCCCCCC(*)=O)cc2)C(=O)OC(C)CC)cc1,0.35396317,66,2,32,7,1,4,valid
6662,1808991863,*CC(*)(Cl)C(=O)OCCCCCCOc1ccc(C(=O)Oc2ccc(OCCCC)cc2)cc1,0.35349732,54,2,26,6,0,2,valid
2356,641501724,*Nc1ccc(NC(=O)c2ccc(NC(=O)CCCCCCCCCCC(=O)Nc3ccc(C(*)=O)cc3)cc2)cc1C(=O)OCCCCCCCCCCCC,0.35299755,84,2,45,6,4,5,valid
5027,1365155281,*C#Cc1cccc(C#C[SiH](*)c2ccccc2)c1,0.45724186,33,2,16,0,0,0,valid
7785,2099106036,*CCCCCCCCCCCN1C(=O)c2ccc(-c3ccc(-c4ccc5c(c4)C(=O)N(*)C5=O)cc3)cc2C1=O,0.35197017,69,2,33,4,2,4,valid
6137,1665622920,*CCCCCCc1ccc(-c2c(-c3ccccc3)cc(-c3ccc(-c4cc(-c5ccccc5)c(-c5ccc(*)cc5)c(-c5ccccc5)c4-c4ccccc4)cc3)c(-c3ccccc3)c2-c2ccccc2)cc1,0.39784741,124,2,72,0,0,0,valid
1876,506639284,*c1ccc(Oc2ccc(C(=O)c3ccc(Oc4ccc(-c5c6c(c(*)c7ccccc57)C(=O)N(c5ccc(C(F)(F)F)cc5)C6=O)cc4)cc3)cc2)cc1,0.38171979,99,2,44,5,1,3,valid
5246,1423269762,*CCCCCCCC(=O)OCCOC(=O)CCCCCCCC1OCC2(COC(*)OC2)CO1,0.34857545,49,2,25,8,0,2,valid
2803,762368408,*C(=O)Nc1cccc(N2C(=O)CC(N3C(=O)c4ccc(*)cc4C3=O)C2=O)c1,0.34139674,54,2,19,5,3,5,valid
2566,696483165,*Oc1ccc(C(=Cc2ccc(-c3ccc(C=C(c4ccccc4)c4ccc(OC(=O)CCCCCCCCC(*)=O)cc4)cc3)cc2)c2ccccc2)cc1,0.3779872,89,2,50,4,0,4,valid
3342,915411038,*Oc1ccc(N=CCCCC=Nc2ccc(OC(=O)Nc3ccc(Cc4ccc(NC(*)=O)cc4)cc3)cc2)cc1,0.35326814,66,2,32,4,4,4,valid
6034,1637447040,*Oc1cc(Oc2ccc(C(C)(C)c3ccc(*)cc3)cc2)cc(C(=O)Oc2ccc(N=Nc3ccc(C#N)cc3)cc2)c1,0.37807662,75,2,35,4,3,2,valid
7526,2034484019,*Oc1ccc(OC(=O)c2ccc(OCCCCCCCCCCCCOc3ccc(C(*)=O)cc3)cc2)cc1S(=O)(=O)c1ccccc1,0.36220577,75,2,38,8,0,4,valid
3457,946893976,*Nc1cc(NC(=O)c2cccc(C(*)=O)c2)cc(C(=O)Oc2ccc(Oc3ccc(C#N)c(C#N)c3)cc2)c1,0.34874023,71,2,29,5,4,3,valid
5718,1551636938,*C(=O)Nc1ccc(Oc2ccc(NC(=O)c3ccc4c(c3)C(=O)N(c3cc(C(F)(F)F)cc(N5C(=O)c6ccc(*)cc6C5=O)c3Oc3ccc(C(F)(F)F)cc3)C4=O)cc2)cc1,0.36716401,118,2,44,8,4,6,valid
6648,1806252045,*COc1ccc(C(=O)OC(=O)c2ccc(O*)cc2)cc1,0.33358286,36,2,15,5,0,2,valid
2431,664875746,*CC(*)(C)C(=O)OCCCCCCOc1ccc(OC(=O)c2ccc(OCCCCCCCC)cc2)cc1,0.3596616,57,2,31,6,0,2,valid
5787,1570549360,*CC(*)c1nnn[nH]1,0.32198673,16,2,3,0,4,0,valid
3526,963896306,*CCN(CCCCCCOc1ccc(N=Nc2ccccc2)cc1)CCOC(=O)Nc1ccc(Cc2ccc(NC(=O)O*)cc2)cc1,0.35226534,72,2,37,5,5,3,valid
5884,1595605865,*CC(*)OC(=O)c1ccccc1,0.356021,20,2,9,2,0,1,valid
7517,2031413397,*CCN(CCOC(=O)c1cc(OC2CCN(c3ccc(S(=O)(=O)C(F)(F)C(F)(F)C(F)(F)C(F)(F)C(F)(F)C(F)(F)C(F)(F)C(F)(F)F)cc3)CC2)cc(C(=O)O*)c1)c1ccc(S(=O)(=O)C(F)(F)C(F)(F)C(F)(F)C(F)(F)C(F)(F)C(F)(F)C(F)(F)C(F)(F)F)cc1,0.34244923,196,2,45,9,2,6,valid
4566,1231928634,*C(=O)c1cc2c(cc1Cl)C(=O)N(c1c(C)cc(C)c(N3C(=O)c4cc(*)c(Cl)cc4C3=O)c1C)C2=O,0.41818103,74,2,26,5,2,5,valid
3790,1028677935,*c1ccc2c(c1)C(=O)N(c1ccc(Oc3ccc(C(=O)c4cccc(N5C(=O)c6ccc(C(*)(C(F)(F)F)C(F)(F)F)cc6C5=O)c4)cc3)cc1)C2=O,0.37383074,103,2,38,6,2,5,valid
3101,841226784,*CC(*)(C)C(=O)Oc1ccc(C(=O)Oc2ccc(-c3ccccc3)cc2)cc1,0.34391945,50,2,23,4,0,2,valid
5770,1565016562,*CCc1ccc(CCNC(=O)CCCCCCCCC(=O)N*)cc1,0.35145021,36,2,20,2,2,2,valid
3964,1074067336,*CC(*)C(=O)OCCCSC,0.38841806,17,2,7,2,0,1,valid
1928,518421541,*O[Si](C)(C)CCCCCCOC(=O)C(C)Oc1ccc(OC(=O)c2ccc(-c3ccc(OCCCCCCCCCC[Si](*)(C)C)cc3)cc2)cc1,0.38168515,88,2,42,7,0,2,valid
4797,1296143576,*O[Si](C)(C)CCCN=C1C=CC(=NCCC[Si](*)(C)C)c2c(O)ccc(O)c21,0.39150617,56,2,20,3,2,3,valid
3558,972435079,*CCOCCOCCOCCOC(=O)C=CC(=O)NCCCCCCNC(=O)C=CC(=O)O*,0.32877992,49,2,22,9,2,6,valid
2596,704923125,*COC(=O)Nc1ccc(Cc2ccc(NC(=O)OCc3cocc3*)cc2)cc1,0.33693682,46,2,21,5,2,2,valid
650,180949734,*N=P(*)(OCCc1ccccc1)OCCc1ccccc1,0.36125209,31,2,16,2,1,1,valid
1685,455272434,*CCN(CCOC(=O)Nc1ccc(C)c(NC(=O)O*)c1)c1ccc(N=Nc2ccc(C=Cc3nc4ccc([N+](=O)[O-])cc4n3CC)cc2)cc1,0.35619794,91,2,36,6,8,5,valid
5427,1474131719,*Oc1ccc(C(C)(C)c2ccc(OC(=O)Sc3ccc(C(C)(C)c4ccc(SC(*)=O)cc4)cc3)cc2)cc1,0.35298003,70,2,31,4,0,2,valid
4591,1239353537,*C(=O)OCCOC(=O)c1ccc(N2C(=O)c3ccc(*)cc3C2=O)cc1,0.3305321,47,2,18,6,1,4,valid
6019,1632815353,*C(=O)c1ccc(Oc2ccc(C3(c4ccc(Oc5ccc(C(=O)c6ccc7c(c6)C(=O)N(c6ccc(Oc8ccc(N9C(=O)c%10ccc(*)cc%10C9=O)cc8)cc6)C7=O)cc5)cc4)OC(=O)c4ccccc43)cc2)cc1,0.37651211,142,2,62,11,2,7,valid
3776,1025433212,*Oc1ccc(S(=O)(=O)c2ccc(Oc3ccc(C(C)(C)c4ccc(*)cc4)cc3)cc2N)c(N)c1,0.37039035,64,2,27,4,2,2,valid
5650,1532503851,*CCCCCNC(=O)CC(=O)N*,0.31630581,20,2,8,2,2,2,valid
5177,1402707423,*CC(*)(C)C(=O)OCCC(C)CC(C)(C)C,0.37283397,30,2,13,2,0,1,valid
4147,1122012910,*CC(*)(C)C(=O)OCCCOc1ccc2cc(C(=O)Oc3ccccc3)ccc2c1,0.34405824,49,2,24,5,0,2,valid
623,173616711,*c1ccc2c(c1)C(=O)N(c1cccc3c(N4C(=O)c5ccc(C(*)(C(F)(F)F)C(F)(F)F)cc5C4=O)cccc13)C2=O,0.40266196,83,2,29,4,2,4,valid
5939,1611331043,*CCCCCCCC(=O)N*,0.35123354,15,2,8,1,1,1,valid
5915,1605095414,*CC(*)C(=O)OCCCOc1ccc(C(=O)OCCCC(F)(F)C(F)(F)C(F)(F)C(F)(F)C(F)(F)C(F)(F)F)cc1,0.333167,78,2,22,5,0,2,valid
3223,878623302,*C1CC2CC1C(*)C2CCCCCC,0.40905206,21,2,13,0,0,0,valid
571,157943579,*C=CC1CC(*)C(C#N)([Si](C)(C)C)C1,0.40700493,32,2,11,0,1,1,valid
5349,1453388212,*COC(=O)Nc1ccc(Cc2ccc(NC(=O)OCc3ccc(*)o3)cc2)cc1,0.3423126,48,2,21,5,2,2,valid
1235,330874137,*Nc1ccc(C(=O)c2c(C)c(C)c(C(=O)c3ccc(NC(=O)c4ccc(C(*)=O)cc4)cc3)c(C)c2C)cc1,0.37667535,74,2,32,4,2,4,valid
1911,514517104,*Nc1ccc(C(C)(C)c2cccc(C(C)(C)c3cccc(N*)c3)c2)cc1,0.35536977,48,2,24,0,2,0,valid
1155,310494439,*CC(*)n1ccnc1,0.35410749,13,2,5,0,2,0,valid
2205,597719463,*Oc1cccc(Oc2ccc(C(=O)c3ccc(*)cc3)cc2)c1,0.36602466,39,2,19,3,0,1,valid
1310,354498686,*Oc1ccc(OC(=O)c2ccc(C(*)=O)cc2Oc2ccc(Cl)cc2)cc1,0.35330585,47,2,20,5,0,2,valid
3207,873004206,*c1ccc(Oc2ccc(-c3ccc(Oc4ccc(N5C(=O)c6ccc(Oc7ccc(Sc8ccc(Oc9ccc%10c(c9)C(=O)N(*)C%10=O)cc8)cc7)cc6C5=O)cc4)cc3)cc2)cc1,0.36939171,116,2,51,8,2,4,valid
6742,1828496288,*c1ccc(C(=O)NC(CC)COC(=O)c2ccc(N3C(=O)CC(SCCCCCSC4CC(=O)N(*)C4=O)C3=O)cc2)cc1,0.34187681,77,2,31,7,3,6,valid
128,37727451,*C(=O)Nc1ccc(C)cc1N1C(=O)CC(N2C(=O)c3ccc(*)cc3C2=O)C1=O,0.34915334,55,2,20,5,3,5,valid
833,232607063,*CCCCCCCCCCCOC(=O)Nc1ccc(NC(=O)OCCCCCCCCCCCOc2ccc(-c3ccc(O*)cc3)cc2)c(C)c1,0.36758677,74,2,43,6,2,2,valid
7655,2066192425,*CC(*)(CC(=O)OC(C)C)C(=O)OC(C)C,0.37215507,31,2,11,4,0,2,valid
6878,1864197716,*Oc1c(C)cc(C(C)(C)c2cc(C)c(OC(=O)c3ccc(C(*)=O)cc3)c(C)c2)cc1C,0.39431974,61,2,27,4,0,2,valid
5873,1591681848,*Nc1ccc(-c2c(-c3ccccc3)ccc(N*)c2-c2ccccc2)cc1,0.36149058,45,2,24,0,2,0,valid
4151,1123352348,*CC(=O)Nc1ccc(Oc2ccc(Oc3ccc(NC(=O)CN4C(=O)c5ccc(C(=O)c6ccc7c(c6)C(=O)N(*)C7=O)cc5C4=O)cc3)cc2)cc1,0.34069553,97,2,39,9,4,7,valid
6692,1814705967,*CCCC1(C)CCN(C(=O)CCC(=O)N2CCC(*)(C)CC2)CC1,0.34856982,43,2,19,2,2,2,valid
936,258775514,*CC(*)(C)C(=O)OCCCCCCCCCCCCCCCCCC,0.39721388,33,2,22,2,0,1,valid
132,39109326,*CCN(CCOC(=O)NCC1(C)CC(NC(=O)O*)CC(C)(C)C1)c1ccc(N=Nc2ccc(P(=O)(c3ccccc3)c3ccccc3)cc2)cc1,0.36633956,89,2,40,5,5,4,valid
5372,1458835114,*CC(*)c1ccc(C#N)cc1,0.40396396,19,2,9,0,1,0,valid
7604,2053208810,*c1ccc(N2C(=O)c3ccc(C(=O)c4ccc5c(c4)C(=O)N(c4ccc(-c6nc7cc(Oc8ccc9nc(-c%10ccccc%10)c(*)nc9c8)ccc7nc6-c6ccccc6)cc4)C5=O)cc3C2=O)cc1,0.41165056,129,2,57,6,6,5,valid
7540,2037755126,*Oc1ccc(S(=O)(=O)c2ccc(Oc3c(C)cc(C(c4cc(C)c(*)c(C)c4)(C(F)(F)F)C(F)(F)F)cc3C)cc2[Si](C)(C)C)c([Si](C)(C)C)c1,0.41286543,108,2,37,4,0,2,valid
7882,2121841286,*CC(*)c1ccc([Si](C)(C)O)cc1,0.41238443,27,2,10,1,0,0,valid
711,199401973,*Oc1ccc(OC(=O)c2ccc(OCCCCCCCCCCOc3ccc(C(*)=O)cc3)cc2)cc1S(=O)(=O)c1ccccc1,0.35673875,73,2,36,8,0,4,valid
5042,1367679735,*CC1CCC(COP(=O)(N=Nc2ccc(C(=O)c3ccc(N=NP(=O)(O*)OC)cc3)cc2)OC)CC1,0.36569586,65,2,23,7,4,5,valid
4929,1335837736,*C(=O)OCCN(CCOC(=O)c1ccc2c(c1)C(=O)N(c1cccc(N3C(=O)c4ccc(*)cc4C3=O)c1)C2=O)c1ccc(N=Nc2ccc(C)cc2)cc1,0.35543807,99,2,41,8,5,7,valid
4671,1257792790,*O[Si](C)(CCC(F)(F)C(F)(F)C(F)(F)C(F)(F)C(F)(F)C(F)(F)F)O[Si](C)(C)c1ccc([Si](*)(C)C)cc1,0.39205725,88,2,19,2,0,0,valid
1132,303176560,*Nc1ccc(C2(c3ccccc3N*)CCCCC2)cc1,0.35257654,32,2,18,0,2,0,valid
987,269388015,*Oc1ccc(C(c2ccc(OP3(Oc4ccc(C(=O)OCCC)cc4)=NP(Oc4ccc(C(=O)OCCC)cc4)(Oc4ccc(C(=O)OCCC)cc4)=NP(*)(Oc4ccc(C(=O)OCCC)cc4)=N3)cc2)(C(F)(F)F)C(F)(F)F)cc1,0.35657352,146,2,55,14,3,7,valid
5508,1495561124,*c1cccc(C(=O)Nc2ccc(Oc3ccc(S(=O)(=O)c4ccc(Oc5ccc(NC(=O)c6cccc(N7C(=O)c8ccc(-c9ccc%10c(c9)C(=O)N(*)C%10=O)cc8C7=O)c6)cc5)cc4)cc3)cc2)c1,0.35728456,134,2,54,10,4,8,valid
6026,1634828189,*CC(c1ccccc1)C1C(=O)N(c2ccc(NC(=O)OCC3CCCN3c3ccc([N+](=O)[O-])cc3)cc2)C(=O)C1*,0.35437904,78,2,30,6,4,4,valid
5922,1607507482,*CCOC(=O)C(C)O*,0.33713195,15,2,5,3,0,1,valid
4,539187,*Oc1ccc(OC(=O)c2cc(OCCCCCCCCCOCC3CCCN3c3ccc([N+](=O)[O-])cc3)c(C(*)=O)cc2OCCCCCCCCCOCC2CCCN2c2ccc([N+](=O)[O-])cc2)cc1,0.35547017,118,2,54,12,4,4,valid
3449,945057179,*c1ccc(Oc2c(C)cc(C(c3cc(C)c(Oc4ccc(N5C(=O)c6ccc(-c7ccc8c(c7)C(=O)N(*)C8=O)cc6C5=O)cc4)c(C)c3)c3cccc4ccccc34)cc2C)cc1,0.39971724,116,2,55,6,2,4,valid
6450,1751325850,*CC(*)C(=O)Oc1ccc(OC)cc1,0.33742314,24,2,10,3,0,1,valid
3532,966245387,*c1ccc(NC(=O)c2cccc(C(=O)Nc3ccc(S(*)(=O)=O)cc3)c2)cc1,0.34764197,53,2,20,4,2,4,valid
7261,1961009790,*Nc1ccc(C(=C(CC)c2ccccc2)c2ccc(N*)cc2)cc1,0.36784102,41,2,22,0,2,1,valid
3002,815998527,*CCCCCCOP(=O)(N=Nc1ccc(C(=O)c2ccc(N=NP(=O)(O*)OC)cc2)cc1)OC,0.3606996,59,2,21,7,4,5,valid
2816,764633726,*CCOCCOCCOCCOC(=O)NCCCCCCNC(=O)O*,0.3380047,33,2,16,7,2,2,valid
5867,1590491705,*c1ccc2c(c1)C(=O)N(c1cccc(Oc3ccc(N4C(=O)c5ccc(-c6c(-c7ccccc7)c(-c7ccccc7)c(-c7ccc(Oc8ccc(-c9c(-c%10ccccc%10)c(-c%10ccccc%10)c(*)c(-c%10ccccc%10)c9-c9ccccc9)cc8)cc7)c(-c7ccccc7)c6-c6ccccc6)cc5C4=O)cc3)c1)C2=O,0.39872119,207,2,100,6,2,4,valid
4350,1171923773,*Nc1ccc([C@H](C)c2ccc(C(CCCC)c3ccc([C@@H](C)c4ccc(N*)cc4)cc3)cc2)cc1,0.36515652,68,2,33,0,2,0,valid
5579,1512714339,*CC(*)(C)C(=O)OCCCCCCOc1ccc(N=Nc2ccncc2)cc1,0.36156812,43,2,21,3,3,2,valid
5401,1468461975,*c1ccc(Oc2ccc(N3C(=O)C4CCC5C(=O)N(*)C(=O)C5C4C3=O)cc2)cc1,0.36953337,57,2,22,5,2,4,valid
1966,530220535,*Oc1ccc2c(c1)C(C)(c1ccc(OC(=O)c3ccc(C(*)=O)cc3)cc1)CC2(C)C,0.37005888,58,2,26,4,0,2,valid
7307,1972780662,*CC(*)C(=O)OCCOCC,0.35976017,17,2,7,3,0,1,valid
7316,1974978740,*C=C(*)c1c(C)cc(C(C)(C)C)cc1C,0.44377353,29,2,14,0,0,1,valid
7122,1923557092,*Oc1ccc(C(c2ccc(Oc3ccc(C(=O)c4ccc(C(C)(C)c5ccc(C(=O)c6ccc(*)cc6)cc5)cc4)cc3)cc2)(C(F)(F)F)C(F)(F)F)cc1,0.38148615,102,2,44,4,0,2,valid
1308,354467864,*C1C(=O)N(c2cc(Br)c(O[Si](C)(C)C)c(Br)c2)C(=O)C1*,0.45389033,49,2,13,3,1,2,valid
3689,999723050,*CCOC(=O)C1C2C=CC(C2)C1C(=O)O*,0.33382733,30,2,11,4,0,3,valid
643,179976364,*Oc1ccc(NC(=O)c2ccc(C(=O)Nc3ccc(Oc4ccc(C(=O)c5ccc(*)cc5)cc4)cc3)cc2)cc1,0.35575698,71,2,33,5,2,3,valid
4253,1149265769,*NCc1cccc(N*)c1,0.32297138,15,2,7,0,2,0,valid
4217,1141098203,*CC(*)(C)C(=O)Oc1cc(C)cc(C)c1,0.36781222,29,2,12,2,0,1,valid
4679,1260132541,*c1ccc(Cc2ccc(N3C(=O)c4ccc([Si](C)(C)c5ccc6c(c5)C(=O)N(*)C6=O)cc4C3=O)cc2)cc1,0.39071977,77,2,31,4,2,4,valid
960,263068772,*C=CCCCCCCCCCC(CCCCCCCCC*)COCCOCCOCCOCCOCc1ccc2ccc3cccc4ccc1c2c34,0.37379395,65,2,47,5,0,1,valid
2260,614253049,*Oc1ccc(CC(NC(=O)CCc2ccc(OC(=O)CCCCCCCCC(*)=O)cc2)C(=O)OCc2ccccc2)cc1,0.34821284,69,2,35,7,1,4,valid
3135,848462258,*CC(*)OC(=O)c1cccc(Cl)c1,0.35874129,24,2,9,2,0,1,valid
6706,1817586753,*CCCCCCCCCNC(=O)c1ccc(C(=O)N*)cc1,0.34919746,33,2,17,2,2,2,valid
5575,1511995434,*Nc1cccc(-c2cc(-c3ccc(C4(c5ccccc5)c5ccccc5-c5ccccc54)cc3)c(-c3ccc(C4(c5ccccc5)c5ccccc5-c5ccccc54)cc3)c(-c3ccc(C4(c5ccccc5)c5ccccc5-c5ccccc54)cc3)c2N*)c1,0.38354872,152,2,87,0,2,0,valid
5911,1603750308,*CC(*)C(=O)OCCCCCCOc1ccc(C(=O)Oc2ccc(OC)cc2)cc1,0.34223337,47,2,23,6,0,2,valid
1329,359677253,*Oc1cccc(NC(=O)c2ccc(C(=O)Nc3ccc(*)cc3)cc2)c1,0.34535991,45,2,20,3,2,2,valid
6804,1846410609,*OC(=O)c1ccc(SCCCCSc2ccc(C(*)=O)cc2)cc1,0.36348377,39,2,17,3,0,2,valid
1107,296827731,*CCN(CCOC(=O)NC(C)(C)c1cccc(C(C)(C)NC(=O)O*)c1)c1ccc(N=Nc2ccc([N+](=O)[O-])cc2)cc1,0.34971424,82,2,30,6,6,4,valid
3054,828807298,*C(=O)c1ccc2c(c1)C(=O)N(c1ccc(Oc3ccc(C(=O)c4cccc(C(=O)c5ccc(Oc6ccc(N7C(=O)c8ccc(*)cc8C7=O)cc6C(F)(F)F)cc5)n4)cc3)c(C(F)(F)F)c1)C2=O,0.36226702,131,2,50,9,3,7,valid
5079,1377849521,*CC(*)c1ccc(COCCO)cc1,0.34743668,21,2,11,2,0,0,valid
4343,1169954236,*c1ccc2c(c1)C(=O)N(c1ccc(Oc3cc(C(C)(C)C)c(Oc4ccc(N5C(=O)c6ccc(C(*)(C(F)(F)F)C(F)(F)F)cc6C5=O)cc4)cc3C(C)(C)C)cc1)C2=O,0.41309361,117,2,45,6,2,4,valid
2680,729574569,*CC(*)(C)C(=O)OC(C(F)(F)F)C(F)(F)F,0.33395408,34,2,7,2,0,1,valid
4642,1251718993,*C(=O)CCCCCCCCC(=O)N1CC(C)N(*)CC1C,0.35664394,34,2,16,2,2,2,valid
5405,1469078897,*CCc1ccc(*)c(C)c1,0.39177788,17,2,9,0,0,0,valid
4659,1254412515,*C#Cc1cccc(C#C[SiH](*)C)c1,0.48442803,26,2,11,0,0,0,valid
3329,911981082,*CC(*)c1ccc(C(=O)OCC(C)C)cc1,0.38415931,28,2,13,2,0,1,valid
6375,1727053406,*Oc1cccc(Oc2ccc(-c3ccc(*)cc3)cc2)c1C#N,0.37561604,38,2,19,2,1,0,valid
584,161723503,*c1cccc(Oc2cccc(Oc3cccc(Oc4cccc(Oc5cccc(N6C(=O)c7ccc(Oc8ccc9c(c8)C(=O)N(*)C9=O)cc7C6=O)c5)c4C#N)c3)c2C#N)c1,0.36435311,107,2,48,9,4,4,valid
2779,756378273,*c1ccc(-c2ccc(-c3cc(CCCCCCCC)c(-c4ccc(-c5sc(*)cc5CCCCCCCC)cc4)s3)cc2)cc1,0.4395737,72,2,42,0,0,0,valid
5678,1539719616,*CCC1C(=O)N(CCCCCCCCCCCC)C(=O)C1*,0.37602495,33,2,18,2,1,2,valid
2107,567984921,*c1ccc(Oc2ccc(NC(=O)c3ccc(Oc4cccc5c4C(=O)N(*)C5=O)cc3)cc2)cc1,0.35386681,61,2,27,5,2,3,valid
6786,1840821848,*CC(*)c1ccc(COCCC(F)(F)C(F)(F)C(F)(F)C(F)(F)C(F)(F)C(F)(F)F)cc1,0.35405781,63,2,17,1,0,0,valid
597,165718490,*Oc1ccc(OC(=O)c2cccc(C(*)=O)c2)cc1,0.34002777,34,2,14,4,0,2,valid
3171,861281692,*Oc1ccc(C(c2ccccc2)(c2ccccc2)c2ccc(Oc3ccc4c(=O)n5c6cc(-c7ccc8c(c7)nc7c9ccc(*)c%10cccc(c(=O)n87)c%109)ccc6nc5c5cccc3c45)cc2)cc1,0.40111229,126,2,61,4,4,2,valid
6570,1786272690,*Oc1ccc(NC(=O)c2ccc(C(c3ccc(C(=O)Nc4ccc(Oc5ccc(C6(c7ccc(*)cc7)C7CC8CC(C7)CC6C8)cc5)cc4)cc3)(C(F)(F)F)C(F)(F)F)cc2)cc1,0.36728029,117,2,51,4,2,2,valid
6344,1719193785,*CCCCCCNC(=O)CCCCCCCC(=O)N*,0.35199351,27,2,15,2,2,2,valid
4903,1329795537,*CC(O)COC(=O)CCCCCCCCCCC(=O)OCC(O)COc1ccc(O*)cc1,0.34177602,48,2,24,8,0,2,valid
3590,978251240,*C(=O)c1ccc2c(c1)C(=O)N(c1cccc(C(O)c3cccc(N4C(=O)c5ccc(*)cc5C4=O)c3)c1)C2=O,0.36289032,75,2,30,6,2,5,valid
886,246955408,*Oc1ccc(NC(=O)c2ccc(Oc3ccc(C(C)(C)c4cccc(C(C)(C)c5ccc(Oc6ccc(C(=O)Nc7ccc(Oc8ccc(C(c9ccc(*)cc9)(C(F)(F)F)C(F)(F)F)cc8)cc7)cc6)cc5)c4)cc3)cc2)cc1,0.3636083,143,2,65,6,2,2,valid
4578,1236372812,*C(=O)Nc1ccc(Oc2ccc(C(C)(C)c3ccc(Oc4ccc(NC(=O)c5ccc6c(c5)C(=O)N(c5ccc(Oc7ccc8ccc(Oc9ccc(N%10C(=O)c%11ccc(*)cc%11C%10=O)cc9)cc8c7)cc5)C6=O)cc4)cc3)cc2)cc1,0.36074861,153,2,67,10,4,6,valid
1611,433650150,*c1ccc(Oc2ccc(C(C)(C)c3ccc(Oc4ccc(-c5nc(-c6ccccn6)nnc5*)cc4)cc3)cc2)cc1,0.39013945,71,2,35,2,4,0,valid
2869,781403971,*CC(O)CN(*)c1cc(C)cc(C)c1,0.38340984,25,2,11,1,1,0,valid
176,52868719,*CC(*)C(=O)OCCSCCCC#N,0.38452978,21,2,9,2,1,1,valid
3400,931521712,*NC1=CC=C2C=CC=C[C@H]2[C@@H]1c1c(N*)ccc2ccccc12,0.34641044,47,2,20,0,2,4,valid
1935,520557915,*Oc1ccccc1C(=O)OC(=O)c1ccccc1OC(=O)CCCCCCCC(*)=O,0.33709965,48,2,23,7,0,4,valid
3277,895465907,*CCCCCCCCNC(=O)c1cccc(C(=O)N*)c1,0.34757271,32,2,16,2,2,2,valid
7894,2125841447,*Nc1ccc(C2(c3ccc(N*)cc3[C@]34C[C@H]5C[C@H](C[C@H](C5)C3)C4)c3ccccc3-c3ccccc32)c([C@]23C[C@H]4C[C@H](C[C@H](C4)C2)C3)c1,0.39009071,118,2,45,0,2,0,valid
5338,1450812051,*Oc1ccc(OC(=O)c2ccc(C(*)=O)cc2)cc1C(F)(F)F,0.33995878,42,2,15,4,0,2,valid
4360,1175281698,*Oc1ccc(C(C)(C)c2ccc(OC(=O)c3ccc4c(c3)C(C)(c3ccc(C(*)=O)cc3)CC4(C)C)cc2)cc1,0.37916583,75,2,35,4,0,2,valid
3088,839165953,*N[C@@H](CCC[C@H](N*)C(=O)[C@@H](N)[C@@H](C)O)C(=O)O,0.30156557,52,2,10,4,3,2,valid
2166,586189423,*CC(CSCC)O*,0.41785443,11,2,5,1,0,0,valid
6173,1674948032,*Sc1c(C)cc(*)cc1C,0.42844078,17,2,7,0,0,0,valid
638,177999649,*O[Si](C)(C)O[Si](C)(C)O[Si](C)(C)O[Si](C)(c1ccccc1)c1cccc([Si](*)(C)c2ccccc2)c1,0.41493555,80,2,26,4,0,0,valid
6630,1801218015,*CCOCCOc1ccc(C(=O)OC(=O)c2ccc(O*)cc2)cc1,0.33440308,40,2,18,6,0,2,valid
2081,559874694,*Oc1cc(O*)cc(Oc2ccc(C#N)c(*)c2)c1,0.35031084,33,3,13,3,1,0,valid
2350,639845225,*c1ccc(-c2ccc3nc(Oc4cc(-c5ccccc5)c5cc(*)ccc5n4)cc(-c4ccccc4)c3c2)cc1,0.39441053,68,2,36,1,2,0,valid
140,41644742,*Oc1ccc(OC(=O)c2cc(OCCCCOCC3CCCN3c3ccc([N+](=O)[O-])cc3)c(C(*)=O)cc2OCCCCOCC2CCCN2c2ccc([N+](=O)[O-])cc2)cc1,0.34909461,108,2,44,12,4,4,valid
3834,1039097467,*CCC(C)(C)CC(C)COC(=O)c1ccc(C(=O)O*)cc1,0.34932417,39,2,17,4,0,2,valid
3760,1019871749,*NC[C@@]12C[C@H]3C[C@@H](C1)C[C@](c1ccc(N*)cc1)(C3)C2,0.34037658,53,2,17,0,2,0,valid
7942,2140546586,*C(=O)Oc1c(C)cc(C(C)(C)c2cc(C)c(OC(=O)c3ccc4c(c3)C(=O)N(c3ccc(-c5ccc(N6C(=O)c7ccc(*)cc7C6=O)cc5C)c(C)c3)C4=O)c(C)c2)cc1C,0.39302078,120,2,51,8,2,6,valid
6914,1871161866,*c1ccc(Oc2ccc(-c3ccc(Oc4ccc(N5C(=O)c6ccc(Oc7ccc(Oc8ccc9c(c8)C(=O)N(*)C9=O)cc7)cc6C5=O)cc4)cc3)cc2)cc1,0.36844586,101,2,46,8,2,4,valid
3362,920265814,*c1cccc(C(=O)Nc2ccc(Oc3ccc(C(C)(C)c4ccc(Oc5ccc(NC(=O)c6cccc(N7C(=O)c8ccc(-c9cccc%10c9C(=O)N(*)C%10=O)cc8C7=O)c6)cc5)cc4)cc3)cc2)c1,0.36163095,130,2,57,8,4,6,valid
1118,299097300,*C(*)C(=O)OC,0.33876364,12,2,3,2,0,1,valid
2603,707686102,*Nc1ccc(Oc2ccc(Oc3ccc(N*)cc3)c3c2[C@H]2c4ccccc4[C@@H]3c3ccccc32)cc1,0.37675561,67,2,32,2,2,0,valid
217,62619449,*Oc1ccc(C(=O)Nc2ccc(C(c3ccc(NC(=O)c4ccc(OC(=O)c5cccc(C(*)=O)c5)cc4)cc3)(C(F)(F)F)C(F)(F)F)cc2)cc1,0.347323,97,2,37,6,2,4,valid
1299,351780192,*CCOCCOC(=O)CCCCCC(=O)O*,0.33523458,24,2,11,5,0,2,valid
5765,1564078436,*C(=O)Nc1ccc(Oc2ccc(C(C)(C)c3cccc(C(C)(C)c4ccc(Oc5ccc(N6C(=O)c7ccc(*)cc7C6=O)cc5)cc4)c3)cc2)cc1,0.36727722,95,2,45,5,2,3,valid
788,222144803,*Nc1cc2ccc(N*)c3c4cccc5cccc(c(c1)c23)c54,0.33646603,40,2,20,0,2,0,valid
7605,2053534445,*CC(CC(C)C)S(*)(=O)=O,0.37757511,21,2,6,2,0,2,valid
678,189585434,*Oc1ccc(Oc2ccc(C(=O)Nc3ccc(Cc4ccc(NC(=O)c5ccc(*)cc5)cc4)cc3)cc2)cc1,0.35716326,67,2,33,4,2,2,valid
4831,1306591589,*Oc1ccc(Oc2ccc(S(=O)(=O)c3ccc(-c4ccc(S(=O)(=O)c5ccc(*)cc5)cc4)cc3)cc2)cc1,0.36986468,73,2,30,6,0,4,valid
342,95396471,*c1ccc2c(c1)C(CCCCCC)(CCCCCC)c1cc(*)ccc1-2,0.42664647,42,2,25,0,0,0,valid
3862,1047765125,*C(=O)c1ccc2c(c1)C(=O)N(c1cc(Br)c(Oc3c(Br)cc(N4C(=O)c5ccc(*)cc5C4=O)cc3Br)c(Br)c1)C2=O,0.42586088,86,2,29,6,2,5,valid
7677,2071087091,*Oc1ccc(C(C)(c2ccccc2)c2ccc(Oc3c(F)c(F)c(C(=O)c4c(F)c(F)c(*)c(F)c4F)c(F)c3F)cc2)cc1,0.37735643,83,2,33,3,0,1,valid
1211,324392817,*CCN(*)C(=O)CCCCCCCCCCC,0.38506928,23,2,14,1,1,1,valid
7740,2087529784,*C(=O)c1ccc2c(c1)C(=Nc1cccc(Oc3cccc(Oc4cccc(N=C5OC(=O)c6ccc(*)cc65)c4)c3)c1)OC2=O,0.35278937,81,2,35,7,2,5,valid
7811,2104215335,*Oc1ccc2cc(Oc3ccc4c(=O)n5c6cc(-c7ccc8c(c7)nc7c9ccc(*)c%10cccc(c(=O)n87)c%109)ccc6nc5c5cccc3c45)ccc2c1,0.37975728,101,2,46,4,4,2,valid
2899,789200912,*CC(*)c1c(Cl)cccc1Cl,0.39048668,20,2,8,0,0,0,valid
7958,2144112404,*c1ccc(Nc2ccc(C3(c4ccc(Nc5ccc(S(*)(=O)=O)cc5)cc4)c4ccccc4-c4ccccc43)cc2)cc1,0.40928842,75,2,37,2,2,2,valid
1220,327432808,*Oc1ccc(S(=O)(=O)c2ccc(*)cc2)c2ccccc12,0.36846516,38,2,16,3,0,2,valid
2853,777333329,*c1ccc2c(c1)C(=O)N(c1cc(Oc3c(C)cc(-c4cc(C)c(Oc5cc(N6C(=O)c7ccc(C(*)(C(F)(F)F)C(F)(F)F)cc7C6=O)cc(C(F)(F)F)c5)c(C)c4)cc3C)cc(C(F)(F)F)c1)C2=O,0.39069947,140,2,49,6,2,4,valid
2497,679274532,*Nc1cc(C)c(Cc2ccc(CCCCCCCCCCCCCCc3ccc(Cc4c(C)cc(N*)cc4C)cc3)cc2)c(C)c1,0.36028075,70,2,44,0,2,0,valid
1420,381822281,*CC(*)P(=O)(Oc1ccccc1)N(C)C,0.35079311,27,2,10,2,1,1,valid
17,4658296,*Nc1ccc(C(c2ccc(NC(=O)c3ccc(C(*)=O)cc3)cc2)(P2(=O)Oc3ccccc3-c3ccccc32)P2(=O)Oc3ccccc3-c3ccccc32)cc1,0.36326495,99,2,45,6,2,4,valid
3528,965296987,*C(C)C(*)C(=O)OC12CC3CC(C)(CC(C)(C3)C1)C2,0.39846139,41,2,16,2,0,1,valid
7947,2141765674,*Nc1cc2cc3ccc4cc5cc6ccccc6cc5cc4c3cc2c(-c2ccccc2)c1N*,0.35825873,53,2,32,0,2,0,valid
5242,1422047403,*C[Si](C)(C)[Si](C)(C)[Si](C)(C)[Si](*)(C)C,0.44384338,43,2,9,0,0,0,valid
5374,1458930812,*CCCCCCCCCCCCc1nc2ccc(-c3ccc4nc(*)oc4c3)cc2o1,0.39112847,45,2,26,2,2,0,valid
919,255108764,*c1ccc2c(c1)C(=O)N(c1ccc(C(=O)Nc3ccc(Oc4ccc(-c5ccc(Oc6ccc(NC(=O)c7ccc(N8C(=O)c9ccc(C(*)(C(F)(F)F)C(F)(F)F)cc9C8=O)cc7)cc6)cc5)cc4)cc3)cc1)C2=O,0.36084666,142,2,57,8,4,6,valid
3466,949132343,*OC(CC)CC(*)=O,0.34556434,14,2,5,2,0,1,valid
7612,2055251139,*CC(*)(C)C(=O)OCCCCOc1ccc(C(=O)Oc2ccc(OC)cc2)cc1,0.33838791,48,2,22,6,0,2,valid
6348,1720612082,*CCc1ccc(*)c(Cl)c1,0.39148425,18,2,8,0,0,0,valid
1092,294894075,*c1ccc(C2(c3ccc(-c4cc(-c5ccccc5)c5cc(C6(c7ccc8nc(*)cc(-c9ccccc9)c8c7)c7ccccc7C(=O)c7ccccc76)ccc5n4)cc3)c3ccccc3-c3ccccc32)cc1,0.47578212,125,2,69,1,2,1,valid
7283,1966848887,*CCCCCCCCNC(=O)CCCCCCCCCCCCCCCCC(=O)N*,0.37735264,38,2,26,2,2,2,valid
5534,1502465383,*Nc1ccc(-c2ccc3c(c2-c2ccc(N*)c(C)c2)Cc2ccccc2-3)cc1C,0.36453901,52,2,27,0,2,0,valid
258,73489735,*CCN(*)C(=O)c1c(F)c(F)c(F)c(F)c1F,0.33673412,33,2,9,1,1,1,valid
6987,1889214322,*c1ccc2c(c1)C(CCCCCCCC)(CCCCCCCC)c1cc(-c3ccc4c(c3)C3(CC(C)(C)CC(C)(C)C3)c3cc(*)ccc3-4)ccc1-2,0.41639141,92,2,51,0,0,0,valid
3788,1028383994,*COc1ccc(C(C)(C)c2ccc(Oc3ccc(*)n3-c3ccc([N+](=O)[O-])cc3)cc2)cc1,0.35710014,64,2,26,4,2,1,valid
6681,1812700910,*CC(*)c1ccc(C(C)(O)CCCCC)cc1,0.39339807,28,2,15,1,0,0,valid
2810,764245724,*c1ccc(C(=O)OCCCCCCCCOc2ccc(C=C3CCCC(=Cc4ccc(OCCCCCCCCOC(=O)c5ccc(-c6nnc(*)o6)cc5)cc4)C3=O)cc2)cc1,0.37367873,98,2,52,8,2,5,valid
626,175197734,*Oc1ccc(CC(NC(=O)Cc2ccc(OC(=O)CC(C)CCC(*)=O)cc2)C(=O)OCCCCCC)cc1,0.34861668,64,2,30,7,1,4,valid
3884,1053689640,*C(=O)c1ccc2c(c1)C(=O)N(c1ccc(C(c3ccccc3)(c3ccc(N4C(=O)c5ccc(*)cc5C4=O)cc3)C(F)(F)F)cc1)C2=O,0.39510719,92,2,37,5,2,5,valid
7223,1951077384,*Oc1ccc(-c2ccc(Oc3ccc(-c4ccc(-c5ccc(*)c(C(F)(F)F)c5)cc4)cc3C(F)(F)F)cc2)cc1,0.37694175,75,2,32,2,0,0,valid
6999,1892436354,*OP(=O)(Oc1ccc(Br)cc1)OC(CCl)COc1ccc(S(=O)(=O)c2ccc(OCC(*)CCl)cc2)cc1,0.3602855,69,2,24,8,0,3,valid
1942,522844869,*CC(*)OC(=O)CCCC1CCCCC1,0.36748858,23,2,12,2,0,1,valid
1193,319236312,*C=CC1CC(*)C2C(=O)N(c3cccc(Cl)c3)C(=O)C12,0.38072604,41,2,15,2,1,3,valid
3895,1056745854,*CCSS*,0.48456382,6,2,2,0,0,0,valid
5157,1397085325,*Nc1cc(C)c(Cc2ccc(CCCCCCc3ccc(Cc4c(C)cc(N*)cc4C)cc3)cc2)c(C)c1,0.35526555,62,2,36,0,2,0,valid
1083,292543407,*C1C(=O)N(c2c(CC)cccc2CC)C(=O)C1*,0.41528164,33,2,14,2,1,2,valid
7941,2140329869,*Nc1ccc2c(c1)C1(C3=C(C=C[C@@H](N*)C3)C2)c2ccccc2-c2ccccc21,0.36640776,58,2,26,0,2,2,valid
3090,839463211,*Nc1noc2nc3c(C(=O)OCC)cc(C(=O)c4ccc(C)cc4)c(N)c3c(N*)c12,0.33167362,56,2,21,4,5,2,valid
7817,2105181780,*c1ccc2c(c1)C(=O)N(c1c(C)cc(C3(c4cc(C)c(N5C(=O)c6ccc(C(*)(C(F)(F)F)C(F)(F)F)cc6C5=O)c(C(C)C)c4)c4ccccc4-c4ccccc43)cc1C(C)C)C2=O,0.44640545,127,2,52,4,2,4,valid
5355,1454170504,*C(=O)c1ccc2c(c1)C(=O)N(c1ccc(C(C)(C)c3ccc(C(C)(C)c4ccc(N5C(=O)c6ccc(*)cc6C5=O)cc4)cc3)cc1)C2=O,0.39003172,95,2,41,5,2,5,valid
7680,2071365385,*CC(*)c1ccccc1C(F)(F)F,0.37373278,22,2,9,0,0,0,valid
1389,373751734,*c1ccc(OCCOc2cccc(N3C(=O)c4ccc(Oc5ccc6c(c5)C(=O)N(*)C6=O)cc4C3=O)c2)cc1,0.34666922,71,2,30,7,2,4,valid
5959,1617425937,*C=CC1CCC(*)C1,0.3888656,14,2,7,0,0,1,valid
6251,1696331324,*Oc1ccc(S(=O)(=O)c2ccc(Oc3c(C)cc(-c4cc(C)c(*)c(C)c4)cc3C)cc2)cc1,0.39339685,64,2,28,4,0,2,valid
7576,2047082921,*Nc1cccc(NC(=O)c2cc(NC(=O)C34CC5CC(CC(C5)C3)C4)cc(C(*)=O)c2)c1,0.3518154,62,2,25,3,3,3,valid
1755,472677846,*CC(C)(C)CS(*)(=O)=O,0.36380251,20,2,5,2,0,2,valid
4500,1212285406,*NC1(N)C=C(C2=C(c3ccccc3)C(N)(N)[C@@](O)(N*)C(c3ccccc3)=C2)C=C[C@@]1(N)O,0.3198717,72,2,24,2,6,4,valid
7869,2118544879,*c1ccc(Oc2ccc(-c3ccc(Oc4ccc(N5C(=O)c6cccc(Oc7ccc(C(c8ccc(Oc9cccc%10c9C(=O)N(*)C%10=O)cc8)(C(F)(F)F)C(F)(F)F)cc7)c6C5=O)cc4)cc3)cc2)cc1,0.36630102,134,2,55,8,2,4,valid
1490,400445600,*c1ccc(Oc2ccc(-c3ccc(-c4ccc(Oc5ccc(-c6c7c(c(*)c8ccccc68)C(=O)N(c6ccccc6)C7=O)cc5)c(C(F)(F)F)c4)cc3)cc2C(F)(F)F)cc1,0.38333751,114,2,50,4,1,2,valid
7877,2120362276,*Nc1ccc2c(c1)[C@]1(CCC)c3ccc(N*)cc3[C@]3(CCC)c4ccc(N)cc4[C@@]2(CCC)C31C,0.39344519,71,2,32,0,3,0,valid
6459,1753201911,*Oc1ccc(N(CC)c2ccc(/C=C(\C#N)C(=O)NC3CCCCC3NC(=O)/C(C#N)=C/c3ccc(N(CC)c4ccc(*)cc4)cc3)cc2)cc1,0.37635189,93,2,42,3,6,4,valid
184,54625460,*c1cccc(NC(=O)c2ccc(OCCOc3ccc(C(=O)Nc4ccc5[nH]c(*)nc5c4)cc3)cc2)c1,0.35047536,66,2,29,4,4,2,valid
4588,1238169222,*N=P(*)(OCc1ccc(Br)cc1)OCc1ccc(Br)cc1,0.37799409,37,2,14,2,1,1,valid
6569,1786149230,*CCCCC[Si](*)(C)c1ccccc1,0.38579865,24,2,12,0,0,0,valid
1087,293508970,*Nc1ccc(-c2ccc(N*)cc2-c2ccccc2-c2cccc3ccccc23)cc1,0.35954171,49,2,28,0,2,0,valid
4278,1153885240,*CC(=O)NCCCCCCNC(=O)CCc1ccc(O*)cc1,0.33856885,34,2,17,3,2,2,valid
3654,991645843,*Nc1cccc2c1[C@H]1c3ccccc3[C@@H]2c2cccc(N*)c21,0.3714413,45,2,20,0,2,0,valid
3244,885328080,*CC(*)(CC(=O)OCC)C(=O)O,0.29105461,23,2,7,4,0,2,valid
4263,1150964358,*Nc1ccc(-c2c(Cc3ccccc3)c(Cc3ccccc3)c(N*)c(Cc3ccccc3)c2Cc2ccccc2)cc1,0.36853875,67,2,40,0,2,0,valid
5006,1358109974,*Nc1ccc(/C=C/c2cc(/C=C/c3ccc(N)cc3)cc(/C=C/c3ccc(N*)cc3)c2)cc1,0.35610463,62,2,30,0,3,3,valid
5625,1525361018,*CCOC(=O)C1=CCCCC(N2CCCC2)=C1C(=O)O*,0.35148816,36,2,15,4,1,4,valid
6819,1849651127,*CC=C(C)C(C)S(*)(=O)=O,0.37393533,22,2,6,2,0,3,valid
3344,915714545,*Nc1ccc(-c2ccc(N*)c(C)c2-c2cccc(C)c2)cc1C,0.36515861,41,2,21,0,2,0,valid
6777,1837695884,*Nc1ccc(Cc2ccc(CC(CCCCCCC)Cc3ccc(Cc4ccc(N*)cc4)cc3)cc2)cc1,0.35965572,58,2,36,0,2,0,valid
2492,678912517,*CC(*)(C)C(=O)OCCCCCCOc1ccc(C(=O)Oc2ccc(C)cc2)cc1,0.3526035,49,2,24,5,0,2,valid
109,30682090,*c1ccc(C(C)(C)c2ccc(N3C(=O)c4ccc(Oc5ccc6cc(Oc7ccc8c(c7)C(=O)N(*)C8=O)ccc6c5)cc4C3=O)cc2)cc1,0.38208553,91,2,41,6,2,4,valid
7752,2090259325,*Nc1ccc(C(C)(C)c2cccc(C(C)(C)c3ccc(Nc4ccc(C(=O)c5ccc(C(=O)c6ccc(*)cc6)cc5)cc4)cc3)c2)cc1,0.38954498,88,2,44,2,2,2,valid
2890,786535870,*Nc1ccc(C(C)(C)c2ccc(C(C)(C)c3ccc(Nc4ccc(C(=O)c5ccc(C(=O)c6ccc(*)cc6)cc5)cc4)cc3)cc2)cc1,0.3924613,88,2,44,2,2,2,valid
3598,979588845,*Oc1ccc(OC(=O)c2ccc(C(*)=O)cc2Oc2ccc(Oc3ccccc3)cc2)cc1,0.34706136,54,2,26,6,0,2,valid
291,82911538,*Nc1ccc(-c2ccc3c(c2-c2ccc(N*)cc2)Cc2ccccc2-3)cc1,0.35793265,48,2,25,0,2,0,valid
4428,1192232068,*C(=O)Nc1ccc(-c2sc(-c3ccc(NC(=O)c4ccc5c(c4)C(=O)N(c4ccc(-c6sc(-c7ccc(N8C(=O)c9ccc(*)cc9C8=O)cc7)c(-c7ccccc7)c6-c6ccccc6)cc4)C5=O)cc3)c(-c3ccccc3)c2-c2ccccc2)cc1,0.41434744,160,2,74,6,4,6,valid
4740,1279775850,*c1ccc(Oc2ccc(C3(c4ccc(Oc5ccc(N6C(=O)c7ccc(Oc8ccc(C9(c%10ccc(Oc%11ccc%12c(c%11)C(=O)N(*)C%12=O)cc%10)CCCCCCCCCCC9)cc8)cc7C6=O)cc5)cc4)CCC(C(C)(C)C)CC3)cc2)cc1,0.38480107,158,2,74,8,2,4,valid
1654,444535836,*CCOC(=O)C1CCC(C(=O)OCCOc2ccc(C3(c4ccc(O*)cc4)c4ccccc4-c4ccccc43)cc2)CC1,0.35566835,72,2,37,6,0,2,valid
6281,1701867111,*C=CC1CC(*)C(C#N)(C[Si](C)(C)C)C1,0.4252906,33,2,12,0,1,1,valid
1890,509179600,*c1ccc2c(c1)C(=O)N(c1c(C(C)C)cc(C(c3ccccc3)(c3cc(C(C)C)c(N4C(=O)c5ccc(C(*)(C(F)(F)F)C(F)(F)F)cc5C4=O)c(C(C)C)c3)C(F)(F)F)cc1C(C)C)C2=O,0.44811081,134,2,51,4,2,4,valid
5289,1437522401,*C=CC1=C(*)CC(C(=O)OCC)(C(=O)OCC)C1,0.37814836,35,2,13,4,0,4,valid
5341,1451589071,*c1ccc2cc(OC(=O)c3ccc(C(=O)Oc4ccc5cc(-c6nc7ccccc7nc6*)ccc5c4)cc3)ccc2c1,0.37059699,71,2,36,4,2,2,valid
4505,1213893349,*NCC(C)CN*,0.31971706,10,2,4,0,2,0,valid
1945,523651487,*C(=O)Nc1ccc(Oc2ccc(NC(=O)c3ccc4c(c3)C(=O)N(c3ccc(NC(=O)Nc5ccc(N6C(=O)c7ccc(*)cc7C6=O)cc5)cc3)C4=O)cc2)cc1,0.34682404,106,2,43,8,6,7,valid
3609,982081375,*c1ccc(Oc2ccc3ccccc3c2-c2c(Oc3ccc(N4C(=O)c5ccc(NC(=O)Nc6ccc(-c7cc(-c8ccc(-c9ccccc9)cc8)cc(-c8ccc(NC(=O)Nc9ccc%10c(c9)C(=O)N(*)C%10=O)cc8)n7)cc6)cc5C4=O)cc3)ccc3ccccc23)cc1,0.36383462,171,2,79,8,7,6,valid
7016,1895904608,*CC(*)(C)C(=O)OCCCCC(F)(F)C(F)(F)C(F)(F)C(F)(F)C(F)(F)C(F)(F)F,0.34149841,62,2,14,2,0,1,valid
7124,1924725049,*CCOC(=O)Cc1ccc(C(=O)O*)cc1,0.33698334,27,2,11,4,0,2,valid
5083,1378818444,*Nc1ccc(C(Cc2ccccc2)(Cc2ccccc2)c2ccc(N*)cc2)cc1,0.36110645,47,2,27,0,2,0,valid
1315,355564083,*Oc1ccc(C(=Nc2ccc(N=C(c3ccccc3)c3ccc(Oc4ccc(C(C)(C)c5ccc(*)cc5)cc4)cc3)cc2)c2ccccc2)cc1,0.38832422,87,2,47,2,2,2,valid
2553,691744465,*CCCCCCN(C)c1ccc(C(=O)c2ccc(N(*)C)cc2)cc1,0.37816076,41,2,21,1,2,1,valid
1931,519962205,*CCOCCOC(=O)/C=C/C(=O)O*,0.3158043,24,2,8,5,0,3,valid
3585,977496062,*Oc1cccc(Oc2ccc(C(=O)c3ccc(NC(=O)CCCCCCCCC(=O)Nc4ccc(C(=O)c5ccc(*)cc5)cc4)cc3)cc2)c1,0.35461809,84,2,42,6,2,4,valid
2341,638750992,*CCOP(=O)(N=Nc1ccc(COC(=O)c2cc(C(=O)OCc3ccc(N=NP(=O)(O*)OC)cc3)cc(C(C)(C)C)c2)cc1)OC,0.35548,84,2,30,10,4,6,valid
4616,1245265865,*C=CC1CC(*)C2C(=O)N(c3ccc(C)cc3)C(=O)C12,0.38445256,40,2,16,2,1,3,valid
7775,2097065173,*NC1CCC(CC2CCC(N*)C(C)C2)CC1C,0.36266838,29,2,15,0,2,0,valid
3516,961504352,*O[Si](C)(C)O[Si](C)(C)c1ccc([Si](*)(C)C)cc1,0.43360758,44,2,12,2,0,0,valid
5139,1392601033,*Nc1ccc(C(=C(c2ccc(N)cc2)c2ccc(N*)cc2)c2ccc(N)cc2)cc1,0.36763505,53,2,26,0,4,1,valid
4203,1137226558,*CC(*)(C)C(=O)OCCCCCC(=O)Oc1ccc(OC(=O)c2ccc(OCCCCC)cc2)cc1,0.34489175,58,2,28,7,0,3,valid
7250,1958487458,*OC1CCCCC1OC(*)=O,0.34928658,17,2,7,3,0,1,valid
6152,1669900077,*Nc1ccc2c3ccccc3c3ccc(N*)c4ccc1c2c43,0.32846656,36,2,20,0,2,0,valid
2333,636697748,*CCN(CCOC(=O)Nc1ccc(C)c(NC(=O)O*)c1)c1ccc(N=Nc2ccc(-c3nc4ccccc4o3)cc2)cc1,0.35811225,73,2,32,5,6,3,valid
5628,1526713439,*CCc1ccc(*)s1,0.39157828,13,2,6,0,0,0,valid
4114,1112294940,*OP(=O)(Oc1c(Cl)cc(Cl)cc1Cl)Oc1c(Cl)c(Cl)c(*)c(Cl)c1Cl,0.36280983,54,2,12,4,0,1,valid
7861,2116043723,*c1cccc(Oc2cccc(Oc3cccc(N4C(=O)c5ccc(-c6ccc7c(c6)C(=O)N(*)C7=O)cc5C4=O)c3)c2)c1,0.35854556,79,2,34,6,2,4,valid
698,195032699,*Nc1ccc(-c2ccc(N*)c(Cc3ccccc3)c2)cc1Cc1ccccc1,0.3464418,45,2,26,0,2,0,valid
7351,1984715605,*CC(O*)C(C)(C)C,0.38045208,15,2,6,1,0,0,valid
7671,2070158798,*Oc1ccc(OC(=O)c2ccc(C(*)=O)cc2Oc2ccc(Br)cc2)cc1,0.36519909,47,2,20,5,0,2,valid
6665,1809372811,*c1ccc2oc(-c3ccc(C(c4ccccc4)(c4ccc(-c5nc6cc(C(*)(c7ccccc7)C(F)(F)F)ccc6o5)cc4)C(F)(F)F)cc3)nc2c1,0.43791406,96,2,42,2,2,0,valid
301,85350789,*O[Si](*)(CCCOCCOC)CCCOCCOC,0.37513853,27,2,12,5,0,0,valid
6491,1763751155,*CCOCCOCCOCCOCCOCCOC(=O)c1cccc(C(=O)O*)c1,0.34081676,41,2,20,9,0,2,valid
3807,1033918415,*c1cc(OCCCCCCCC)cc(N2C(=O)c3ccc(Oc4ccc5c(c4)C(=O)N(*)C5=O)cc3C2=O)c1,0.37173532,68,2,30,6,2,4,valid
4582,1237730261,*Nc1ccc(C(C)(C)c2ccc(NC(=O)c3cc(C(*)=O)cc(N4C(=O)C=CC4=O)c3)cc2)cc1,0.34689977,67,2,27,4,3,5,valid
6274,1701314200,*Nc1ccc(C2(c3ccc(N*)cc3)C3=C(C=CCC=C3)c3ccccc32)cc1,0.36502239,51,2,26,0,2,3,valid
7123,1924314985,*C(=O)Nc1cccc(NC(=O)C=Cc2cccc(N3C(=O)c4ccc(*)cc4C3=O)c2)c1,0.33727257,58,2,24,4,3,5,valid
6872,1863577619,*Oc1cccc(NC(=O)c2cc(C(=O)Nc3ccc(*)cc3)cc(C(F)(F)C(F)(F)C(F)(F)C(F)(F)C(F)(F)C(F)(F)C(F)(F)C(F)(F)F)c2)c1,0.33721798,104,2,28,3,2,2,valid
7499,2026422493,*c1ccc(Oc2cc3ccccc3cc2Oc2ccc(N3C(=O)c4ccc(S(=O)(=O)c5ccc6c(c5)C(=O)N(*)C6=O)cc4C3=O)cc2)cc1,0.37064659,91,2,38,8,2,6,valid
2067,555542733,*C1C(*)C2CC1C(C(=O)OCCc1ccccc1)C2C(=O)OCCc1ccccc1,0.35586688,49,2,25,4,0,2,valid
5356,1454388009,*c1ccc(-c2ccc(N(*)c3ccc(C(F)(F)F)cc3)cc2)cc1,0.44845876,44,2,19,0,1,0,valid
7956,2143907277,*Oc1ccc(S(=O)(=O)c2ccc(Oc3ccc(C(c4ccc(*)c([Si](C)(C)C)c4)(C(F)(F)F)C(F)(F)F)cc3[Si](C)(C)C)cc2[Si](C)(C)C)c([Si](C)(C)C)c1,0.41875754,122,2,39,4,0,2,valid
2700,735019484,*c1ccc(Oc2ccc(Oc3ccc(N4C(=O)c5ccc(-c6ccc7c(c6)C(=O)N(*)C7=O)cc5C4=O)cc3)c(-c3ccccc3)c2)cc1,0.37852395,90,2,40,6,2,4,valid
7590,2049675087,*OCCOC(=O)CCCC(=O)OCCOc1nc(-c2ccc(OCCCC)cc2)nc(*)c1-c1ccc(OC)cc1,0.35340123,64,2,30,8,2,2,valid
6521,1773759171,*CC(*)C(=O)c1ccc(C(C)C)cc1,0.39294141,26,2,12,1,0,1,valid
2234,605771725,*C(=O)Nc1ccc(Cc2ccc(NC(=O)c3ccc4c(c3)C(=O)N(c3ccc(N=Nc5ccc(C)cc5)c(N5C(=O)c6ccc(*)cc6C5=O)c3)C4=O)c(C)c2)cc1C,0.37339461,109,2,46,6,6,7,valid
3363,920561799,*O[Si](C)(C)O[Si](C)(C)Oc1ccc(-c2ccc(*)cc2)cc1,0.40651802,46,2,16,3,0,0,valid
545,151560379,*CC(CCCCCCOc1ccc(N=Nc2ccc(OC)cc2)cc1)COC(=O)CCCCC(=O)O*,0.35673043,55,2,28,6,2,3,valid
2109,568593240,*C(=O)Nc1ccc(C(c2ccc(NC(=O)c3ccc4c(c3)C(=O)N(c3ccc(-c5ccc(N6C(=O)c7ccc(*)cc7C6=O)c(OC)c5)cc3OC)C4=O)cc2)(C(F)(F)F)C(F)(F)F)cc1,0.35923607,126,2,47,8,4,6,valid
1989,536465827,*CC(*)c1ccc(C([Sn](C)(C)C)[Sn](C)(C)C)cc1,0.37911502,41,2,15,0,0,0,valid
3288,900206396,*c1ccc2c(c1)C(=O)N(c1cccc(P(=O)(c3ccc(Oc4ccc(C56CC7CC(CC(C7)C5)C6)cc4)cc3)c3cccc(N4C(=O)c5ccc(C(*)(C(F)(F)F)C(F)(F)F)cc5C4=O)c3)c1)C2=O,0.3944462,135,2,53,6,2,5,valid
3639,988399583,*O[Si](C)(C)O[Si](C)(C)O[Si](C)(C)O[Si](C)(C)c1ccc([Si](*)(C)C)cc1,0.44221475,66,2,16,4,0,0,valid
164,49367014,*Oc1cccc(C(=O)c2ccc(*)cc2)c1,0.36502137,28,2,13,2,0,1,valid
6380,1728252484,*CC(*)C(=O)OCCCCCCCCCCOc1cnc(-c2ccc(OC(=O)C3COC(C)(C)O3)cc2)nc1,0.36105777,63,2,29,7,2,2,valid
2264,616073908,*CC(=O)Nc1ccc(Oc2ccc(Oc3ccc(NC(=O)CN4C(=O)c5ccc(C(c6ccc7c(c6)C(=O)N(*)C7=O)(C(F)(F)F)C(F)(F)F)cc5C4=O)cc3)cc2)cc1,0.34249238,113,2,41,8,4,6,valid
1567,421125375,*Oc1ccc(CC(NC(=O)Cc2ccc(OC(=O)COCC(*)=O)cc2)C(=O)OCC)cc1,0.33180261,56,2,23,8,1,4,valid
7418,2004817978,*CCCCCCCCCCCCNC(=O)CCP(C)(=O)CCC(=O)N*,0.35766138,38,2,19,3,2,3,valid
6855,1858324553,*Nc1ccc2c(c1)C(CCCCCCCC)(CCCCCCCC)c1cc(N*)ccc1-2,0.366300765,48,2,29,0,2,0,valid
3176,862699408,*Oc1cc(C(C)(C)c2ccccc2)c(OC(=O)c2cccc(C(*)=O)c2)cc1C(C)(C)c1ccccc1,0.38262051,66,2,32,4,0,2,valid
740,207258565,*c1ccc(-c2ccc3c(c2)C(CCCCCC)(CCCCCC)c2cc(*)ccc2-3)cc1,0.41767157,53,2,31,0,0,0,valid
2059,554452518,*Nc1ccc(C2(c3ccccc3N*)c3ccccc3-c3ccccc32)cc1,0.36926653,44,2,25,0,2,0,valid
2839,771609530,*CC(*)c1ccc(CCCCCC)cc1,0.40375659,22,2,14,0,0,0,valid
3838,1041165828,*CCCCCC(=O)Nc1ccc(Cc2ccc(NC(=O)CCCCCN3C(=O)c4ccc(C(=O)c5ccc6c(c5)C(=O)N(*)C6=O)cc4C3=O)cc2)cc1,0.33846216,94,2,42,7,4,7,valid
4839,1308822610,*Nc1ccc([C@@]2(C)c3ccc(N*)cc3CC2(C)C)cc1,0.36731857,40,2,18,0,2,0,valid
1307,354177724,*C(=O)Oc1ccc(OC(=O)c2ccc3c(c2)C(=O)N(C2CCC(N4C(=O)c5ccc(*)cc5C4=O)CC2)C3=O)cc1,0.34499607,78,2,30,8,2,6,valid
3701,1003322685,*CC(*)(C)C(=O)OC1(C)CCCN(c2ccc(N=Nc3ccc(C=C(C#N)S(C)(=O)=O)cc3)cc2)C1,0.37311394,69,2,26,4,4,5,valid
680,189875275,*C#CC(COS(=O)(=O)c1ccc(C)cc1)=C(*)COS(=O)(=O)c1ccc(C)cc1,0.37237347,56,2,20,6,0,5,valid
7115,1921035085,*CCCCCCN1C(=O)C(=O)N(c2ccc(CCc3ccccc3N3C(=O)C(=O)N(*)C3=O)cc2)C1=O,0.33804418,66,2,26,6,4,6,valid
4046,1092652620,*CC(*)c1ccc(N(c2ccccc2)c2ccccc2)cc1,0.4131707,35,2,20,0,1,0,valid
2204,597331938,*OC(=O)c1ccc(C(=O)Oc2ccc3c(c2)Oc2cc(*)ccc2C32c3ccccc3-c3ccccc32)cc1,0.38655989,67,2,33,5,0,2,valid
226,66287866,*Oc1ccc(C(c2ccccc2)c2ccc(OC(*)=S)cc2)cc1,0.36796394,40,2,20,2,0,1,valid
3309,906210584,*CC1CCC(COP(=O)(N=Nc2ccc(Oc3ccc(N=NP(=O)(O*)OC)cc3)cc2)OC)CC1,0.36114969,61,2,22,7,4,4,valid
2632,716027443,*CCCCCCOC(=O)Nc1cccc(P(=O)(c2ccccc2)c2cccc(NC(=O)O*)c2)c1,0.35310551,57,2,26,5,2,3,valid
4956,1342064373,*Oc1ccc(OC(=O)c2ccc(C(*)=O)cc2Sc2ccccc2)cc1-c1ccccc1,0.36668313,52,2,25,4,0,2,valid
865,241512397,*CCOC(=O)Nc1ccc(Cc2ccc(NC(=O)OCCOc3ccc(C4(c5ccc(O*)cc5)c5ccccc5-c5ccccc54)cc3)cc2)cc1,0.35416456,85,2,44,6,2,2,valid
5080,1378439616,*CCCCCC(=O)Nc1ccc(NC(=O)CCCCCN2C(=O)c3ccc(C(=O)c4ccc5c(c4)C(=O)N(*)C5=O)cc3C2=O)cc1,0.33248324,83,2,35,7,4,7,valid
4761,1286920787,*C=C(C#N)C(=O)OCCCCCCOC(=O)C(C#N)=Cc1ccc2c(c1)c1cc(*)ccc1n2CCCCCCCCCCCOc1ccc(C=Cc2ccc([N+](=O)[O-])cc2)cc1,0.36240665,106,2,51,7,4,6,valid
3680,997252615,*CC(*)OC,0.36080303,8,2,3,1,0,0,valid
231,67510171,*C=C(*)c1c(F)c(F)c(CCCC)c(F)c1F,0.41251953,31,2,12,0,0,1,valid
3969,1075461516,*CC(O)COC(=O)CCCCCCCCC(=O)OCC(O)COc1ccc(C=C(C)c2ccc(O*)cc2)cc1,0.35077016,62,2,31,8,0,3,valid
5577,1512407115,*Nc1ccc(-c2c(-c3ccccc3)cc(N*)c(C)c2-c2ccccc2)cc1,0.36604674,48,2,25,0,2,0,valid
7243,1956587899,*CC(*)(C)C(=O)OCCN(CC)c1ccc(N=Nc2ccc([N+](=O)[O-])cc2)cc1,0.36616331,57,2,20,4,4,3,valid
6275,1701467144,*Oc1ccc(CC(Cc2ccc(*)cc2)(C(=O)OCC)C(=O)OCC)cc1,0.36224127,46,2,21,5,0,2,valid
1987,535937381,*CC(CSC(C)C)O*,0.41844328,14,2,6,1,0,0,valid
6560,1784231547,*Oc1ccc(N=C(C)c2ccc(Oc3ccc(C(C)(C)c4ccc(Oc5ccc(C(C)=Nc6ccc(*)cc6)cc5)cc4)cc3)cc2)cc1,0.37958544,84,2,43,3,2,2,valid
3138,850843223,*c1ccc2c(c1)C(=O)N(c1ccc(C(=O)Nc3ccc(C(c4ccc(NC(=O)c5ccc(N6C(=O)c7ccc(C(*)(C(F)(F)F)C(F)(F)F)cc7C6=O)cc5)cc4)(C(F)(F)F)C(F)(F)F)cc3)cc1)C2=O,0.36985522,140,2,48,6,4,6,valid
1956,527877967,*Nc1ccc(C2(c3ccc(N*)c(C)c3)CCCCC2)cc1C,0.36323819,38,2,20,0,2,0,valid
5866,1590006077,*O[Si](C)(C)C#C[Si](C)(C)C#C[Si](C)(C)C#C[Si](C)(C)C#C[Si](C)(C)C#C[Si](*)(C)C,0.49804119,78,2,22,1,0,0,valid
5954,1614580924,*CC(*)(C)C(=O)OCCCC1CCCCC1,0.36533383,26,2,13,2,0,1,valid
6519,1773543795,*CCN(*)C(=O)c1cccc(F)c1,0.34841899,23,2,9,1,1,1,valid
3926,1064576585,*CCOCCOc1ccc(NC=Nc2ccc(O*)cc2)cc1,0.35570592,33,2,17,3,2,1,valid
7394,1999630530,*Oc1ccc(S(=O)(=O)c2ccc(Oc3ccc(C4(c5ccc(*)cc5)CCCC4)cc3)cc2)cc1,0.37454618,62,2,29,4,0,2,valid
6631,1801224003,*CCCC(C)CNC(=O)c1ccc(C(=O)N*)cc1,0.33451946,32,2,14,2,2,2,valid
961,263087206,*CC(*)(C)C(=O)OCCCCCCOc1ccc(OC(=O)c2ccc(OC)c(Br)c2)cc1,0.35326079,54,2,24,6,0,2,valid
6442,1748671851,*C(=C(*)c1ccc(CCCC)cc1)c1ccccc1,0.42642935,31,2,18,0,0,1,valid
7210,1948698672,*OC(COC(=O)C12CC3CC(CC(C(*)=O)(C3)C1)C2)COc1ccc(N=Nc2ccc(C#N)cc2)cc1,0.35736369,68,2,28,5,3,3,valid
5357,1454873499,*Oc1ccc(Oc2ccc(C=Nc3ccc(Oc4ccc(N=Cc5ccc(*)cc5)cc4)cc3)cc2)cc1,0.37351245,61,2,32,3,2,2,valid
4623,1247276415,*CCNC(=O)c1ccc([Si](c2ccccc2)(c2ccccc2)c2ccc(C(=O)NCCN(*)c3ccc(/C=C/c4ccc([N+](=O)[O-])cc4)cc3)cc2)cc1,0.35889095,102,2,44,4,4,4,valid
2451,669636470,*c1ccc(Oc2ccc(-c3ccc(Oc4ccc(N5C(=O)c6ccc(Oc7ccccc7Oc7ccc8c(c7)C(=O)N(*)C8=O)cc6C5=O)cc4)cc3)cc2)cc1,0.36159124,99,2,46,8,2,4,valid
787,221632888,*O[Si](*)(C)CCc1ccc(O)cc1,0.35484533,25,2,9,2,0,0,valid
7891,2124605218,*Oc1ccc(S(=O)(=O)c2ccc(Oc3ccc(C(=O)c4cccc(C(=O)c5ccc(*)cc5)c4)cc3)cc2)cc1,0.36722758,73,2,32,6,0,4,valid
3390,927050868,*CCCCCOC(=O)c1ccc(C=Cc2ccc(C(=O)O*)cc2)cc1,0.35355098,42,2,21,4,0,3,valid
4174,1130043437,*NCCCCCCCCCCN*,0.34317069,14,2,10,0,2,0,valid
1877,506748374,*CCCCC(=O)NCc1ccc(CNC(=O)CCCCO*)cc1,0.3396223,35,2,18,3,2,2,valid
3908,1058915923,*Oc1ccc(S(=O)(=O)c2ccc(Oc3ccc(C4(c5ccc(Oc6ccc(S(=O)(=O)c7ccc(Oc8ccc(C=C9CCC(=Cc%10ccc(*)cc%10)C9=O)cc8)cc7)cc6)cc5)CCCC4)cc3)cc2)cc1,0.37436911,132,2,60,9,0,7,valid
4045,1092567276,*c1ccc(Oc2ccc(-c3ccc(Oc4ccc(N5C(=O)c6ccc(Oc7ccc8cc(Oc9ccc%10c(c9)C(=O)N(*)C%10=O)ccc8c7)cc6C5=O)cc4)cc3)cc2)cc1,0.36600416,111,2,50,8,2,4,valid
1481,397033633,*CC(*)c1ccc(O)cc1,0.34302705,17,2,8,1,0,0,valid
5260,1427715399,*c1ccc2c(c1)C(=O)N(c1ccc(C(c3ccccc3)(c3ccc(N4C(=O)c5ccc(C(*)(C(F)(F)F)C(F)(F)F)cc5C4=O)cc3)C(F)(F)F)cc1)C2=O,0.40799156,108,2,39,4,2,4,valid
7467,2017623024,*CCCCCCCCCCc1nc2ccc(-c3ccc4nc(*)oc4c3)cc2o1,0.37701196,43,2,24,2,2,0,valid
6365,1723857031,*CCCCCCOC(=O)OCCCCCCCCCCOC(=O)OCCCCCCOc1ccc(Oc2ccc(O*)cc2)cc1,0.35910685,61,2,36,9,0,2,valid
2121,574000870,*CC(*)(C)C(=O)OCC(CC)CCCC,0.38032702,25,2,12,2,0,1,valid
5934,1609876819,*CCCCOCO*,0.35936946,9,2,5,2,0,0,valid
4247,1147168409,*CCCCCC(=O)N*,0.34031759,13,2,6,1,1,1,valid
3736,1014178298,*c1ccc(C(=O)OCCCCCCCCOC(=O)c2ccc(-c3nnc(*)s3)cc2)cc1,0.36108206,52,2,24,4,2,2,valid
7837,2111641058,*CC(*)C(=O)OCCCCC,0.37816739,17,2,8,2,0,1,valid
6488,1761703329,*C=CC1CC(=CC)C(*)C1,0.40651799,19,2,9,0,0,2,valid
4225,1142909412,*N=P1(*)Oc2ccccc2-c2ccccc2O1,0.36981013,28,2,12,2,1,1,valid
3894,1056427666,*CC(*)(C)C(=O)OCC(F)(F)C(F)F,0.33748264,28,2,7,2,0,1,valid
2278,619582212,*Oc1ccc(N=CCCCC=Nc2ccc(OC(=O)NCCCCCCNC(*)=O)cc2)cc1,0.34722952,51,2,25,4,4,4,valid
744,208448147,*CC(*)(C)C(=O)OCc1ccco1,0.3375562,23,2,9,3,0,1,valid
5404,1468958338,*Nc1cccc2cc3cccc(N*)c3cc12,0.33370765,26,2,14,0,2,0,valid
6072,1646984336,*Nc1ccc(-c2c(-c3ccccc3)c(-c3ccccc3)c(N*)c(-c3ccccc3)c2-c2ccccc2)c(C)c1C,0.3811955,71,2,38,0,2,0,valid
4232,1143744739,*Nc1cccc(C(=O)c2ccc(NC(=O)c3cccc(C(=O)c4ccc(C(*)=O)cc4)c3)cc2)c1,0.35096229,64,2,28,4,2,4,valid
4983,1349559067,*CC(CS(=O)(=O)C(C)C)O*,0.37689062,22,2,6,3,0,2,valid
5364,1455663460,*Nc1ccc([C@]2(C)c3cc(N*)ccc3[C@@H](C)[C@H]2C)cc1,0.3637627799999999,48,2,18,0,2,0,valid
6270,1700600089,*Nc1ccc(C2(c3ccc(N*)c(CC)c3C)c3ccccc3-c3ccccc32)c(C)c1CC,0.38884265,56,2,31,0,2,0,valid
6321,1712598778,*Nc1ccc(-c2cc(C)c(-c3c(C)cc(-c4ccc(N*)cc4)c4ccccc34)c3ccccc23)cc1,0.37446309,65,2,34,0,2,0,valid
800,225811773,*Nc1ccc(-c2ccc(N*)c(-c3ccccc3)c2)cc1,0.34463445,36,2,18,0,2,0,valid
1472,394508821,*CC(*)c1ccccc1C(=O)N(C)C,0.36482534,24,2,11,1,1,1,valid
6641,1804758935,*Cc1cc2cc(C(=O)Nc3cccc(NC(=O)c4cc5cc(*)c(OC(=O)COc6ccc7ccc(=O)oc7c6)cc5oc4=O)c3)c(=O)oc2cc1OC(=O)COc1ccc2ccc(=O)oc2c1,0.32001904,117,2,49,16,2,8,valid
5734,1556403536,*c1ccc(Oc2ccc3ccccc3c2-c2c(Oc3ccc(N4C(=O)c5ccc(NC(=O)Nc6ccc(Oc7ccccc7-c7ccccc7Oc7ccc(NC(=O)Nc8ccc9c(c8)C(=O)N(*)C9=O)cc7)cc6)cc5C4=O)cc3)ccc3ccccc23)cc1,0.36530403,152,2,74,10,6,6,valid
3022,819957053,*Nc1ccc(CC(C)(C)NC(=O)CCC(*)=O)cc1,0.33397161,34,2,14,2,2,2,valid
7689,2073433279,*OP(=O)(Oc1ccc(OC)cc1)Oc1c(Br)cc(C(c2cc(Br)c(*)c(Br)c2)(C(F)(F)F)C(F)(F)F)cc1Br,0.38658695,79,2,22,5,0,1,valid
4547,1224319371,*c1ccc2c(c1)C(=O)N(c1ccccc1Oc1ccc(N3C(=O)c4ccc(C(*)(C(F)(F)F)C(F)(F)F)cc4C3=O)cc1)C2=O,0.37203471,86,2,31,5,2,4,valid
1497,401549184,*N=P(*)(OCCOCCOCCOP1(OCCOCCOC)=NP(OCCOCCOC)(OCCOCCOC)=NP(OCCOCCOC)(OCCOCCOC)=N1)OCCOCCOCCOP1(OCCOCCOC)=NP(OCCOCCOC)(OCCOCCOC)=NP(OCCOCCOC)(OCCOCCOC)=N1,0.3481788,151,2,62,38,7,7,valid
6230,1688918153,*Oc1ccc(C(=O)c2cccc(NC(=O)CCCCCCCCC(=O)Nc3ccc(C(=O)c4ccc(*)cc4)cc3)c2)cc1,0.35168897,73,2,36,5,2,4,valid
6244,1694201985,*c1ccc(Oc2ccc(Oc3ccc(P(=O)(c4ccccc4)c4ccc(Oc5ccc(Oc6ccc(-c7nc8ccccc8nc7*)cc6)cc5)cc4)cc3)cc2)cc1,0.38425793,96,2,50,5,2,1,valid
2533,688122210,*Oc1ccc(S(=O)(=O)c2ccc(Oc3ccc(C(C)(CCC(=O)O)c4ccc(*)cc4)cc3)cc2)cc1,0.36717423,67,2,29,6,0,3,valid
3734,1013677154,*Oc1ccc(C(=O)OC(C)COC(C)COC(C)COC(=O)c2ccc(OC(=O)c3ccc(C(*)=O)cc3)cc2)cc1,0.34810342,73,2,31,10,0,4,valid
6339,1718354162,*CC1CCC(COC(=O)Nc2ccc(Cc3ccc(NC(=O)O*)cc3)cc2)CC1,0.35905174,49,2,23,4,2,2,valid
2321,633891368,*CCN(CCOC(=O)CCCCC(=O)O*)c1ccc(C=NN(c2ccccc2)c2ccccc2)cc1,0.36249532,57,2,29,4,3,3,valid
1758,473402909,*c1ccc(Oc2ccc(C3(c4ccc(Oc5ccc(N6C(=O)c7ccc(Oc8ccc(C9(c%10ccc(Oc%11ccc%12c(c%11)C(=O)N(*)C%12=O)cc%10)CCC(C(C)(C)C)CC9)cc8)cc7C6=O)cc5)cc4)CC4CC3C3CCCC43)cc2)cc1,0.37929885,160,2,72,8,2,4,valid
1910,513989706,*Nc1ccc(C(c2ccc(N*)cc2)=c2ccc(=C(c3ccc(N)cc3)c3ccc(N)cc3)cc2)cc1,0.37954577,64,2,32,0,4,2,valid
6181,1676315941,*Oc1ccc(C(C)(C)c2ccc(Oc3c(F)c(F)c(COC(c4cccc(C(OCc5c(F)c(F)c(*)c(F)c5F)(C(F)(F)F)C(F)(F)F)c4)(C(F)(F)F)C(F)(F)F)c(F)c3F)cc2)cc1,0.34981945,127,2,41,4,0,0,valid
7872,2118767527,*c1cccc(N2C(=O)c3ccc(Oc4ccc5cc(Oc6ccc7c(c6)C(=O)N(*)C7=O)ccc5c4)cc3C2=O)c1,0.3713948,74,2,32,6,2,4,valid
7902,2127609495,*CCCCCCc1nc2cc(NC(=O)CCCCCCC(=O)Nc3ccc4oc(*)nc4c3)ccc2o1,0.35267308,56,2,28,4,4,2,valid
4094,1106578418,*Oc1ccc(CNC(=O)c2ccc(C(=O)NCc3ccc(OC4COC5C(*)COC45)cc3)cc2)cc1,0.33322541,62,2,28,6,2,2,valid
6500,1765927815,*CC(*)(C)C(=O)Oc1c(C(C)C)cccc1C(C)C,0.3967853,35,2,16,2,0,1,valid
5837,1582774157,*Oc1ccc(Oc2ccc(C(=O)Nc3ccc(Oc4ccc(-c5ccc(Oc6ccc(NC(=O)c7ccc(*)cc7)cc6)cc5)cc4)cc3)cc2)cc1C,0.36164862,90,2,45,6,2,2,valid
5532,1502215930,*C=Cc1cc(CCCCCCCCCCCCCCCC)c(C=Cc2nc(*)c(C#N)c(C=Cc3ccc(N(c4ccccc4)c4ccccc4)cc3)c2C#N)cc1CCCCCCCCCCCCCCCC,0.40312645,104,2,69,0,4,3,valid
3046,826441672,*NC1CC(C)(C)CC(C)(CNC(=O)c2cc(NC(=O)C(C(C)CC)N3C(=O)c4ccccc4C3=O)cc(C(*)=O)c2)C1,0.34594928,80,2,32,5,4,5,valid
3458,947147165,*N/N=C(\N*)c1nc2c(N)nc(-c3ccccc3)nc2nc1N,0.35087811,40,2,13,0,9,1,valid
1834,495342241,*C1C(*)C2CC1C(COCCCc1ccccc1)C2COCCCc1ccccc1,0.36101933,43,2,27,2,0,0,valid
7598,2052261609,*Nc1c(CC)cc2ccccc2c1-c1c(N*)c(CC)cc2ccccc12,0.36951998,43,2,24,0,2,0,valid
3084,838168073,*C(=O)NCCNC(=O)c1ncn(C)c1*,0.30881015,26,2,8,2,4,2,valid
2965,806790733,*C(=O)c1ccc2c(c1)C(=O)N(c1cccc(Cc3ccccc3N3C(=O)c4ccc(*)cc4C3=O)c1)C2=O,0.37007109,70,2,30,5,2,5,valid
6702,1816427508,*C(C#N)=Cc1cc(OCCCCCCCCCCCC)c(C=C(C#N)c2cc(OCCCCCCCCCCCC)c(*)cc2OC)cc1OC,0.39567001,72,2,44,4,2,2,valid
3570,974543233,*C1C(=O)N(c2ccc(O[Si](C)(C)C(C)(C)C)cc2)C(=O)C1*,0.42394222,48,2,16,3,1,2,valid
3746,1016549467,*Nc1nc(CCn2ccnc2CCCCCCCCCCC)nc(N*)n1,0.3488479,36,2,18,0,6,0,valid
1974,531780740,*CC(*)c1c(F)c(F)c(C(F)(F)F)c(F)c1F,0.36531928,34,2,9,0,0,0,valid
5988,1624256779,*OC(C)CCCCC(*)=O,0.35745036,16,2,7,2,0,1,valid
7562,2042962957,*CC(*)c1cc(Br)ccc1OCCC,0.4104551,22,2,11,1,0,0,valid
1210,324348126,*CC(*)c1ccc(C([Si](C)(C)C)[Si](C)(C)C)cc1,0.43765265,41,2,15,0,0,0,valid
5235,1421320527,*Oc1ccc(CC(NC(=O)CCc2ccc(OC(=O)COCCOCC(*)=O)cc2)C(=O)OC(C)C)cc1,0.33859086,63,2,27,9,1,4,valid
3667,993642509,*CC(O)CN(C)S(=O)(=O)c1ccc(-c2ccc(S(=O)(=O)N(C)CC(O)COc3ccc(O*)cc3)cc2)cc1,0.33724691,73,2,26,8,2,4,valid
1927,518335451,*CC(CS(C)(=O)=O)O*,0.36145145,18,2,4,3,0,2,valid
7224,1951160334,*c1ccc(Oc2ccc(N3C(=O)c4c(c(-c5ccccc5)c(-c5ccc(Oc6ccc(-c7c(-c8ccccc8)c8c(c(-c9ccccc9)c7-c7ccccc7)C(=O)N(*)C8=O)cc6)cc5)c(-c5ccccc5)c4-c4ccccc4)C3=O)cc2)cc1,0.40870638,154,2,76,6,2,4,valid
7515,2031152163,*c1ccc(N2C(=O)c3ccc(Oc4ccc(C(C)(C)c5cccc(Oc6ccc7c(c6)C(=O)N(*)C7=O)c5)cc4)cc3C2=O)cc1,0.37049123,85,2,37,6,2,4,valid
2015,543597205,*Nc1ccc2c(N*)cccc2c1,0.33581452,20,2,10,0,2,0,valid
6823,1851184285,*OC(=O)CNC(=O)CNC(=O)CCCCCCCCC(=O)NCC(=O)NCC(=O)OC1COC2C(*)COC12,0.31199652,64,2,24,10,4,6,valid
4730,1275591013,*C(=O)c1ccc2c(c1)C(=O)N(c1ccc(-c3ccc(N4C(=O)c5ccc(*)cc5C4=O)c(C)c3)cc1C)C2=O,0.38954407,76,2,31,5,2,5,valid
5801,1574150308,*C(=O)OCCCCCCCCOC(=O)c1ccc(N2C(=O)c3ccc(*)cc3C2=O)cc1,0.34482566,53,2,24,6,1,4,valid
627,175226564,*CN1C(=O)c2ccc(C(c3ccc4c(c3)C(=O)N(Cc3nc5cc(-c6ccc7oc(*)nc7c6)ccc5o3)C4=O)(C(F)(F)F)C(F)(F)F)cc2C1=O,0.36313657,100,2,35,6,4,4,valid
3153,856310175,*CC(*)(CC(=O)OC)C(=O)OC12CC3CC(C)(CC(C)(C3)C1)C2,0.37886731,48,2,18,4,0,2,valid
971,265889946,*Oc1ccc(Oc2ccc(C(=O)c3ccc(Oc4ccc(Oc5cccc(*)n5)cc4)cc3)cc2)cc1,0.35865674,61,2,30,5,1,1,valid
1703,459396662,*C(=O)Nc1ccc(Cc2ccc(NC(=O)c3ccc(N4C(=O)c5ccc(*)cc5C4=O)cc3)cc2)cc1,0.35031608,66,2,29,4,3,4,valid
6774,1837451686,*Cc1ccc(C(C)(C)c2ccc(CN3C(=O)c4ccc(-c5ccc6c(c5)C(=O)N(*)C6=O)cc4C3=O)o2)o1,0.35635169,74,2,29,6,2,4,valid
5821,1579852324,*C(=O)Nc1cc(NC(=O)c2ccc3c(c2)C(=O)N(c2cc(-c4nc5ccccc5s4)cc(N4C(=O)c5ccc(*)cc5C4=O)c2)C3=O)cc(-c2nc3ccccc3[nH]2)c1,0.37929546,113,2,44,6,7,6,valid
235,68067670,*Nc1ccc(C2(c3ccc(NC(=O)c4ccc(-c5ccc(C(*)=O)c(C)c5)cc4C)cc3)c3ccccc3-c3ccccc32)cc1,0.38008517,81,2,41,2,2,2,valid
5071,1375874201,*NC1=CC=C(C2(c3ccc(N*)cc3)CCCCC2)CC=C1,0.35363223,38,2,19,0,2,3,valid
981,268434909,*Nc1cc(Br)c(N*)c(Br)c1,0.37180837,22,2,6,0,2,0,valid
5076,1376982255,*CCCCCCCCCCC(=O)Nc1ccc(Oc2cccc(NC(=O)CCCCCCCCCCN3C(=O)c4ccc(C(=O)c5ccc6c(c5)C(=O)N(*)C6=O)cc4C3=O)c2)cc1,0.34938578,104,2,51,8,4,7,valid
560,154178646,*Nc1ccc(-c2ccc([C@@H](C)c3ccc(N*)cc3)cc2)cc1,0.34963968,44,2,20,0,2,0,valid
1174,314797178,*CC(=O)Nc1ccc(Oc2ccc(-c3ccc(Oc4ccc(NC(=O)CN5C(=O)c6ccc(C(c7ccc8c(c7)C(=O)N(*)C8=O)(C(F)(F)F)C(F)(F)F)cc6C5=O)cc4)cc3)cc2)cc1,0.34625008,124,2,47,8,4,6,valid
4334,1166758072,*CCOc1ccc(C2(c3ccc(OCCO[Si](O*)(c4ccccc4)c4ccccc4)cc3)c3ccccc3-c3ccccc32)cc1,0.36865547,76,2,41,4,0,0,valid
3042,824512000,*Oc1ccc(CC(NC(=O)CCc2ccc(OC(=O)CCCCCCC(*)=O)cc2)C(=O)OCCCC)cc1,0.34911505,62,2,30,7,1,4,valid
6327,1715193116,*c1ccc(OC(=O)c2ccc(C(=O)Oc3ccc(C4(*)OC(=O)c5ccccc54)cc3)cc2)cc1,0.36083172,63,2,28,6,0,3,valid
7668,2068736249,*Oc1ccc(OC(=O)c2cc(OCCCCCCCCOCC3CCCN3c3ccc([N+](=O)[O-])cc3)c(C(*)=O)cc2OCCCCCCCCOCC2CCCN2c2ccc([N+](=O)[O-])cc2)cc1,0.35365329,116,2,52,12,4,4,valid
5721,1551966818,*CC(C)(C)COC(=O)NC(=O)c1cccc(C(=O)NC(=O)O*)c1,0.3112599,45,2,15,6,2,4,valid
1806,485094036,*OCCCCOc1ncnc(*)n1,0.35576743,18,2,7,2,3,0,valid
3134,848393860,*Nc1ccc([C@@]2(c3ccccc3)c3ccccc3-c3cc(N*)ccc32)cc1,0.37057896,50,2,25,0,2,0,valid
6791,1842577004,*C(=O)Nc1ccc(Oc2cccc(Oc3ccc(NC(=O)c4ccc5c(c4)C(=O)N(c4ccc(Oc6ccc(C7(c8ccc(Oc9ccc(N%10C(=O)c%11ccc(*)cc%11C%10=O)cc9)cc8)NC(=O)c8ccccc87)cc6)cc4)C5=O)cc3)c2)cc1,0.36654721,159,2,68,11,5,7,valid
3086,838510907,*Oc1ccc(C(=O)c2cccc(-c3cccc(C(=O)c4ccc(*)cc4)c3)c2)cc1,0.36823829,54,2,26,3,0,2,valid
7065,1910103715,*CCCCCCCCCNC(=O)CCCCCCCCCCCCCCCCCCC(=O)N*,0.3795304,41,2,29,2,2,2,valid
907,252836035,*c1ccc(Oc2cccc3c(NC(=O)c4ccc(C(c5ccc(C(=O)Nc6cccc7c(Oc8ccc(-c9nnc(*)o9)cc8)cccc67)cc5)(C(F)(F)F)C(F)(F)F)cc4)cccc23)cc1,0.37104971,119,2,51,5,4,2,valid
6621,1798703824,*C(=O)Nc1ccc(N2C(=O)CC(N3C(=O)c4ccc(*)cc4C3=O)C2=O)cc1,0.34885907,54,2,19,5,3,5,valid
4116,1112494306,*C=CC1CC(*)C2C(=O)N(CCCC)C(=O)C12,0.36281424,33,2,13,2,1,3,valid
2778,755483998,*CC(*)C(=O)OCC(C)(C)C,0.38252829,21,2,8,2,0,1,valid
5194,1409017581,*c1ccc(Oc2ccc(C(=O)c3cccc(C(=O)c4ccc(Oc5ccc(-c6nc(-c7ccccn7)nnc6*)cc5)cc4)c3)cc2)cc1,0.37990238,84,2,40,4,4,2,valid
3511,960557401,*c1ccc(Oc2ccc(Oc3ccc(N4C(=O)c5ccc(-c6cccc7c6C(=O)N(*)C7=O)cc5C4=O)cc3)cc2)cc1,0.37743403,77,2,34,6,2,4,valid
5514,1497450918,*Oc1ccc(OC(=O)c2ccc(Sc3cccc(OC(=O)c4ccc(C(=O)Oc5cccc(Sc6ccc(C(*)=O)cc6)c5)cc4)c3)cc2)cc1C,0.36045779,89,2,39,8,0,4,valid
6753,1831743927,*C(=O)Nc1ccc(Oc2ccc(Oc3ccc(NC(=O)c4ccc5c(c4)C(=O)N(c4ccc(S(=O)(=O)c6ccc(N7C(=O)c8ccc(*)cc8C7=O)cc6)cc4)C5=O)cc3)cc2)cc1,0.35854864,119,2,48,10,4,8,valid
229,66797597,*Nc1ccc(-c2ccc(C(=Cc3ccccc3)c3ccc(-c4ccc(N*)cc4)cc3)cc2)cc1,0.36634183,59,2,32,0,2,1,valid
7105,1919555775,*CC(CCCC)O*,0.40491209,11,2,6,1,0,0,valid
3506,958708723,*CC(*)(C)C(=O)OC1CCOCC1,0.34938977,23,2,9,3,0,1,valid
7002,1892682102,*C(=O)Nc1ccc(Oc2ccccc2-c2ccccc2Oc2ccc(NC(=O)c3ccc4c(c3)C(=O)N(c3ccc(Oc5ccc(-c6ccc(Oc7ccc(N8C(=O)c9ccc(*)cc9C8=O)cc7)cc6)cc5)cc3)C4=O)cc2)cc1,0.35822552,140,2,66,10,4,6,valid
2580,700020481,*Oc1ccc(C2(c3ccc(Oc4ccc(C(=O)c5ccc(C(=O)c6ccc(*)cc6)cc5)cc4)cc3)c3ccccc3-c3ccccc32)cc1,0.39550318,86,2,45,4,0,2,valid
4024,1087863432,*CCC[Sn](C)(C)CCCOC(=O)C(CCCCCCCCOc1ccc(-c2ccc(OCc3ccc(C#N)cc3)cc2)cc1)C(=O)O*,0.34246271,78,2,39,6,1,2,valid
6678,1811542913,*Oc1ccc(C(=O)c2ccc(C(=O)c3ccc(Oc4ccc(Cc5ccc(*)cc5)cc4)cc3)cc2)cc1,0.3772016,65,2,33,4,0,2,valid
5054,1370610727,*CCCC=C(*)c1ccccc1,0.38339331,18,2,11,0,0,1,valid
7288,1968301845,*CCN(*)CCOCCOC,0.35963141,14,2,7,2,1,0,valid
5098,1383381631,*Nc1ccc(C2(c3ccc(N*)cc3)c3ccccc3-c3cccc(N)c32)cc1,0.368668165,49,2,25,0,3,0,valid
6563,1785099361,*C(=O)c1ccc2c(c1)C(=O)N(c1cccc(Cc3ccc(C(=O)c4ccc(N5C(=O)c6ccc(*)cc6C5=O)cc4)cc3)c1)C2=O,0.36964109,87,2,37,6,2,6,valid
438,122170493,*c1ccc([Si](C)(C)[Si](*)(C)C)s1,0.46355784,31,2,8,0,0,0,valid
7642,2063616676,*C(=O)c1ccc2c(c1)C(=O)N(c1c(-c3ccccc3)cc(-c3ccc(-c4cc(-c5ccccc5)c(N5C(=O)c6ccc(*)cc6C5=O)c(-c5ccccc5)c4)cc3)cc1-c1ccccc1)C2=O,0.41151687,125,2,59,5,2,5,valid
6367,1724863374,*Oc1ccc(CNC(=O)c2cccc(C(=O)NCc3ccc(OC4COC5C(*)COC45)cc3)c2)cc1,0.33419104,62,2,28,6,2,2,valid
5963,1618366828,*O[Si](C)(C)O[Si](C)(C)O[Si](C)(C)c1ccc(Oc2ccc([Si](*)(C)C)cc2)cc1,0.41576369,66,2,20,4,0,0,valid
1717,463296831,*CCOc1ccc(S(=O)(=O)c2ccc(OCCOP(=O)(O*)Oc3ccc(OC)cc3)cc2)cc1,0.3433683,59,2,23,9,0,3,valid
3048,827086896,*c1ccc(Oc2ccc(-c3ccc(Oc4ccc(-c5ncc(*)o5)cc4C(F)(F)F)cc3)cc2)c(C(F)(F)F)c1,0.397283,73,2,29,3,1,0,valid
2310,629088925,*Nc1ccc(-c2ccc(NC(=O)c3cc(NC(=O)c4ccc(NC(=O)C(C)N5C(=O)c6ccccc6C5=O)cc4)cc(C(*)=O)c3)cc2)cc1,0.33619542,92,2,38,6,5,6,valid
5953,1614212128,*Oc1c(C)cc(-c2cc(C)c(Oc3ccc(C(=O)c4ccc5cc(C(=O)c6ccc(*)cc6)ccc5c4)cc3)c(C)c2)cc1C,0.40029643,81,2,40,4,0,2,valid
6196,1679285370,*c1cccc(OCCCCCCOc2cccc(N3C(=O)c4ccc(-c5ccc6c(c5)C(=O)N(*)C6=O)cc4C3=O)c2)c1,0.34918119,75,2,34,6,2,4,valid
2902,789469220,*CC(*)(C)C(=O)OCc1ccc(C=CC(=O)C2c3ccccc3C(=O)c3ccccc32)cc1,0.34725441,58,2,28,4,0,4,valid
72,18696710,*CC(O)COc1c(C)cc(S(=O)(=O)c2cc(C)c(O*)c(C)c2)cc1C,0.36816578,49,2,19,5,0,2,valid
4384,1180568340,*Oc1ccc(C2(c3ccc(OC(=O)c4cccc(C(*)=O)c4)cc3)CCCCC2)cc1,0.36356124,54,2,26,4,0,2,valid
2347,639748056,*C(=S)Nc1ccc(Oc2ccc(NC(=S)N3C(=O)c4ccc(C(c5ccc6c(c5)C(=O)N(*)C6=O)(C(F)(F)F)C(F)(F)F)cc4C3=O)cc2)cc1,0.3660155,100,2,33,5,4,6,valid
5983,1622533278,*Nc1cc2c3ccc(-c4ccc(C)c(C)c4)c(-c4ccc(C)c(C)c4)c3c(N*)cc2c2ccccc12,0.36400797,66,2,34,0,2,0,valid
549,152289390,*c1ccc(Oc2cccc(N3C(=O)c4ccc(Oc5ccc6ccc(Oc7ccc8c(c7)C(=O)N(*)C8=O)cc6c5)cc4C3=O)c2)cc1,0.36602103,85,2,38,7,2,4,valid
425,116907306,*CC(*)(C)C(=O)OCCOCCOc1ccc(N=Nc2ccc(C#N)cc2)cc1,0.356451,47,2,21,4,3,2,valid
7175,1938625249,*Nc1ccc(C[C@](C)(CC)c2ccc(N)c(C[C@@](C)(CC)c3ccc(N*)cc3)c2)cc1,0.3558969,62,2,28,0,3,0,valid
5497,1490863909,*CC(*)(C)C(=O)OCc1ccc2c(c1)c1ccccc1n2CCCCCCCCCCCCCCCC,0.37558543,53,2,33,2,1,1,valid
7207,1947586452,*CC(O)COc1ccc(C(C)(C)c2ccc(OCC(O)COc3cccc(NC(=O)CCCCCCCCCCC(=O)Nc4cccc(O*)c4)c3)cc2)cc1,0.34635755,87,2,45,8,2,2,valid
4507,1214234223,*CCCCCCCCCCOC(=O)CCCCCCCCCCCCCCCCC(=O)O*,0.38276992,40,2,28,4,0,2,valid
5528,1501114922,*c1cccc(N2C(=O)c3ccc(Oc4ccc(Oc5ccc6c(c5)C(=O)N(*)C6=O)cc4)cc3C2=O)c1,0.36338221,68,2,28,6,2,4,valid
1229,329116469,*c1nnc(-c2ccc(Oc3ccc(C=Cc4ccc(Oc5ccc(*)c6ccccc56)cc4)cc3)c3ccccc23)o1,0.38851942,69,2,36,3,2,1,valid
989,270193915,*C=CC(C*)COCC(=O)OCCCCCCCCOc1ccc(C=Cc2ccc([N+](=O)[O-])cc2)cc1,0.35801119,62,2,29,6,1,4,valid
380,105391120,*c1ccc(Oc2ccc(N3C(=O)c4ccc(Oc5ccccc5Oc5ccc6c(c5)C(=O)N(*)C6=O)cc4C3=O)cc2)cc1,0.36153949,77,2,34,7,2,4,valid
7788,2099648126,*Nc1c(C)cc(C2(c3cc(C)c(N*)c(C(C)C)c3)c3ccccc3-c3ccccc32)cc1C(C)C,0.40331022,64,2,33,0,2,0,valid
7297,1970056455,*Nc1cc2c3cccc(-c4ccc(C)cc4)c3c3c(-c4ccc(C)cc4)c(N*)c4ccccc4c3c2c2ccccc12,0.38290568,72,2,40,0,2,0,valid
1159,311037297,*CC(*)(C)C(=O)OCCC(F)(F)C(F)(F)C(F)(F)C(F)(F)C(F)(F)C(F)(F)C(F)(F)C(F)(F)F,0.32611657,74,2,14,2,0,1,valid
1461,392657358,*Oc1ccc(NC(=O)c2ccc(OC3COC4C(Oc5ccc(C(=O)Nc6ccc(OC7COC8C(*)COC78)cc6)cc5)COC34)cc2)cc1,0.34067358,86,2,38,10,2,2,valid
4286,1155913960,*CCN(C)C(=O)CCCCCCCCC(=O)N(*)C,0.35452131,30,2,14,2,2,2,valid
5142,1393359836,*C(=O)Nc1ccc(Sc2ccc(NC(=O)c3ccc4c(c3)C(=O)N(c3ccc(Oc5ccc(C6(c7ccc(Oc8ccc(N9C(=O)c%10ccc(*)cc%10C9=O)cc8)cc7)NC(=O)c7ccccc76)cc5)cc3)C4=O)cc2)cc1,0.36914488,144,2,61,9,5,7,valid
3775,1025306032,*CC1CCC(COC(=O)c2ccc(C(=O)O*)cc2)CC1,0.35960828,36,2,16,4,0,2,valid
5556,1508221747,*Oc1ccc(S(=O)(=O)c2ccc(Oc3ccc(NC(=O)c4cc(NC(=O)c5ccc(OC(C)=O)cc5)cc(C(=O)Nc5ccc(*)cc5)c4)cc3)cc2)cc1,0.34979882,100,2,41,9,3,6,valid
7267,1963304401,*CCCCCCCCCCOC(=O)CC/C=C/CCC(=O)O*,0.3650855,33,2,18,4,0,3,valid
1136,303343344,*C#Cc1cccc(C#C[SiH2]*)c1,0.47028838,24,2,10,0,0,0,valid
2259,613718745,*CC(*)C(=O)NCCC[N+](C)(C)CCCS(=O)(=O)O,0.4782126,38,2,11,4,2,3,valid
4855,1314048322,*Nc1cc2ccc3cc4ccccc4cc3c2c(C=C)c1N*,0.34315656,35,2,20,0,2,1,valid
185,55326263,*C(=O)Nc1cccc(S(=O)(=O)c2cccc(NC(=O)c3ccc4c(c3)C(=O)N(c3ccc(-c5sc(-c6ccc(N7C(=O)c8ccc(*)cc8C7=O)cc6)c(-c6ccccc6)c5-c5ccccc5)cc3)C4=O)c2)c1,0.38854979,138,2,58,8,4,8,valid
6432,1744997791,*O[Si](*)(CCC)CCC,0.42983858,17,2,6,1,0,0,valid
7798,2102406766,*CC(*)c1ccccc1Br,0.40945525,16,2,8,0,0,0,valid
7417,2004781454,*Nc1ccc(C2CCCCC2)c(C2CCCCC2)c1N*,0.37629915,32,2,18,0,2,0,valid
5424,1473690215,*Nc1ccc2c(c1)C(c1ccccc1N)(c1ccccc1N*)c1cc(N)ccc1-2,0.3674954,50,2,25,0,4,0,valid
1724,466297996,*C(=O)c1cc2c(cc1Cl)C(=O)N(c1cc(N3C(=O)c4cc(*)c(Cl)cc4C3=O)cc(C(F)(F)F)c1)C2=O,0.39475422,77,2,24,5,2,5,valid
4338,1169343082,*C(=O)c1ccc2c(c1)C(=O)N(c1ccc(Oc3ccc(C(C)(C)c4ccccc4)cc3)c(N3C(=O)c4ccc(*)cc4C3=O)c1)C2=O,0.38545958,89,2,38,6,2,5,valid
5927,1608321923,*CC(*)C1CCCC(C)C1,0.40571007,17,2,9,0,0,0,valid
2952,801852409,*Nc1ccc(C(c2ccc(N)c(CC)c2CC)c2ccc(N*)c(CC)c2CC)c(CC)c1CC,0.39358562,56,2,31,0,3,0,valid
3912,1059315394,*C(=O)c1ccc2nc(-c3ccccc3)c(-c3ccc(-c4nc5cc(*)ccc5nc4-c4ccccc4)cc3)nc2c1,0.4322761,71,2,35,1,4,1,valid
1165,313256095,*Nc1ccc(-c2c(-c3ccccc3)c(-c3ccccc3)c(N*)c(-c3ccc4ccccc4c3)c2-c2ccc3ccccc3c2)cc1,0.3722511,79,2,44,0,2,0,valid
3474,950647553,*CC(*)c1ccc(CCC)cc1,0.40348963,19,2,11,0,0,0,valid
4451,1200465842,*c1ccc(Oc2ccc(Oc3ccc(N4C(=O)c5ccc(-c6ccc7c(c6)C(=O)N(*)C7=O)cc5C4=O)cc3)c(C)c2)cc1,0.37233946,82,2,35,6,2,4,valid
1822,492439302,*Nc1ccc2c(c1)C(c1ccc(C)c(C)c1)(c1ccc(C)c(C)c1)c1cc(N*)ccc1-2,0.38916246,60,2,29,0,2,0,valid
2230,604265550,*CCOCCOC(=O)C1CCC(C(=O)O*)CC1,0.33324128,29,2,12,5,0,2,valid
3563,972695180,*CC(C)(CC)CS*,0.39492528,13,2,6,0,0,0,valid
7196,1944443208,*CCC1CC(*)C2C3CC(CC)C(C3)C12,0.3847423,28,2,14,0,0,0,valid
38,9284896,*O[Si](C)(C)CCCNC(=O)C(=O)NCCC[Si](*)(C)C,0.38708542,41,2,12,3,2,2,valid
4531,1220421998,*Oc1ccc(Sc2ccc(OC(=O)OC3C(C)(C)C(OC(*)=O)C3(C)C)cc2)cc1,0.36425728,55,2,21,6,0,2,valid
875,243622593,*Oc1ccc(CC(NC(=O)CCc2ccc(OC(=O)CCC(*)=O)cc2)C(=O)OC)cc1,0.33521285,55,2,23,7,1,4,valid
2889,785739315,*CC(*)(C)C(=O)OCC(C)(C)C1OCC(C)(C)CO1,0.36823735,37,2,14,4,0,1,valid
1696,457126750,*Oc1ccc(S(=O)(=O)N(C)CCCCN(C)S(=O)(=O)c2ccc(Oc3ccc(C(C)(C)c4ccc(*)cc4)cc3)cc2)cc1,0.35574227,81,2,33,6,2,4,valid
6220,1686536548,*C(=O)c1ccc2c(c1)C(=O)N(c1c(C)cc(C(c3cc(C)c(N4C(=O)c5ccc(*)cc5C4=O)c(C)c3)c3cccc4ccccc34)cc1C)C2=O,0.43039552,98,2,44,5,2,5,valid
7057,1907401274,*CC(*)C(=O)Nc1ccc(C(=O)C=Cc2ccc(Br)cc2)cc1,0.36262044,42,2,18,2,1,3,valid
1561,419242334,*C(=O)OCCOC(=O)c1ccc(C(=O)OCCOC(=O)N2CCN(*)CC2)cc1,0.32328072,50,2,18,8,2,4,valid
2951,801689933,*CCCCCCOC(=O)CCCCCCCCC(=O)O*,0.36054003,28,2,16,4,0,2,valid
3192,867336767,*Nc1ccccc1C(C)(C)c1ccc(-c2ccc(C(C)(C)c3ccccc3N*)cc2)cc1,0.35983878,55,2,30,0,2,0,valid
2325,634587841,*CCCCCCOc1ccc(C(=O)N(C(=O)c2ccc(O*)cc2)c2ccccc2)cc1,0.36864893,51,2,26,4,1,2,valid
277,79940149,*NCCCCCCNc1nc(*)nc(-c2ccccc2)n1,0.39025113,31,2,15,0,5,0,valid
2346,639745269,*Nc1ccc(-c2ccc(N*)cc2C)c(C)c1,0.357459635,29,2,14,0,2,0,valid
2675,727964996,*Oc1ccc(C(=O)c2ccc(Oc3ccc(C(=O)c4c(C(=O)c5ccc(*)cc5)c(-c5ccccc5)c(-c5ccc6ccccc6c5)c(-c5ccc6ccccc6c5)c4-c4ccccc4)cc3)cc2)cc1,0.39702899,123,2,65,5,0,3,valid
672,187968183,*CCCN(*)C(=O)C(F)(F)C(F)(F)C(F)(F)C(F)(F)C(F)(F)C(F)(F)C(F)(F)F,0.3285942,63,2,11,1,1,1,valid
2756,749826349,*c1ccc(NC(=O)Nc2ccc(NC(=O)Nc3ccc(-c4nc(-c5ccc([N+](=O)[O-])cc5)[nH]c4*)cc3)cc2)cc1,0.35066768,82,2,29,4,7,3,valid
6120,1659919472,*CC(=O)Nc1ccc(Oc2cccc(NC(=O)CN3C(=O)c4ccc(C(=O)c5ccc6c(c5)C(=O)N(*)C6=O)cc4C3=O)c2)cc1,0.33266973,86,2,33,8,4,7,valid
7146,1930443303,*CCC=C(*)C,0.40009241,10,2,5,0,0,1,valid
3263,890297179,*c1cc(CCCCCCO[Si](C)(C)C)c(*)s1,0.42932907,31,2,13,1,0,0,valid
6981,1888278720,*CCC(=O)Nc1ccc(Oc2ccc(Oc3ccc(NC(=O)CCN4C(=O)c5ccc(C(=O)c6ccc7c(c6)C(=O)N(*)C7=O)cc5C4=O)cc3)cc2)cc1,0.33989797,99,2,41,9,4,7,valid
724,202457389,*C(=O)Nc1ccc(-c2ccc(NC(=O)c3ccc4c(c3)C(=O)N(c3c(C)cc(C)c(N5C(=O)c6ccc(*)cc6C5=O)c3C)C4=O)cc2C)c(C)c1,0.3862015,100,2,41,6,4,6,valid
4390,1182258858,*NN[C@@H](N*)[C@H](O)C(N)N,0.29561057,26,2,3,1,5,0,valid
4018,1086648178,*C(=O)c1ccc2c(c1)C(=O)N(c1cccc(C(=O)N(C)c3ccc(N4C(=O)c5ccc(*)cc5C4=O)cc3)c1)C2=O,0.36412971,80,2,31,6,3,6,valid
3621,983336786,*Nc1nc(CCC2OCC3(COC(CCc4nc(N)nc(N)n4)OC3)CO2)nc(N*)n1,0.32807349,53,2,17,4,10,0,valid
1757,472812489,*OC1C(COC(C)=O)OC(*)C(OC(C)=O)C1OC(C)=O,0.33034582,39,2,12,8,0,3,valid
7914,2131450394,*Nc1ccccc1-c1ccc2cc3ccccc3cc2c1-c1ccccc1N*,0.35945408,42,2,26,0,2,0,valid
1450,390786079,*C1C(*)C2CC1C(C(=O)OCCC13CC4CC(CC(C4)C1)C3)C2C(=O)OCCC12CC3CC(CC(C3)C1)C2,0.37541018,73,2,33,4,0,2,valid
2170,589424672,*Nc1ccc(-c2ccc(N*)c(C(=C)c3ccccc3N)c2C(=C)c2ccccc2N)cc1,0.36948301,55,2,28,0,4,2,valid
5259,1427163348,*C1C(=O)N(c2cc(Br)c(O[Si](C)(C)C(C)(C)C)c(Br)c2)C(=O)C1*,0.46658823,56,2,16,3,1,2,valid
3396,930553513,*Nc1cccc(-c2ccc3c(c2)C(CCCCCC)(CCCCCC)c2cc(-c4cccc(N*)c4)ccc2-3)c1,0.36800418,66,2,37,0,2,0,valid
3089,839183601,*OC(C)CC(*)=O,0.33260696,13,2,4,2,0,1,valid
215,62269402,*Oc1ccc(S(=O)(=O)c2ccc(Oc3c(C)cc(Cc4cc(C)c(*)c(C)c4)cc3C)cc2)cc1,0.3923948,64,2,29,4,0,2,valid
2071,556552879,*OC1CCC(OC(=O)OCCCCCCOC(*)=O)CC1,0.343459,32,2,14,6,0,2,valid
1112,297502549,*NCC1CCCC(CN*)C1,0.33163789,16,2,8,0,2,0,valid
3104,842024022,*Oc1ccc(OC2(F)C(*)(F)C(F)(F)C2(F)F)cc1,0.34021379,38,2,10,2,0,0,valid
2331,636356107,*C(F)(F)C(*)(F)C(F)(F)C(F)(F)C(F)(F)C(F)(F)C(F)(F)F,0.37519669,51,2,7,0,0,0,valid
2891,786832504,*Oc1ccc(Sc2ccc(Oc3ccc4c(=O)n5c6cc(Oc7ccc8c(c7)nc7c9ccc(*)c%10cccc(c(=O)n87)c%109)ccc6nc5c5cccc3c45)cc2)cc1,0.37773112,106,2,47,5,4,2,valid
1237,331019668,*CCCOC(=O)CCCCC(=O)O*,0.33351251,21,2,9,4,0,2,valid
529,147633092,*OC(C)COC(=O)c1ccccc1C(*)=O,0.33635489,27,2,11,4,0,2,valid
3280,896516520,*Oc1ccc(NC(=O)c2cc(-c3ccc(C(=O)OCC)c(C(=O)Nc4ccc(*)cc4)c3)ccc2C(=O)OCC)cc1,0.34732657,74,2,32,7,2,4,valid
5477,1484621104,*Oc1cccc(Oc2cccc(NC(=O)c3cccc(Oc4cccc(Oc5cccc(C(=O)Nc6cccc(*)c6)c5)c4)c3)c2)c1,0.35258693,78,2,38,6,2,2,valid
7249,1958473963,*Oc1cccc2ccc(Oc3ccc(NC(=O)c4ccc(Oc5ccc(C(=O)Nc6ccc(*)cc6)cc5)cc4)cc3)cc12,0.35386288,73,2,36,5,2,2,valid
4644,1251856230,*c1ccc2c(c1)C(=O)N(c1ccc(Oc3ccc(N4C(=O)c5ccc(C(F)(F)C(F)(F)C(F)(F)C(*)(F)F)cc5C4=O)cc3)cc1)C2=O,0.35606637,95,2,32,5,2,4,valid
3824,1037483608,*C=CC1CC(*)C(C#N)([Si](C)(C)O[Si](C)(C)O[Si](C)(C)C)C1,0.44205828,54,2,15,2,1,1,valid
5147,1394885564,*c1ccc(-c2ccc(C(*)(C(F)(F)F)C(F)(F)F)cc2)cc1,0.38907083,44,2,15,0,0,0,valid
1350,366601299,*Oc1cc(CC)cc(OC(=O)c2cccc(C(*)=O)c2)c1,0.35709462,38,2,16,4,0,2,valid
7274,1964948297,*C(=O)c1ccc2c(c1)C(=O)N(c1ccc(Oc3ccc(C(c4ccc(Oc5ccc(N6C(=O)c7ccc(*)cc7C6=O)cc5)cc4)(C(F)(F)F)C(F)(F)F)cc3)cc1)C2=O,0.37124661,114,2,44,7,2,5,valid
5716,1550853194,*c1ccc(Oc2cccc(NC(=O)c3cc(C(=O)Nc4cccc(Oc5ccc(-c6nnc(*)o6)cc5)c4)cc(N4C(=O)c5ccccc5C4=O)c3)c2)cc1,0.35911141,97,2,42,7,5,4,valid
6022,1633678871,*Oc1ccc(-c2ccc(OC(=O)c3cc(OCCCc4ccccc4)c(C(*)=O)cc3OCCCc3ccccc3)cc2)cc1,0.3524536,71,2,38,6,0,2,valid
2754,749548087,*C(=O)Nc1cccc(P(=O)(c2ccccc2)c2cccc(NC(=O)c3ccc4c(c3)C(=O)N(c3cccc(P(=O)(c5ccccc5)c5cccc(N6C(=O)c7ccc(*)cc7C6=O)c5)c3)C4=O)c2)c1,0.36969182,128,2,54,8,4,8,valid
7883,2122013892,*CC(OC(=O)C(CC(C)C)NC(=O)OCc1ccccc1)C(COC(=O)O*)OC(=O)C(CC(C)C)NC(=O)OCc1ccccc1,0.34504989,79,2,33,11,2,5,valid
6360,1722899407,*c1ccc2c(c1)C(=O)N(c1cc(C(=O)Oc3ccc(C(c4ccc(OC(=O)c5ccc(C)c(N6C(=O)c7ccc(C(*)(C(F)(F)F)C(F)(F)F)cc7C6=O)c5)cc4)(C(F)(F)F)C(F)(F)F)cc3)ccc1C)C2=O,0.36997143,144,2,50,8,2,6,valid
2706,736152348,*Nc1ccc2ccccc2c1Cc1c(N*)ccc2ccccc12,0.34468979,35,2,21,0,2,0,valid
869,242836460,*CC(*)C(=O)OCCOCC(F)(F)F,0.33534513,24,2,7,3,0,1,valid
1934,520514597,*c1ccc2c(c1)C(=O)N(c1ccc(Cc3ccc(N4C(=O)c5ccc(C(*)(C(F)(F)F)C(F)(F)F)cc5C4=O)cc3)cc1)C2=O,0.39304879,88,2,32,4,2,4,valid
146,44130721,*Oc1ccc(OC(=O)c2cccc(Sc3ccc(OC(=O)c4ccc(C(=O)Oc5ccc(Sc6cccc(C(*)=O)c6)cc5)cc4)cc3)c2)cc1C,0.35931108,89,2,39,8,0,4,valid
3296,902689817,*Oc1ccc(C(=O)c2ccc(Oc3ccc(C(c4ccc(*)cc4)(C(F)(F)F)C(F)(F)F)cc3)cc2)c2ccccc12,0.36856069,76,2,32,3,0,1,valid
3586,977560848,*Nc1ccc(/C(=C(\c2ccccc2)c2ccc(N*)cc2)c2ccccc2)cc1,0.374407055,49,2,26,0,2,1,valid
3893,1056241646,*C(=O)c1ccc2c(c1)C(=O)N(c1ccc(Oc3cccc(Oc4ccc(N5C(=O)c6ccc(*)cc6C5=O)cc4)c3C#N)cc1)C2=O,0.37263888,86,2,36,7,3,5,valid
7053,1906060970,*Nc1c(-c2ccccc2)c(-c2ccccc2)c2ccccc2c1N*,0.36229869,40,2,22,0,2,0,valid
6324,1713436070,*C(=C(c1ccc(*)cc1)c1ccc(Oc2ccccc2)cc1)c1ccc(Oc2ccccc2)cc1,0.39509432,57,2,32,2,0,1,valid
4998,1355567925,*Oc1ccc(NC(=O)c2ccc(Oc3ccc(C(C)(C)c4ccc(C(C)(C)c5ccc(Oc6ccc(C(=O)Nc7ccc(Oc8ccc(-c9ccc(*)cc9)cc8)cc7)cc6)cc5)cc4)cc3)cc2)cc1,0.36733109,123,2,62,6,2,2,valid
6046,1639769736,*CCCCCCCCCCNC(=O)CCCCCCCCCCC(=O)N*,0.3710755,34,2,22,2,2,2,valid
521,144472572,*Nc1ccc(-c2c(-c3ccccc3)c(-c3ccccc3)c(N*)c(-c3cccc(C)c3)c2-c2cccc(C)c2)cc1,0.3833667,73,2,38,0,2,0,valid
7091,1916979239,*c1ccc(OCCN(C)c2ccc(C=CC3=CC(=C4C(=O)c5ccccc5C4=C(C#N)C#N)C=C(C=Cc4ccc(N(C)CCOc5ccc(-c6nc7ccc(Oc8ccc9nc(*)c(-c%10ccccc%10)nc9c8)cc7nc6-c6ccccc6)cc5)cc4)O3)cc2)cc1,0.39171687,162,2,79,5,8,7,valid
6495,1764654755,*CC(c1ccccc1)C1C(=O)N(c2ccc(C(C)(C)C)cc2)C(=O)C1*,0.40001561,49,2,22,2,1,2,valid
3497,954903716,*C(=O)OCCCCCCCCCCCCOC(=O)c1ccc(NC(=O)c2ccc(N3C(=O)c4ccc(*)cc4C3=O)cc2)cc1,0.3516794,73,2,35,7,2,5,valid
4256,1150090312,*C(=O)Nc1ccc(NC(=O)c2ccc3c(c2)C(=O)N(c2cc(-c4nc5ccccc5s4)cc(N4C(=O)c5ccc(*)cc5C4=O)c2)C3=O)cc1,0.37132377,94,2,37,6,5,6,valid
5887,1596743017,*C=C*,0.42573737,5,2,2,0,0,1,valid
5928,1608343989,*CC(*)C(=O)OCCCCSC,0.39787287,18,2,8,2,0,1,valid
6116,1658493417,*Nc1ccc(C2=C3CC=CC=C3[C@H](c3ccc(N*)cc3)c3ccccc32)cc1,0.36999408,53,2,26,0,2,3,valid
967,264552260,*Nc1cc(N*)c2cc1N(C)c1cc(C(=O)OC)cc(c1)N(C)c1cc(c(N)cc1N)N(C)c1cc(C(=O)OC)cc(c1)N2C,0.37551441,82,2,32,4,8,2,valid
